# Blender 4.5.0
# www.blender.org
mtllib ball.mtl
o Sphere
v 0.000000 0.998103 -0.061561
v 0.000000 0.992420 -0.122888
v 0.000000 0.816197 -0.577774
v 0.000000 0.779081 -0.626924
v 0.000000 0.650618 -0.759405
v 0.000000 0.445738 -0.895163
v 0.000000 0.273663 -0.961826
v 0.000000 0.030795 -0.999526
v 0.000000 -0.030795 -0.999526
v 0.000000 -0.153392 -0.988165
v 0.000000 -0.273663 -0.961826
v 0.000000 -0.650618 -0.759405
v 0.000000 -0.779081 -0.626924
v 0.000000 -0.816197 -0.577774
v 0.000000 -0.982973 -0.183750
v 0.000000 -0.992420 -0.122888
v 0.000000 -0.998103 -0.061561
v 0.007716 0.998103 -0.061075
v 0.015402 0.992420 -0.121919
v 0.023030 0.982973 -0.182301
v 0.030570 0.969797 -0.241990
v 0.037995 0.952942 -0.300762
v 0.045276 0.932472 -0.358393
v 0.052384 0.908465 -0.414665
v 0.059294 0.881012 -0.469363
v 0.065979 0.850217 -0.522281
v 0.072414 0.816197 -0.573218
v 0.078574 0.779081 -0.621980
v 0.084436 0.739009 -0.668383
v 0.089978 0.696134 -0.712251
v 0.095179 0.650618 -0.753417
v 0.100018 0.602635 -0.791725
v 0.104478 0.552365 -0.827029
v 0.108542 0.500000 -0.859197
v 0.112194 0.445738 -0.888105
v 0.115420 0.389786 -0.913644
v 0.118209 0.332355 -0.935717
v 0.120549 0.273663 -0.954241
v 0.122432 0.213933 -0.969146
v 0.123850 0.153392 -0.980374
v 0.124799 0.092268 -0.987882
v 0.125274 0.030795 -0.991644
v 0.125274 -0.030795 -0.991644
v 0.124799 -0.092268 -0.987882
v 0.123850 -0.153392 -0.980374
v 0.122432 -0.213933 -0.969146
v 0.120549 -0.273663 -0.954241
v 0.118209 -0.332355 -0.935717
v 0.115420 -0.389786 -0.913644
v 0.112194 -0.445738 -0.888105
v 0.108542 -0.500000 -0.859197
v 0.104478 -0.552365 -0.827029
v 0.100018 -0.602635 -0.791725
v 0.095179 -0.650618 -0.753417
v 0.089978 -0.696134 -0.712251
v 0.084436 -0.739009 -0.668383
v 0.078574 -0.779081 -0.621980
v 0.072414 -0.816197 -0.573218
v 0.065979 -0.850217 -0.522281
v 0.059294 -0.881012 -0.469363
v 0.052384 -0.908465 -0.414665
v 0.045276 -0.932472 -0.358393
v 0.037995 -0.952942 -0.300762
v 0.030570 -0.969797 -0.241990
v 0.023030 -0.982973 -0.182301
v 0.015402 -0.992420 -0.121919
v 0.007716 -0.998103 -0.061075
v 0.015310 0.998103 -0.059627
v 0.030561 0.992420 -0.119028
v 0.045697 0.982973 -0.177977
v 0.060659 0.969797 -0.236251
v 0.075391 0.952942 -0.293629
v 0.089837 0.932472 -0.349893
v 0.103943 0.908465 -0.404829
v 0.117654 0.881012 -0.458230
v 0.130918 0.850217 -0.509893
v 0.143687 0.816197 -0.559622
v 0.155910 0.779081 -0.607228
v 0.167541 0.739009 -0.652530
v 0.178537 0.696134 -0.695357
v 0.188856 0.650618 -0.735547
v 0.198459 0.602635 -0.772946
v 0.207308 0.552365 -0.807413
v 0.215372 0.500000 -0.838818
v 0.222618 0.445738 -0.867040
v 0.229020 0.389786 -0.891974
v 0.234553 0.332355 -0.913524
v 0.239196 0.273663 -0.931608
v 0.242932 0.213933 -0.946159
v 0.245747 0.153392 -0.957120
v 0.247629 0.092268 -0.964451
v 0.248572 0.030795 -0.968124
v 0.248572 -0.030795 -0.968124
v 0.247629 -0.092268 -0.964451
v 0.245747 -0.153392 -0.957120
v 0.242932 -0.213933 -0.946159
v 0.239196 -0.273663 -0.931608
v 0.234553 -0.332355 -0.913524
v 0.229020 -0.389786 -0.891974
v 0.222618 -0.445738 -0.867040
v 0.215372 -0.500000 -0.838818
v 0.207308 -0.552365 -0.807413
v 0.198459 -0.602635 -0.772946
v 0.188856 -0.650618 -0.735547
v 0.178537 -0.696134 -0.695357
v 0.167541 -0.739009 -0.652530
v 0.155910 -0.779081 -0.607228
v 0.143687 -0.816197 -0.559622
v 0.130918 -0.850217 -0.509893
v 0.117654 -0.881012 -0.458230
v 0.103943 -0.908465 -0.404829
v 0.089837 -0.932472 -0.349893
v 0.075391 -0.952942 -0.293629
v 0.060659 -0.969797 -0.236251
v 0.045697 -0.982973 -0.177977
v 0.030561 -0.992420 -0.119028
v 0.015310 -0.998103 -0.059627
v 0.022662 0.998103 -0.057238
v 0.045238 0.992420 -0.114259
v 0.067643 0.982973 -0.170846
v 0.089791 0.969797 -0.226785
v 0.111598 0.952942 -0.281864
v 0.132982 0.932472 -0.335874
v 0.153861 0.908465 -0.388610
v 0.174157 0.881012 -0.439871
v 0.193793 0.850217 -0.489464
v 0.212693 0.816197 -0.537201
v 0.230786 0.779081 -0.582899
v 0.248004 0.739009 -0.626386
v 0.264281 0.696134 -0.667498
v 0.279556 0.650618 -0.706077
v 0.293770 0.602635 -0.741978
v 0.306870 0.552365 -0.775064
v 0.318805 0.500000 -0.805210
v 0.329532 0.445738 -0.832302
v 0.339008 0.389786 -0.856236
v 0.347198 0.332355 -0.876923
v 0.354072 0.273663 -0.894283
v 0.359602 0.213933 -0.908251
v 0.363768 0.153392 -0.918773
v 0.366554 0.092268 -0.925810
v 0.367950 0.030795 -0.929336
v 0.367950 -0.030795 -0.929336
v 0.366554 -0.092268 -0.925810
v 0.363768 -0.153392 -0.918773
v 0.359602 -0.213933 -0.908251
v 0.354072 -0.273663 -0.894283
v 0.347198 -0.332355 -0.876923
v 0.339008 -0.389786 -0.856236
v 0.329532 -0.445738 -0.832302
v 0.318805 -0.500000 -0.805210
v 0.306870 -0.552365 -0.775064
v 0.293770 -0.602635 -0.741978
v 0.279556 -0.650618 -0.706077
v 0.264281 -0.696134 -0.667498
v 0.248004 -0.739009 -0.626386
v 0.230786 -0.779081 -0.582899
v 0.212693 -0.816197 -0.537201
v 0.193793 -0.850217 -0.489464
v 0.174157 -0.881012 -0.439871
v 0.153861 -0.908465 -0.388610
v 0.132982 -0.932472 -0.335874
v 0.111598 -0.952942 -0.281864
v 0.089791 -0.969797 -0.226785
v 0.067643 -0.982973 -0.170846
v 0.045238 -0.992420 -0.114259
v 0.022662 -0.998103 -0.057238
v 0.029657 0.998103 -0.053946
v 0.059202 0.992420 -0.107688
v 0.088522 0.982973 -0.161021
v 0.117506 0.969797 -0.213743
v 0.146045 0.952942 -0.265655
v 0.174030 0.932472 -0.316558
v 0.201354 0.908465 -0.366262
v 0.227915 0.881012 -0.414575
v 0.253611 0.850217 -0.461316
v 0.278345 0.816197 -0.506307
v 0.302023 0.779081 -0.549378
v 0.324555 0.739009 -0.590364
v 0.345857 0.696134 -0.629111
v 0.365846 0.650618 -0.665472
v 0.384448 0.602635 -0.699308
v 0.401591 0.552365 -0.730491
v 0.417211 0.500000 -0.758904
v 0.431248 0.445738 -0.784438
v 0.443650 0.389786 -0.806996
v 0.454368 0.332355 -0.826493
v 0.463363 0.273663 -0.842854
v 0.470600 0.213933 -0.856019
v 0.476052 0.153392 -0.865936
v 0.479699 0.092268 -0.872569
v 0.481525 0.030795 -0.875891
v 0.481525 -0.030795 -0.875891
v 0.479699 -0.092268 -0.872569
v 0.476052 -0.153392 -0.865936
v 0.470600 -0.213933 -0.856019
v 0.463363 -0.273663 -0.842854
v 0.454368 -0.332355 -0.826493
v 0.443650 -0.389786 -0.806996
v 0.431248 -0.445738 -0.784438
v 0.417211 -0.500000 -0.758904
v 0.401591 -0.552365 -0.730491
v 0.384448 -0.602635 -0.699308
v 0.365846 -0.650618 -0.665472
v 0.345857 -0.696134 -0.629111
v 0.324555 -0.739009 -0.590364
v 0.302023 -0.779081 -0.549378
v 0.278345 -0.816197 -0.506307
v 0.253611 -0.850217 -0.461316
v 0.227915 -0.881012 -0.414575
v 0.201354 -0.908465 -0.366262
v 0.174030 -0.932472 -0.316558
v 0.146045 -0.952942 -0.265655
v 0.117506 -0.969797 -0.213743
v 0.088522 -0.982973 -0.161021
v 0.059202 -0.992420 -0.107688
v 0.029657 -0.998103 -0.053946
v 0.036185 0.998103 -0.049804
v 0.072232 0.992420 -0.099419
v 0.108005 0.982973 -0.148657
v 0.143369 0.969797 -0.197330
v 0.178189 0.952942 -0.245256
v 0.212333 0.932472 -0.292251
v 0.245671 0.908465 -0.338137
v 0.278077 0.881012 -0.382741
v 0.309429 0.850217 -0.425893
v 0.339607 0.816197 -0.467429
v 0.368497 0.779081 -0.507192
v 0.395988 0.739009 -0.545031
v 0.421978 0.696134 -0.580803
v 0.446367 0.650618 -0.614372
v 0.469063 0.602635 -0.645610
v 0.489979 0.552365 -0.674398
v 0.509037 0.500000 -0.700629
v 0.526164 0.445738 -0.724202
v 0.541295 0.389786 -0.745028
v 0.554372 0.332355 -0.763028
v 0.565347 0.273663 -0.778133
v 0.574177 0.213933 -0.790287
v 0.580829 0.153392 -0.799443
v 0.585278 0.092268 -0.805566
v 0.587507 0.030795 -0.808633
v 0.587507 -0.030795 -0.808633
v 0.585278 -0.092268 -0.805566
v 0.580829 -0.153392 -0.799443
v 0.574177 -0.213933 -0.790287
v 0.565347 -0.273663 -0.778133
v 0.554372 -0.332355 -0.763028
v 0.541295 -0.389786 -0.745028
v 0.526164 -0.445738 -0.724202
v 0.509037 -0.500000 -0.700629
v 0.489979 -0.552365 -0.674398
v 0.469063 -0.602635 -0.645610
v 0.446367 -0.650618 -0.614372
v 0.421978 -0.696134 -0.580803
v 0.395988 -0.739009 -0.545031
v 0.368497 -0.779081 -0.507192
v 0.339607 -0.816197 -0.467429
v 0.309429 -0.850217 -0.425893
v 0.278077 -0.881012 -0.382741
v 0.245671 -0.908465 -0.338137
v 0.212333 -0.932472 -0.292251
v 0.178189 -0.952942 -0.245256
v 0.143369 -0.969797 -0.197330
v 0.108005 -0.982973 -0.148657
v 0.072232 -0.992420 -0.099419
v 0.036185 -0.998103 -0.049804
v 0.042141 0.998103 -0.044876
v 0.084123 0.992420 -0.089582
v 0.125785 0.982973 -0.133948
v 0.166970 0.969797 -0.177805
v 0.207522 0.952942 -0.220989
v 0.247287 0.932472 -0.263334
v 0.286114 0.908465 -0.304680
v 0.323855 0.881012 -0.344870
v 0.360368 0.850217 -0.383753
v 0.395513 0.816197 -0.421179
v 0.429159 0.779081 -0.457008
v 0.461176 0.739009 -0.491103
v 0.491445 0.696134 -0.523335
v 0.519848 0.650618 -0.553582
v 0.546280 0.602635 -0.581730
v 0.570640 0.552365 -0.607670
v 0.592835 0.500000 -0.631305
v 0.612782 0.445738 -0.652546
v 0.630403 0.389786 -0.671311
v 0.645634 0.332355 -0.687530
v 0.658415 0.273663 -0.701141
v 0.668699 0.213933 -0.712092
v 0.676446 0.153392 -0.720342
v 0.681627 0.092268 -0.725859
v 0.684223 0.030795 -0.728623
v 0.684223 -0.030795 -0.728623
v 0.681627 -0.092268 -0.725859
v 0.676446 -0.153392 -0.720342
v 0.668699 -0.213933 -0.712092
v 0.658415 -0.273663 -0.701141
v 0.645634 -0.332355 -0.687530
v 0.630403 -0.389786 -0.671311
v 0.612782 -0.445738 -0.652546
v 0.592835 -0.500000 -0.631305
v 0.570640 -0.552365 -0.607670
v 0.546280 -0.602635 -0.581730
v 0.519848 -0.650618 -0.553582
v 0.491445 -0.696134 -0.523335
v 0.461176 -0.739009 -0.491103
v 0.429159 -0.779081 -0.457008
v 0.395513 -0.816197 -0.421179
v 0.360368 -0.850217 -0.383753
v 0.323855 -0.881012 -0.344870
v 0.286114 -0.908465 -0.304680
v 0.247287 -0.932472 -0.263334
v 0.207522 -0.952942 -0.220989
v 0.166970 -0.969797 -0.177805
v 0.125785 -0.982973 -0.133948
v 0.084123 -0.992420 -0.089582
v 0.042141 -0.998103 -0.044876
v 0.047433 0.998103 -0.039240
v 0.094687 0.992420 -0.078332
v 0.141581 0.982973 -0.117126
v 0.187939 0.969797 -0.155476
v 0.233583 0.952942 -0.193237
v 0.278342 0.932472 -0.230264
v 0.322044 0.908465 -0.266418
v 0.364525 0.881012 -0.301561
v 0.405623 0.850217 -0.335561
v 0.445182 0.816197 -0.368287
v 0.483053 0.779081 -0.399616
v 0.519091 0.739009 -0.429430
v 0.553161 0.696134 -0.457614
v 0.585132 0.650618 -0.484063
v 0.614883 0.602635 -0.508675
v 0.642302 0.552365 -0.531358
v 0.667284 0.500000 -0.552025
v 0.689735 0.445738 -0.570599
v 0.709570 0.389786 -0.587007
v 0.726713 0.332355 -0.601189
v 0.741100 0.273663 -0.613091
v 0.752675 0.213933 -0.622667
v 0.761395 0.153392 -0.629880
v 0.767227 0.092268 -0.634705
v 0.770148 0.030795 -0.637122
v 0.770148 -0.030795 -0.637122
v 0.767227 -0.092268 -0.634705
v 0.761395 -0.153392 -0.629880
v 0.752675 -0.213933 -0.622667
v 0.741100 -0.273663 -0.613091
v 0.726713 -0.332355 -0.601189
v 0.709570 -0.389786 -0.587007
v 0.689735 -0.445738 -0.570599
v 0.667284 -0.500000 -0.552025
v 0.642302 -0.552365 -0.531358
v 0.614883 -0.602635 -0.508675
v 0.585132 -0.650618 -0.484063
v 0.553161 -0.696134 -0.457614
v 0.519091 -0.739009 -0.429430
v 0.483053 -0.779081 -0.399616
v 0.445182 -0.816197 -0.368287
v 0.405623 -0.850217 -0.335561
v 0.364525 -0.881012 -0.301561
v 0.322044 -0.908465 -0.266418
v 0.278342 -0.932472 -0.230264
v 0.233583 -0.952942 -0.193237
v 0.187939 -0.969797 -0.155476
v 0.141581 -0.982973 -0.117126
v 0.094687 -0.992420 -0.078332
v 0.047433 -0.998103 -0.039240
v 0.051978 0.998103 -0.032986
v 0.103758 0.992420 -0.065847
v 0.155145 0.982973 -0.098458
v 0.205943 0.969797 -0.130696
v 0.255960 0.952942 -0.162437
v 0.305006 0.932472 -0.193563
v 0.352896 0.908465 -0.223954
v 0.399446 0.881012 -0.253496
v 0.444481 0.850217 -0.282077
v 0.487831 0.816197 -0.309587
v 0.529329 0.779081 -0.335923
v 0.568820 0.739009 -0.360984
v 0.606153 0.696134 -0.384677
v 0.641187 0.650618 -0.406910
v 0.673788 0.602635 -0.427599
v 0.703834 0.552365 -0.446667
v 0.731210 0.500000 -0.464040
v 0.755812 0.445738 -0.479653
v 0.777546 0.389786 -0.493446
v 0.796332 0.332355 -0.505368
v 0.812097 0.273663 -0.515372
v 0.824780 0.213933 -0.523422
v 0.834336 0.153392 -0.529486
v 0.840726 0.092268 -0.533541
v 0.843928 0.030795 -0.535573
v 0.843928 -0.030795 -0.535573
v 0.840726 -0.092268 -0.533541
v 0.834336 -0.153392 -0.529486
v 0.824780 -0.213933 -0.523422
v 0.812097 -0.273663 -0.515372
v 0.796332 -0.332355 -0.505368
v 0.777546 -0.389786 -0.493446
v 0.755812 -0.445738 -0.479653
v 0.731210 -0.500000 -0.464040
v 0.703834 -0.552365 -0.446667
v 0.673788 -0.602635 -0.427599
v 0.641187 -0.650618 -0.406910
v 0.606153 -0.696134 -0.384677
v 0.568820 -0.739009 -0.360984
v 0.529329 -0.779081 -0.335923
v 0.487831 -0.816197 -0.309587
v 0.444481 -0.850217 -0.282077
v 0.399446 -0.881012 -0.253496
v 0.352896 -0.908465 -0.223954
v 0.305006 -0.932472 -0.193563
v 0.255960 -0.952942 -0.162437
v 0.205943 -0.969797 -0.130696
v 0.155145 -0.982973 -0.098458
v 0.103758 -0.992420 -0.065847
v 0.051978 -0.998103 -0.032986
v 0.055702 0.998103 -0.026211
v 0.111193 0.992420 -0.052323
v 0.166262 0.982973 -0.078237
v 0.220700 0.969797 -0.103853
v 0.274301 0.952942 -0.129076
v 0.326861 0.932472 -0.153809
v 0.378182 0.908465 -0.177959
v 0.428068 0.881012 -0.201433
v 0.476330 0.850217 -0.224144
v 0.522785 0.816197 -0.246004
v 0.567258 0.779081 -0.266931
v 0.609578 0.739009 -0.286846
v 0.649586 0.696134 -0.305672
v 0.687130 0.650618 -0.323339
v 0.722068 0.602635 -0.339779
v 0.754266 0.552365 -0.354931
v 0.783603 0.500000 -0.368736
v 0.809968 0.445738 -0.381142
v 0.833260 0.389786 -0.392103
v 0.853392 0.332355 -0.401576
v 0.870286 0.273663 -0.409526
v 0.883879 0.213933 -0.415922
v 0.894119 0.153392 -0.420741
v 0.900967 0.092268 -0.423963
v 0.904398 0.030795 -0.425577
v 0.904398 -0.030795 -0.425577
v 0.900967 -0.092268 -0.423963
v 0.894119 -0.153392 -0.420741
v 0.883879 -0.213933 -0.415922
v 0.870286 -0.273663 -0.409526
v 0.853392 -0.332355 -0.401576
v 0.833260 -0.389786 -0.392103
v 0.809968 -0.445738 -0.381142
v 0.783603 -0.500000 -0.368736
v 0.754266 -0.552365 -0.354931
v 0.722068 -0.602635 -0.339779
v 0.687130 -0.650618 -0.323339
v 0.649586 -0.696134 -0.305672
v 0.609578 -0.739009 -0.286846
v 0.567258 -0.779081 -0.266931
v 0.522785 -0.816197 -0.246004
v 0.476330 -0.850217 -0.224144
v 0.428068 -0.881012 -0.201433
v 0.378182 -0.908465 -0.177959
v 0.326861 -0.932472 -0.153809
v 0.274301 -0.952942 -0.129076
v 0.220700 -0.969797 -0.103853
v 0.166262 -0.982973 -0.078237
v 0.111193 -0.992420 -0.052323
v 0.055702 -0.998103 -0.026211
v 0.058548 0.998103 -0.019023
v 0.116874 0.992420 -0.037975
v 0.174756 0.982973 -0.056782
v 0.231976 0.969797 -0.075374
v 0.288315 0.952942 -0.093679
v 0.343561 0.932472 -0.111630
v 0.397504 0.908465 -0.129157
v 0.449939 0.881012 -0.146194
v 0.500667 0.850217 -0.162677
v 0.549496 0.816197 -0.178542
v 0.596240 0.779081 -0.193730
v 0.640723 0.739009 -0.208183
v 0.682775 0.696134 -0.221847
v 0.722237 0.650618 -0.234669
v 0.758960 0.602635 -0.246601
v 0.792803 0.552365 -0.257597
v 0.823639 0.500000 -0.267617
v 0.851351 0.445738 -0.276621
v 0.875833 0.389786 -0.284575
v 0.896993 0.332355 -0.291451
v 0.914751 0.273663 -0.297220
v 0.929038 0.213933 -0.301863
v 0.939801 0.153392 -0.305360
v 0.947000 0.092268 -0.307699
v 0.950606 0.030795 -0.308870
v 0.950606 -0.030795 -0.308870
v 0.947000 -0.092268 -0.307699
v 0.939801 -0.153392 -0.305360
v 0.929038 -0.213933 -0.301863
v 0.914751 -0.273663 -0.297220
v 0.896993 -0.332355 -0.291451
v 0.875833 -0.389786 -0.284575
v 0.851351 -0.445738 -0.276621
v 0.823639 -0.500000 -0.267617
v 0.792803 -0.552365 -0.257597
v 0.758960 -0.602635 -0.246601
v 0.722237 -0.650618 -0.234669
v 0.682775 -0.696134 -0.221847
v 0.640723 -0.739009 -0.208183
v 0.596240 -0.779081 -0.193730
v 0.549496 -0.816197 -0.178542
v 0.500667 -0.850217 -0.162677
v 0.449939 -0.881012 -0.146194
v 0.397504 -0.908465 -0.129157
v 0.343561 -0.932472 -0.111630
v 0.288315 -0.952942 -0.093679
v 0.231976 -0.969797 -0.075374
v 0.174756 -0.982973 -0.056782
v 0.116874 -0.992420 -0.037975
v 0.058548 -0.998103 -0.019023
v 0.060471 0.998103 -0.011535
v 0.120712 0.992420 -0.023027
v 0.180495 0.982973 -0.034431
v 0.239593 0.969797 -0.045705
v 0.297783 0.952942 -0.056805
v 0.354843 0.932472 -0.067690
v 0.410557 0.908465 -0.078318
v 0.464714 0.881012 -0.088649
v 0.517108 0.850217 -0.098644
v 0.567540 0.816197 -0.108264
v 0.615819 0.779081 -0.117474
v 0.661763 0.739009 -0.126238
v 0.705196 0.696134 -0.134523
v 0.745954 0.650618 -0.142298
v 0.783882 0.602635 -0.149534
v 0.818837 0.552365 -0.156202
v 0.850686 0.500000 -0.162277
v 0.879308 0.445738 -0.167737
v 0.904594 0.389786 -0.172560
v 0.926449 0.332355 -0.176730
v 0.944789 0.273663 -0.180228
v 0.959546 0.213933 -0.183043
v 0.970663 0.153392 -0.185164
v 0.978097 0.092268 -0.186582
v 0.981822 0.030795 -0.187292
v 0.981822 -0.030795 -0.187292
v 0.978097 -0.092268 -0.186582
v 0.970663 -0.153392 -0.185164
v 0.959546 -0.213933 -0.183043
v 0.944789 -0.273663 -0.180228
v 0.926449 -0.332355 -0.176730
v 0.904594 -0.389786 -0.172560
v 0.879308 -0.445738 -0.167737
v 0.850686 -0.500000 -0.162277
v 0.818837 -0.552365 -0.156202
v 0.783882 -0.602635 -0.149534
v 0.745954 -0.650618 -0.142298
v 0.705196 -0.696134 -0.134523
v 0.661763 -0.739009 -0.126238
v 0.615819 -0.779081 -0.117474
v 0.567540 -0.816197 -0.108264
v 0.517108 -0.850217 -0.098644
v 0.464714 -0.881012 -0.088649
v 0.410557 -0.908465 -0.078318
v 0.354843 -0.932472 -0.067690
v 0.297783 -0.952942 -0.056805
v 0.239593 -0.969797 -0.045705
v 0.180495 -0.982973 -0.034431
v 0.120712 -0.992420 -0.023027
v 0.060471 -0.998103 -0.011535
v 0.061439 0.998103 -0.003865
v 0.122646 0.992420 -0.007716
v 0.183387 0.982973 -0.011538
v 0.243432 0.969797 -0.015315
v 0.302555 0.952942 -0.019035
v 0.360529 0.932472 -0.022683
v 0.417136 0.908465 -0.026244
v 0.472160 0.881012 -0.029706
v 0.525393 0.850217 -0.033055
v 0.576634 0.816197 -0.036279
v 0.625687 0.779081 -0.039365
v 0.672366 0.739009 -0.042302
v 0.716496 0.696134 -0.045078
v 0.757907 0.650618 -0.047683
v 0.796443 0.602635 -0.050108
v 0.831958 0.552365 -0.052342
v 0.864317 0.500000 -0.054378
v 0.893397 0.445738 -0.056208
v 0.919088 0.389786 -0.057824
v 0.941294 0.332355 -0.059221
v 0.959928 0.273663 -0.060393
v 0.974921 0.213933 -0.061337
v 0.986216 0.153392 -0.062048
v 0.993770 0.092268 -0.062523
v 0.997554 0.030795 -0.062761
v 0.997554 -0.030795 -0.062761
v 0.993770 -0.092268 -0.062523
v 0.986216 -0.153392 -0.062048
v 0.974921 -0.213933 -0.061337
v 0.959928 -0.273663 -0.060393
v 0.941294 -0.332355 -0.059221
v 0.919088 -0.389786 -0.057824
v 0.893397 -0.445738 -0.056208
v 0.864317 -0.500000 -0.054378
v 0.831958 -0.552365 -0.052342
v 0.796443 -0.602635 -0.050108
v 0.757907 -0.650618 -0.047683
v 0.716496 -0.696134 -0.045078
v 0.672366 -0.739009 -0.042302
v 0.625687 -0.779081 -0.039365
v 0.576634 -0.816197 -0.036279
v 0.525393 -0.850217 -0.033055
v 0.472160 -0.881012 -0.029706
v 0.417136 -0.908465 -0.026244
v 0.360529 -0.932472 -0.022683
v 0.302555 -0.952942 -0.019035
v 0.243432 -0.969797 -0.015315
v 0.183387 -0.982973 -0.011538
v 0.122646 -0.992420 -0.007716
v 0.061439 -0.998103 -0.003865
v 0.061439 0.998103 0.003865
v 0.122646 0.992420 0.007716
v 0.183387 0.982973 0.011538
v 0.243432 0.969797 0.015315
v 0.302555 0.952942 0.019035
v 0.360529 0.932472 0.022683
v 0.417136 0.908465 0.026244
v 0.472160 0.881012 0.029706
v 0.525393 0.850217 0.033055
v 0.576634 0.816197 0.036279
v 0.625687 0.779081 0.039365
v 0.672366 0.739009 0.042302
v 0.716496 0.696134 0.045078
v 0.757907 0.650618 0.047683
v 0.796443 0.602635 0.050108
v 0.831958 0.552365 0.052342
v 0.864317 0.500000 0.054378
v 0.893397 0.445738 0.056208
v 0.919088 0.389786 0.057824
v 0.941294 0.332355 0.059221
v 0.959928 0.273663 0.060394
v 0.974921 0.213933 0.061337
v 0.986216 0.153392 0.062047
v 0.993770 0.092268 0.062523
v 0.997554 0.030795 0.062761
v 0.997554 -0.030795 0.062761
v 0.993770 -0.092268 0.062523
v 0.986216 -0.153392 0.062047
v 0.974921 -0.213933 0.061337
v 0.959928 -0.273663 0.060394
v 0.941294 -0.332355 0.059221
v 0.919088 -0.389786 0.057824
v 0.893397 -0.445738 0.056208
v 0.864317 -0.500000 0.054378
v 0.831958 -0.552365 0.052342
v 0.796443 -0.602635 0.050108
v 0.757907 -0.650618 0.047683
v 0.716496 -0.696134 0.045078
v 0.672366 -0.739009 0.042302
v 0.625687 -0.779081 0.039365
v 0.576634 -0.816197 0.036279
v 0.525393 -0.850217 0.033055
v 0.472160 -0.881012 0.029706
v 0.417136 -0.908465 0.026244
v 0.360529 -0.932472 0.022683
v 0.302555 -0.952942 0.019035
v 0.243432 -0.969797 0.015315
v 0.183387 -0.982973 0.011538
v 0.122646 -0.992420 0.007716
v 0.061439 -0.998103 0.003865
v 0.060471 0.998103 0.011535
v 0.120712 0.992420 0.023027
v 0.180495 0.982973 0.034431
v 0.239593 0.969797 0.045705
v 0.297783 0.952942 0.056805
v 0.354843 0.932472 0.067690
v 0.410557 0.908465 0.078318
v 0.464714 0.881012 0.088649
v 0.517108 0.850217 0.098644
v 0.567540 0.816197 0.108264
v 0.615819 0.779081 0.117474
v 0.661763 0.739009 0.126238
v 0.705196 0.696134 0.134523
v 0.745954 0.650618 0.142298
v 0.783882 0.602635 0.149534
v 0.818837 0.552365 0.156202
v 0.850686 0.500000 0.162277
v 0.879308 0.445738 0.167737
v 0.904594 0.389786 0.172561
v 0.926449 0.332355 0.176730
v 0.944789 0.273663 0.180228
v 0.959546 0.213933 0.183043
v 0.970663 0.153392 0.185164
v 0.978097 0.092268 0.186582
v 0.981822 0.030795 0.187293
v 0.981822 -0.030795 0.187293
v 0.978097 -0.092268 0.186582
v 0.970663 -0.153392 0.185164
v 0.959546 -0.213933 0.183043
v 0.944789 -0.273663 0.180228
v 0.926449 -0.332355 0.176730
v 0.904594 -0.389786 0.172561
v 0.879308 -0.445738 0.167737
v 0.850686 -0.500000 0.162277
v 0.818837 -0.552365 0.156202
v 0.783882 -0.602635 0.149534
v 0.745954 -0.650618 0.142298
v 0.705196 -0.696134 0.134523
v 0.661763 -0.739009 0.126238
v 0.615819 -0.779081 0.117474
v 0.567540 -0.816197 0.108264
v 0.517108 -0.850217 0.098644
v 0.464714 -0.881012 0.088649
v 0.410557 -0.908465 0.078318
v 0.354843 -0.932472 0.067690
v 0.297783 -0.952942 0.056805
v 0.239593 -0.969797 0.045705
v 0.180495 -0.982973 0.034431
v 0.120712 -0.992420 0.023027
v 0.060471 -0.998103 0.011535
v 0.058548 0.998103 0.019023
v 0.116874 0.992420 0.037975
v 0.174756 0.982973 0.056782
v 0.231976 0.969797 0.075374
v 0.288315 0.952942 0.093679
v 0.343561 0.932472 0.111630
v 0.397504 0.908465 0.129157
v 0.449939 0.881012 0.146194
v 0.500667 0.850217 0.162677
v 0.549496 0.816197 0.178542
v 0.596240 0.779081 0.193730
v 0.640723 0.739009 0.208183
v 0.682775 0.696134 0.221847
v 0.722237 0.650618 0.234669
v 0.758960 0.602635 0.246601
v 0.792803 0.552365 0.257597
v 0.823639 0.500000 0.267617
v 0.851351 0.445738 0.276621
v 0.875833 0.389786 0.284576
v 0.896993 0.332355 0.291451
v 0.914751 0.273663 0.297221
v 0.929038 0.213933 0.301863
v 0.939802 0.153392 0.305360
v 0.947000 0.092268 0.307699
v 0.950606 0.030795 0.308871
v 0.950606 -0.030795 0.308871
v 0.947000 -0.092268 0.307699
v 0.939802 -0.153392 0.305360
v 0.929038 -0.213933 0.301863
v 0.914751 -0.273663 0.297221
v 0.896993 -0.332355 0.291451
v 0.875833 -0.389786 0.284576
v 0.851351 -0.445738 0.276621
v 0.823639 -0.500000 0.267617
v 0.792803 -0.552365 0.257597
v 0.758960 -0.602635 0.246601
v 0.722237 -0.650618 0.234669
v 0.682775 -0.696134 0.221847
v 0.640723 -0.739009 0.208183
v 0.596240 -0.779081 0.193730
v 0.549496 -0.816197 0.178542
v 0.500667 -0.850217 0.162677
v 0.449939 -0.881012 0.146194
v 0.397504 -0.908465 0.129157
v 0.343561 -0.932472 0.111630
v 0.288315 -0.952942 0.093679
v 0.231976 -0.969797 0.075374
v 0.174756 -0.982973 0.056782
v 0.116874 -0.992420 0.037975
v 0.058548 -0.998103 0.019023
v 0.055702 0.998103 0.026211
v 0.111193 0.992420 0.052323
v 0.166262 0.982973 0.078237
v 0.220700 0.969797 0.103853
v 0.274301 0.952942 0.129076
v 0.326861 0.932472 0.153809
v 0.378182 0.908465 0.177959
v 0.428068 0.881012 0.201434
v 0.476330 0.850217 0.224144
v 0.522786 0.816197 0.246004
v 0.567258 0.779081 0.266931
v 0.609578 0.739009 0.286846
v 0.649586 0.696134 0.305672
v 0.687130 0.650618 0.323339
v 0.722068 0.602635 0.339779
v 0.754266 0.552365 0.354931
v 0.783603 0.500000 0.368736
v 0.809968 0.445738 0.381142
v 0.833260 0.389786 0.392103
v 0.853392 0.332355 0.401576
v 0.870286 0.273663 0.409526
v 0.883879 0.213933 0.415922
v 0.894119 0.153392 0.420740
v 0.900968 0.092268 0.423963
v 0.904398 0.030795 0.425578
v 0.904398 -0.030795 0.425578
v 0.900968 -0.092268 0.423963
v 0.894119 -0.153392 0.420740
v 0.883879 -0.213933 0.415922
v 0.870286 -0.273663 0.409526
v 0.853392 -0.332355 0.401576
v 0.833260 -0.389786 0.392103
v 0.809968 -0.445738 0.381142
v 0.783603 -0.500000 0.368736
v 0.754266 -0.552365 0.354931
v 0.722068 -0.602635 0.339779
v 0.687130 -0.650618 0.323339
v 0.649586 -0.696134 0.305672
v 0.609578 -0.739009 0.286846
v 0.567258 -0.779081 0.266931
v 0.522786 -0.816197 0.246004
v 0.476330 -0.850217 0.224144
v 0.428068 -0.881012 0.201434
v 0.378182 -0.908465 0.177959
v 0.326861 -0.932472 0.153809
v 0.274301 -0.952942 0.129076
v 0.220700 -0.969797 0.103853
v 0.166262 -0.982973 0.078237
v 0.111193 -0.992420 0.052323
v 0.055702 -0.998103 0.026211
v 0.051978 0.998103 0.032986
v 0.103758 0.992420 0.065847
v 0.155145 0.982973 0.098458
v 0.205943 0.969797 0.130696
v 0.255960 0.952942 0.162437
v 0.305006 0.932472 0.193563
v 0.352896 0.908465 0.223954
v 0.399446 0.881012 0.253496
v 0.444482 0.850217 0.282077
v 0.487831 0.816197 0.309587
v 0.529329 0.779081 0.335923
v 0.568820 0.739009 0.360984
v 0.606153 0.696134 0.384677
v 0.641187 0.650618 0.406910
v 0.673788 0.602635 0.427599
v 0.703834 0.552365 0.446667
v 0.731210 0.500000 0.464040
v 0.755812 0.445738 0.479653
v 0.777546 0.389786 0.493446
v 0.796332 0.332355 0.505368
v 0.812097 0.273663 0.515372
v 0.824781 0.213933 0.523422
v 0.834336 0.153392 0.529486
v 0.840726 0.092268 0.533541
v 0.843928 0.030795 0.535573
v 0.843928 -0.030795 0.535573
v 0.840726 -0.092268 0.533541
v 0.834336 -0.153392 0.529486
v 0.824781 -0.213933 0.523422
v 0.812097 -0.273663 0.515372
v 0.796332 -0.332355 0.505368
v 0.777546 -0.389786 0.493446
v 0.755812 -0.445738 0.479653
v 0.731210 -0.500000 0.464040
v 0.703834 -0.552365 0.446667
v 0.673788 -0.602635 0.427599
v 0.641187 -0.650618 0.406910
v 0.606153 -0.696134 0.384677
v 0.568820 -0.739009 0.360984
v 0.529329 -0.779081 0.335923
v 0.487831 -0.816197 0.309587
v 0.444482 -0.850217 0.282077
v 0.399446 -0.881012 0.253496
v 0.352896 -0.908465 0.223954
v 0.305006 -0.932472 0.193563
v 0.255960 -0.952942 0.162437
v 0.205943 -0.969797 0.130696
v 0.155145 -0.982973 0.098458
v 0.103758 -0.992420 0.065847
v 0.051978 -0.998103 0.032986
v 0.047434 0.998103 0.039240
v 0.094687 0.992420 0.078332
v 0.141582 0.982973 0.117126
v 0.187939 0.969797 0.155477
v 0.233583 0.952942 0.193237
v 0.278342 0.932472 0.230264
v 0.322044 0.908465 0.266418
v 0.364525 0.881012 0.301561
v 0.405623 0.850217 0.335561
v 0.445183 0.816197 0.368287
v 0.483053 0.779081 0.399616
v 0.519092 0.739009 0.429430
v 0.553161 0.696134 0.457615
v 0.585132 0.650618 0.484063
v 0.614883 0.602635 0.508675
v 0.642302 0.552365 0.531358
v 0.667284 0.500000 0.552026
v 0.689736 0.445738 0.570599
v 0.709570 0.389786 0.587007
v 0.726713 0.332355 0.601189
v 0.741100 0.273663 0.613091
v 0.752675 0.213933 0.622667
v 0.761395 0.153392 0.629881
v 0.767227 0.092268 0.634705
v 0.770148 0.030795 0.637122
v 0.770148 -0.030795 0.637122
v 0.767227 -0.092268 0.634705
v 0.761395 -0.153392 0.629881
v 0.752675 -0.213933 0.622667
v 0.741100 -0.273663 0.613091
v 0.726713 -0.332355 0.601189
v 0.709570 -0.389786 0.587007
v 0.689736 -0.445738 0.570599
v 0.667284 -0.500000 0.552026
v 0.642302 -0.552365 0.531358
v 0.614883 -0.602635 0.508675
v 0.585132 -0.650618 0.484063
v 0.553161 -0.696134 0.457615
v 0.519092 -0.739009 0.429430
v 0.483053 -0.779081 0.399616
v 0.445183 -0.816197 0.368287
v 0.405623 -0.850217 0.335561
v 0.364525 -0.881012 0.301561
v 0.322044 -0.908465 0.266418
v 0.278342 -0.932472 0.230264
v 0.233583 -0.952942 0.193237
v 0.187939 -0.969797 0.155477
v 0.141582 -0.982973 0.117126
v 0.094687 -0.992420 0.078332
v 0.047434 -0.998103 0.039240
v 0.042141 0.998103 0.044876
v 0.084123 0.992420 0.089582
v 0.125785 0.982973 0.133948
v 0.166971 0.969797 0.177806
v 0.207522 0.952942 0.220989
v 0.247287 0.932472 0.263334
v 0.286114 0.908465 0.304680
v 0.323855 0.881012 0.344871
v 0.360368 0.850217 0.383753
v 0.395514 0.816197 0.421179
v 0.429159 0.779081 0.457008
v 0.461177 0.739009 0.491103
v 0.491445 0.696134 0.523336
v 0.519849 0.650618 0.553583
v 0.546281 0.602635 0.581730
v 0.570641 0.552365 0.607670
v 0.592835 0.500000 0.631306
v 0.612782 0.445738 0.652546
v 0.630403 0.389786 0.671311
v 0.645634 0.332355 0.687530
v 0.658415 0.273663 0.701141
v 0.668699 0.213933 0.712092
v 0.676446 0.153392 0.720342
v 0.681627 0.092268 0.725859
v 0.684223 0.030795 0.728623
v 0.684223 -0.030795 0.728623
v 0.681627 -0.092268 0.725859
v 0.676446 -0.153392 0.720342
v 0.668699 -0.213933 0.712092
v 0.658415 -0.273663 0.701141
v 0.645634 -0.332355 0.687530
v 0.630403 -0.389786 0.671311
v 0.612782 -0.445738 0.652546
v 0.592835 -0.500000 0.631306
v 0.570641 -0.552365 0.607670
v 0.546281 -0.602635 0.581730
v 0.519849 -0.650618 0.553583
v 0.491445 -0.696134 0.523336
v 0.461177 -0.739009 0.491103
v 0.429159 -0.779081 0.457008
v 0.395514 -0.816197 0.421179
v 0.360368 -0.850217 0.383753
v 0.323855 -0.881012 0.344871
v 0.286114 -0.908465 0.304680
v 0.247287 -0.932472 0.263334
v 0.207522 -0.952942 0.220989
v 0.166971 -0.969797 0.177806
v 0.125785 -0.982973 0.133948
v 0.084123 -0.992420 0.089582
v 0.042141 -0.998103 0.044876
v 0.036185 0.998103 0.049804
v 0.072232 0.992420 0.099419
v 0.108005 0.982973 0.148657
v 0.143369 0.969797 0.197330
v 0.178189 0.952942 0.245256
v 0.212333 0.932472 0.292251
v 0.245671 0.908465 0.338137
v 0.278078 0.881012 0.382741
v 0.309429 0.850217 0.425893
v 0.339607 0.816197 0.467429
v 0.368497 0.779081 0.507192
v 0.395989 0.739009 0.545031
v 0.421978 0.696134 0.580803
v 0.446367 0.650618 0.614372
v 0.469063 0.602635 0.645610
v 0.489980 0.552365 0.674399
v 0.509037 0.500000 0.700630
v 0.526164 0.445738 0.724203
v 0.541295 0.389786 0.745028
v 0.554372 0.332355 0.763028
v 0.565347 0.273663 0.778134
v 0.574178 0.213933 0.790287
v 0.580829 0.153392 0.799443
v 0.585278 0.092268 0.805566
v 0.587507 0.030795 0.808634
v 0.587507 -0.030795 0.808634
v 0.585278 -0.092268 0.805566
v 0.580829 -0.153392 0.799443
v 0.574178 -0.213933 0.790287
v 0.565347 -0.273663 0.778134
v 0.554372 -0.332355 0.763028
v 0.541295 -0.389786 0.745028
v 0.526164 -0.445738 0.724203
v 0.509037 -0.500000 0.700630
v 0.489980 -0.552365 0.674399
v 0.469063 -0.602635 0.645610
v 0.446367 -0.650618 0.614372
v 0.421978 -0.696134 0.580803
v 0.395989 -0.739009 0.545031
v 0.368497 -0.779081 0.507192
v 0.339607 -0.816197 0.467429
v 0.309429 -0.850217 0.425893
v 0.278078 -0.881012 0.382741
v 0.245671 -0.908465 0.338137
v 0.212333 -0.932472 0.292251
v 0.178189 -0.952942 0.245256
v 0.143369 -0.969797 0.197330
v 0.108005 -0.982973 0.148657
v 0.072232 -0.992420 0.099419
v 0.036185 -0.998103 0.049804
v 0.029657 0.998103 0.053946
v 0.059202 0.992420 0.107688
v 0.088522 0.982973 0.161021
v 0.117506 0.969797 0.213743
v 0.146045 0.952942 0.265655
v 0.174030 0.932472 0.316559
v 0.201354 0.908465 0.366262
v 0.227915 0.881012 0.414575
v 0.253611 0.850217 0.461316
v 0.278345 0.816197 0.506307
v 0.302023 0.779081 0.549378
v 0.324556 0.739009 0.590364
v 0.345857 0.696134 0.629111
v 0.365846 0.650618 0.665472
v 0.384448 0.602635 0.699308
v 0.401591 0.552365 0.730492
v 0.417211 0.500000 0.758904
v 0.431248 0.445738 0.784438
v 0.443650 0.389786 0.806996
v 0.454368 0.332355 0.826493
v 0.463363 0.273663 0.842855
v 0.470601 0.213933 0.856019
v 0.476053 0.153392 0.865936
v 0.479699 0.092268 0.872569
v 0.481525 0.030795 0.875891
v 0.481525 -0.030795 0.875891
v 0.479699 -0.092268 0.872569
v 0.476053 -0.153392 0.865936
v 0.470601 -0.213933 0.856019
v 0.463363 -0.273663 0.842855
v 0.454368 -0.332355 0.826493
v 0.443650 -0.389786 0.806996
v 0.431248 -0.445738 0.784438
v 0.417211 -0.500000 0.758904
v 0.401591 -0.552365 0.730492
v 0.384448 -0.602635 0.699308
v 0.365846 -0.650618 0.665472
v 0.345857 -0.696134 0.629111
v 0.324556 -0.739009 0.590364
v 0.302023 -0.779081 0.549378
v 0.278345 -0.816197 0.506307
v 0.253611 -0.850217 0.461316
v 0.227915 -0.881012 0.414575
v 0.201354 -0.908465 0.366262
v 0.174030 -0.932472 0.316559
v 0.146045 -0.952942 0.265655
v 0.117506 -0.969797 0.213743
v 0.088522 -0.982973 0.161021
v 0.059202 -0.992420 0.107688
v 0.029657 -0.998103 0.053946
v 0.022662 0.998103 0.057238
v 0.045238 0.992420 0.114259
v 0.067643 0.982973 0.170846
v 0.089791 0.969797 0.226785
v 0.111598 0.952942 0.281864
v 0.132982 0.932472 0.335874
v 0.153862 0.908465 0.388610
v 0.174157 0.881012 0.439871
v 0.193793 0.850217 0.489464
v 0.212693 0.816197 0.537201
v 0.230786 0.779081 0.582899
v 0.248004 0.739009 0.626387
v 0.264281 0.696134 0.667498
v 0.279556 0.650618 0.706077
v 0.293770 0.602635 0.741978
v 0.306870 0.552365 0.775064
v 0.318805 0.500000 0.805210
v 0.329532 0.445738 0.832302
v 0.339008 0.389786 0.856237
v 0.347198 0.332355 0.876923
v 0.354072 0.273663 0.894283
v 0.359602 0.213933 0.908251
v 0.363768 0.153392 0.918773
v 0.366554 0.092268 0.925811
v 0.367950 0.030795 0.929336
v 0.367950 -0.030795 0.929336
v 0.366554 -0.092268 0.925811
v 0.363768 -0.153392 0.918773
v 0.359602 -0.213933 0.908251
v 0.354072 -0.273663 0.894283
v 0.347198 -0.332355 0.876923
v 0.339008 -0.389786 0.856237
v 0.329532 -0.445738 0.832302
v 0.318805 -0.500000 0.805210
v 0.306870 -0.552365 0.775064
v 0.293770 -0.602635 0.741978
v 0.279556 -0.650618 0.706077
v 0.264281 -0.696134 0.667498
v 0.248004 -0.739009 0.626387
v 0.230786 -0.779081 0.582899
v 0.212693 -0.816197 0.537201
v 0.193793 -0.850217 0.489464
v 0.174157 -0.881012 0.439871
v 0.153862 -0.908465 0.388610
v 0.132982 -0.932472 0.335874
v 0.111598 -0.952942 0.281864
v 0.089791 -0.969797 0.226785
v 0.067643 -0.982973 0.170846
v 0.045238 -0.992420 0.114259
v 0.022662 -0.998103 0.057238
v 0.015310 0.998103 0.059627
v 0.030561 0.992420 0.119028
v 0.045697 0.982973 0.177977
v 0.060659 0.969797 0.236251
v 0.075391 0.952942 0.293629
v 0.089837 0.932472 0.349893
v 0.103943 0.908465 0.404830
v 0.117654 0.881012 0.458231
v 0.130918 0.850217 0.509894
v 0.143687 0.816197 0.559622
v 0.155910 0.779081 0.607228
v 0.167541 0.739009 0.652531
v 0.178538 0.696134 0.695358
v 0.188856 0.650618 0.735547
v 0.198459 0.602635 0.772946
v 0.207309 0.552365 0.807414
v 0.215372 0.500000 0.838818
v 0.222618 0.445738 0.867041
v 0.229020 0.389786 0.891974
v 0.234553 0.332355 0.913524
v 0.239196 0.273663 0.931609
v 0.242933 0.213933 0.946159
v 0.245747 0.153392 0.957121
v 0.247629 0.092268 0.964452
v 0.248572 0.030795 0.968124
v 0.248572 -0.030795 0.968124
v 0.247629 -0.092268 0.964452
v 0.245747 -0.153392 0.957121
v 0.242933 -0.213933 0.946159
v 0.239196 -0.273663 0.931609
v 0.234553 -0.332355 0.913524
v 0.229020 -0.389786 0.891974
v 0.222618 -0.445738 0.867041
v 0.215372 -0.500000 0.838818
v 0.207309 -0.552365 0.807414
v 0.198459 -0.602635 0.772946
v 0.188856 -0.650618 0.735547
v 0.178538 -0.696134 0.695358
v 0.167541 -0.739009 0.652531
v 0.155910 -0.779081 0.607228
v 0.143687 -0.816197 0.559622
v 0.130918 -0.850217 0.509894
v 0.117654 -0.881012 0.458231
v 0.103943 -0.908465 0.404830
v 0.089837 -0.932472 0.349893
v 0.075391 -0.952942 0.293629
v 0.060659 -0.969797 0.236251
v 0.045697 -0.982973 0.177977
v 0.030561 -0.992420 0.119028
v 0.015310 -0.998103 0.059627
v 0.007716 0.998103 0.061076
v 0.015402 0.992420 0.121919
v 0.023030 0.982973 0.182301
v 0.030571 0.969797 0.241991
v 0.037995 0.952942 0.300762
v 0.045276 0.932472 0.358393
v 0.052384 0.908465 0.414665
v 0.059294 0.881012 0.469363
v 0.065979 0.850217 0.522281
v 0.072414 0.816197 0.573218
v 0.078574 0.779081 0.621981
v 0.084437 0.739009 0.668384
v 0.089978 0.696134 0.712251
v 0.095179 0.650618 0.753417
v 0.100018 0.602635 0.791725
v 0.104478 0.552365 0.827030
v 0.108542 0.500000 0.859197
v 0.112194 0.445738 0.888105
v 0.115420 0.389786 0.913644
v 0.118209 0.332355 0.935718
v 0.120549 0.273663 0.954242
v 0.122432 0.213933 0.969146
v 0.123850 0.153392 0.980374
v 0.124799 0.092268 0.987883
v 0.125274 0.030795 0.991645
v 0.125274 -0.030795 0.991645
v 0.124799 -0.092268 0.987883
v 0.123850 -0.153392 0.980374
v 0.122432 -0.213933 0.969146
v 0.120549 -0.273663 0.954242
v 0.118209 -0.332355 0.935718
v 0.115420 -0.389786 0.913644
v 0.112194 -0.445738 0.888105
v 0.108542 -0.500000 0.859197
v 0.104478 -0.552365 0.827030
v 0.100018 -0.602635 0.791725
v 0.095179 -0.650618 0.753417
v 0.089978 -0.696134 0.712251
v 0.084437 -0.739009 0.668384
v 0.078574 -0.779081 0.621981
v 0.072414 -0.816197 0.573218
v 0.065979 -0.850217 0.522281
v 0.059294 -0.881012 0.469363
v 0.052384 -0.908465 0.414665
v 0.045276 -0.932472 0.358393
v 0.037995 -0.952942 0.300762
v 0.030571 -0.969797 0.241991
v 0.023030 -0.982973 0.182301
v 0.015402 -0.992420 0.121919
v 0.007716 -0.998103 0.061076
v -0.000000 0.998103 0.061561
v -0.000000 0.992420 0.122888
v 0.000000 0.982973 0.183750
v 0.000000 0.969797 0.243914
v 0.000000 0.952942 0.303153
v 0.000000 0.932472 0.361242
v 0.000000 0.908465 0.417961
v 0.000000 0.881012 0.473094
v 0.000000 0.850217 0.526432
v 0.000000 0.816197 0.577774
v -0.000000 0.779081 0.626924
v 0.000000 0.739009 0.673696
v 0.000000 0.696134 0.717912
v -0.000000 0.650618 0.759405
v 0.000000 0.602635 0.798018
v 0.000000 0.552365 0.833603
v 0.000000 0.500000 0.866026
v 0.000000 0.445738 0.895164
v -0.000000 0.389786 0.920906
v -0.000000 0.332355 0.943155
v -0.000000 0.273663 0.961826
v 0.000000 0.213933 0.976849
v 0.000000 0.153392 0.988166
v 0.000000 0.092268 0.995735
v -0.000000 0.030795 0.999526
v -0.000000 -0.030795 0.999526
v 0.000000 -0.092268 0.995735
v 0.000000 -0.153392 0.988166
v 0.000000 -0.213933 0.976849
v -0.000000 -0.273663 0.961826
v -0.000000 -0.332355 0.943155
v -0.000000 -0.389786 0.920906
v 0.000000 -0.445738 0.895164
v 0.000000 -0.500000 0.866026
v 0.000000 -0.552365 0.833603
v 0.000000 -0.602635 0.798018
v -0.000000 -0.650618 0.759405
v 0.000000 -0.696134 0.717912
v 0.000000 -0.739009 0.673696
v -0.000000 -0.779081 0.626924
v 0.000000 -0.816197 0.577774
v 0.000000 -0.850217 0.526432
v 0.000000 -0.881012 0.473094
v 0.000000 -0.908465 0.417961
v 0.000000 -0.932472 0.361242
v 0.000000 -0.952942 0.303153
v 0.000000 -0.969797 0.243914
v 0.000000 -0.982973 0.183750
v -0.000000 -0.992420 0.122888
v -0.000000 -0.998103 0.061561
v -0.007716 0.998103 0.061076
v -0.015402 0.992420 0.121919
v -0.023030 0.982973 0.182301
v -0.030570 0.969797 0.241991
v -0.037995 0.952942 0.300762
v -0.045276 0.932472 0.358393
v -0.052384 0.908465 0.414665
v -0.059294 0.881012 0.469363
v -0.065979 0.850217 0.522281
v -0.072414 0.816197 0.573218
v -0.078574 0.779081 0.621981
v -0.084436 0.739009 0.668384
v -0.089978 0.696134 0.712251
v -0.095179 0.650618 0.753417
v -0.100018 0.602635 0.791725
v -0.104478 0.552365 0.827030
v -0.108542 0.500000 0.859197
v -0.112194 0.445738 0.888105
v -0.115420 0.389786 0.913644
v -0.118209 0.332355 0.935718
v -0.120549 0.273663 0.954242
v -0.122431 0.213933 0.969146
v -0.123850 0.153392 0.980374
v -0.124799 0.092268 0.987883
v -0.125274 0.030795 0.991645
v -0.125274 -0.030795 0.991645
v -0.124799 -0.092268 0.987883
v -0.123850 -0.153392 0.980374
v -0.122431 -0.213933 0.969146
v -0.120549 -0.273663 0.954242
v -0.118209 -0.332355 0.935718
v -0.115420 -0.389786 0.913644
v -0.112194 -0.445738 0.888105
v -0.108542 -0.500000 0.859197
v -0.104478 -0.552365 0.827030
v -0.100018 -0.602635 0.791725
v -0.095179 -0.650618 0.753417
v -0.089978 -0.696134 0.712251
v -0.084436 -0.739009 0.668384
v -0.078574 -0.779081 0.621981
v -0.072414 -0.816197 0.573218
v -0.065979 -0.850217 0.522281
v -0.059294 -0.881012 0.469363
v -0.052384 -0.908465 0.414665
v -0.045276 -0.932472 0.358393
v -0.037995 -0.952942 0.300762
v -0.030570 -0.969797 0.241991
v -0.023030 -0.982973 0.182301
v -0.015402 -0.992420 0.121919
v -0.007716 -0.998103 0.061076
v -0.015310 0.998103 0.059627
v -0.030561 0.992420 0.119028
v -0.045697 0.982973 0.177977
v -0.060659 0.969797 0.236251
v -0.075391 0.952942 0.293629
v -0.089837 0.932472 0.349893
v -0.103943 0.908465 0.404830
v -0.117654 0.881012 0.458231
v -0.130918 0.850217 0.509894
v -0.143687 0.816197 0.559622
v -0.155910 0.779081 0.607228
v -0.167541 0.739009 0.652531
v -0.178538 0.696134 0.695358
v -0.188856 0.650618 0.735547
v -0.198459 0.602635 0.772946
v -0.207309 0.552365 0.807414
v -0.215372 0.500000 0.838818
v -0.222618 0.445738 0.867041
v -0.229020 0.389786 0.891974
v -0.234553 0.332355 0.913524
v -0.239197 0.273663 0.931609
v -0.242932 0.213933 0.946160
v -0.245747 0.153392 0.957121
v -0.247629 0.092268 0.964452
v -0.248572 0.030795 0.968124
v -0.248572 -0.030795 0.968124
v -0.247629 -0.092268 0.964452
v -0.245747 -0.153392 0.957121
v -0.242932 -0.213933 0.946160
v -0.239197 -0.273663 0.931609
v -0.234553 -0.332355 0.913524
v -0.229020 -0.389786 0.891974
v -0.222618 -0.445738 0.867041
v -0.215372 -0.500000 0.838818
v -0.207309 -0.552365 0.807414
v -0.198459 -0.602635 0.772946
v -0.188856 -0.650618 0.735547
v -0.178538 -0.696134 0.695358
v -0.167541 -0.739009 0.652531
v -0.155910 -0.779081 0.607228
v -0.143687 -0.816197 0.559622
v -0.130918 -0.850217 0.509894
v -0.117654 -0.881012 0.458231
v -0.103943 -0.908465 0.404830
v -0.089837 -0.932472 0.349893
v -0.075391 -0.952942 0.293629
v -0.060659 -0.969797 0.236251
v -0.045697 -0.982973 0.177977
v -0.030561 -0.992420 0.119028
v -0.015310 -0.998103 0.059627
v -0.022662 0.998103 0.057238
v -0.045238 0.992420 0.114259
v -0.067643 0.982973 0.170846
v -0.089791 0.969797 0.226785
v -0.111598 0.952942 0.281864
v -0.132982 0.932472 0.335874
v -0.153862 0.908465 0.388610
v -0.174157 0.881012 0.439872
v -0.193793 0.850217 0.489465
v -0.212693 0.816197 0.537201
v -0.230786 0.779081 0.582899
v -0.248004 0.739009 0.626387
v -0.264281 0.696134 0.667498
v -0.279556 0.650618 0.706077
v -0.293770 0.602635 0.741978
v -0.306870 0.552365 0.775064
v -0.318805 0.500000 0.805211
v -0.329532 0.445738 0.832302
v -0.339008 0.389786 0.856237
v -0.347199 0.332355 0.876923
v -0.354072 0.273663 0.894283
v -0.359602 0.213933 0.908251
v -0.363768 0.153392 0.918774
v -0.366554 0.092268 0.925811
v -0.367950 0.030795 0.929336
v -0.367950 -0.030795 0.929336
v -0.366554 -0.092268 0.925811
v -0.363768 -0.153392 0.918774
v -0.359602 -0.213933 0.908251
v -0.354072 -0.273663 0.894283
v -0.347199 -0.332355 0.876923
v -0.339008 -0.389786 0.856237
v -0.329532 -0.445738 0.832302
v -0.318805 -0.500000 0.805211
v -0.306870 -0.552365 0.775064
v -0.293770 -0.602635 0.741978
v -0.279556 -0.650618 0.706077
v -0.264281 -0.696134 0.667498
v -0.248004 -0.739009 0.626387
v -0.230786 -0.779081 0.582899
v -0.212693 -0.816197 0.537201
v -0.193793 -0.850217 0.489465
v -0.174157 -0.881012 0.439872
v -0.153862 -0.908465 0.388610
v -0.132982 -0.932472 0.335874
v -0.111598 -0.952942 0.281864
v -0.089791 -0.969797 0.226785
v -0.067643 -0.982973 0.170846
v -0.045238 -0.992420 0.114259
v -0.022662 -0.998103 0.057238
v 0.000000 -1.000000 0.000000
v -0.029657 0.998103 0.053946
v -0.059202 0.992420 0.107688
v -0.088522 0.982973 0.161021
v -0.117506 0.969797 0.213743
v -0.146045 0.952942 0.265655
v -0.174030 0.932472 0.316559
v -0.201354 0.908465 0.366262
v -0.227915 0.881012 0.414575
v -0.253611 0.850217 0.461316
v -0.278345 0.816197 0.506307
v -0.302023 0.779081 0.549378
v -0.324556 0.739009 0.590364
v -0.345857 0.696134 0.629112
v -0.365846 0.650618 0.665472
v -0.384448 0.602635 0.699308
v -0.401591 0.552365 0.730492
v -0.417211 0.500000 0.758904
v -0.431248 0.445738 0.784438
v -0.443650 0.389786 0.806996
v -0.454368 0.332355 0.826493
v -0.463363 0.273663 0.842855
v -0.470600 0.213933 0.856020
v -0.476053 0.153392 0.865937
v -0.479699 0.092268 0.872569
v -0.481526 0.030795 0.875892
v -0.481526 -0.030795 0.875892
v -0.479699 -0.092268 0.872569
v -0.476053 -0.153392 0.865937
v -0.470600 -0.213933 0.856020
v -0.463363 -0.273663 0.842855
v -0.454368 -0.332355 0.826493
v -0.443650 -0.389786 0.806996
v -0.431248 -0.445738 0.784438
v -0.417211 -0.500000 0.758904
v -0.401591 -0.552365 0.730492
v -0.384448 -0.602635 0.699308
v -0.365846 -0.650618 0.665472
v -0.345857 -0.696134 0.629112
v -0.324556 -0.739009 0.590364
v -0.302023 -0.779081 0.549378
v -0.278345 -0.816197 0.506307
v -0.253611 -0.850217 0.461316
v -0.227915 -0.881012 0.414575
v -0.201354 -0.908465 0.366262
v -0.174030 -0.932472 0.316559
v -0.146045 -0.952942 0.265655
v -0.117506 -0.969797 0.213743
v -0.088522 -0.982973 0.161021
v -0.059202 -0.992420 0.107688
v -0.029657 -0.998103 0.053946
v 0.000000 1.000000 0.000000
v -0.036185 0.998103 0.049804
v -0.072232 0.992420 0.099419
v -0.108005 0.982973 0.148657
v -0.143369 0.969797 0.197331
v -0.178189 0.952942 0.245256
v -0.212333 0.932472 0.292251
v -0.245671 0.908465 0.338137
v -0.278078 0.881012 0.382741
v -0.309429 0.850217 0.425893
v -0.339607 0.816197 0.467429
v -0.368497 0.779081 0.507192
v -0.395989 0.739009 0.545032
v -0.421978 0.696134 0.580804
v -0.446367 0.650618 0.614372
v -0.469063 0.602635 0.645610
v -0.489980 0.552365 0.674399
v -0.509037 0.500000 0.700630
v -0.526164 0.445738 0.724203
v -0.541295 0.389786 0.745029
v -0.554373 0.332355 0.763028
v -0.565347 0.273663 0.778134
v -0.574177 0.213933 0.790288
v -0.580830 0.153392 0.799443
v -0.585278 0.092268 0.805566
v -0.587507 0.030795 0.808634
v -0.587507 -0.030795 0.808634
v -0.585278 -0.092268 0.805566
v -0.580830 -0.153392 0.799443
v -0.574177 -0.213933 0.790288
v -0.565347 -0.273663 0.778134
v -0.554373 -0.332355 0.763028
v -0.541295 -0.389786 0.745029
v -0.526164 -0.445738 0.724203
v -0.509037 -0.500000 0.700630
v -0.489980 -0.552365 0.674399
v -0.469063 -0.602635 0.645610
v -0.446367 -0.650618 0.614372
v -0.421978 -0.696134 0.580804
v -0.395989 -0.739009 0.545032
v -0.368497 -0.779081 0.507192
v -0.339607 -0.816197 0.467429
v -0.309429 -0.850217 0.425893
v -0.278078 -0.881012 0.382741
v -0.245671 -0.908465 0.338137
v -0.212333 -0.932472 0.292251
v -0.178189 -0.952942 0.245256
v -0.143369 -0.969797 0.197331
v -0.108005 -0.982973 0.148657
v -0.072232 -0.992420 0.099419
v -0.036185 -0.998103 0.049804
v -0.042141 0.998103 0.044876
v -0.084123 0.992420 0.089582
v -0.125785 0.982973 0.133948
v -0.166971 0.969797 0.177806
v -0.207522 0.952942 0.220989
v -0.247287 0.932472 0.263334
v -0.286114 0.908465 0.304680
v -0.323855 0.881012 0.344871
v -0.360368 0.850217 0.383753
v -0.395514 0.816197 0.421179
v -0.429159 0.779081 0.457008
v -0.461177 0.739009 0.491103
v -0.491445 0.696134 0.523336
v -0.519849 0.650618 0.553583
v -0.546281 0.602635 0.581730
v -0.570641 0.552365 0.607670
v -0.592836 0.500000 0.631306
v -0.612782 0.445738 0.652546
v -0.630404 0.389786 0.671312
v -0.645634 0.332355 0.687530
v -0.658415 0.273663 0.701141
v -0.668699 0.213933 0.712093
v -0.676446 0.153392 0.720342
v -0.681627 0.092268 0.725860
v -0.684223 0.030795 0.728623
v -0.684223 -0.030795 0.728623
v -0.681627 -0.092268 0.725860
v -0.676446 -0.153392 0.720342
v -0.668699 -0.213933 0.712093
v -0.658415 -0.273663 0.701141
v -0.645634 -0.332355 0.687530
v -0.630404 -0.389786 0.671312
v -0.612782 -0.445738 0.652546
v -0.592836 -0.500000 0.631306
v -0.570641 -0.552365 0.607670
v -0.546281 -0.602635 0.581730
v -0.519849 -0.650618 0.553583
v -0.491445 -0.696134 0.523336
v -0.461177 -0.739009 0.491103
v -0.429159 -0.779081 0.457008
v -0.395514 -0.816197 0.421179
v -0.360368 -0.850217 0.383753
v -0.323855 -0.881012 0.344871
v -0.286114 -0.908465 0.304680
v -0.247287 -0.932472 0.263334
v -0.207522 -0.952942 0.220989
v -0.166971 -0.969797 0.177806
v -0.125785 -0.982973 0.133948
v -0.084123 -0.992420 0.089582
v -0.042141 -0.998103 0.044876
v -0.047434 0.998103 0.039240
v -0.094687 0.992420 0.078332
v -0.141582 0.982973 0.117127
v -0.187939 0.969797 0.155477
v -0.233583 0.952942 0.193237
v -0.278342 0.932472 0.230264
v -0.322044 0.908465 0.266418
v -0.364525 0.881012 0.301561
v -0.405623 0.850217 0.335561
v -0.445183 0.816197 0.368287
v -0.483053 0.779081 0.399616
v -0.519092 0.739009 0.429430
v -0.553161 0.696134 0.457615
v -0.585132 0.650618 0.484063
v -0.614883 0.602635 0.508676
v -0.642302 0.552365 0.531359
v -0.667285 0.500000 0.552026
v -0.689736 0.445738 0.570599
v -0.709570 0.389786 0.587008
v -0.726713 0.332355 0.601190
v -0.741100 0.273663 0.613091
v -0.752675 0.213933 0.622667
v -0.761395 0.153392 0.629881
v -0.767227 0.092268 0.634705
v -0.770148 0.030795 0.637122
v -0.770148 -0.030795 0.637122
v -0.767227 -0.092268 0.634705
v -0.761395 -0.153392 0.629881
v -0.752675 -0.213933 0.622667
v -0.741100 -0.273663 0.613091
v -0.726713 -0.332355 0.601190
v -0.709570 -0.389786 0.587008
v -0.689736 -0.445738 0.570599
v -0.667285 -0.500000 0.552026
v -0.642302 -0.552365 0.531359
v -0.614883 -0.602635 0.508676
v -0.585132 -0.650618 0.484063
v -0.553161 -0.696134 0.457615
v -0.519092 -0.739009 0.429430
v -0.483053 -0.779081 0.399616
v -0.445183 -0.816197 0.368287
v -0.405623 -0.850217 0.335561
v -0.364525 -0.881012 0.301561
v -0.322044 -0.908465 0.266418
v -0.278342 -0.932472 0.230264
v -0.233583 -0.952942 0.193237
v -0.187939 -0.969797 0.155477
v -0.141582 -0.982973 0.117127
v -0.094687 -0.992420 0.078332
v -0.047434 -0.998103 0.039240
v -0.051978 0.998103 0.032986
v -0.103758 0.992420 0.065847
v -0.155145 0.982973 0.098458
v -0.205943 0.969797 0.130696
v -0.255960 0.952942 0.162437
v -0.305007 0.932472 0.193563
v -0.352896 0.908465 0.223955
v -0.399446 0.881012 0.253496
v -0.444482 0.850217 0.282077
v -0.487831 0.816197 0.309587
v -0.529330 0.779081 0.335923
v -0.568820 0.739009 0.360984
v -0.606154 0.696134 0.384677
v -0.641187 0.650618 0.406910
v -0.673789 0.602635 0.427599
v -0.703834 0.552365 0.446667
v -0.731210 0.500000 0.464040
v -0.755812 0.445738 0.479653
v -0.777547 0.389786 0.493446
v -0.796332 0.332355 0.505368
v -0.812097 0.273663 0.515372
v -0.824781 0.213933 0.523422
v -0.834336 0.153392 0.529486
v -0.840727 0.092268 0.533542
v -0.843928 0.030795 0.535573
v -0.843928 -0.030795 0.535573
v -0.840727 -0.092268 0.533542
v -0.834336 -0.153392 0.529486
v -0.824781 -0.213933 0.523422
v -0.812097 -0.273663 0.515372
v -0.796332 -0.332355 0.505368
v -0.777547 -0.389786 0.493446
v -0.755812 -0.445738 0.479653
v -0.731210 -0.500000 0.464040
v -0.703834 -0.552365 0.446667
v -0.673789 -0.602635 0.427599
v -0.641187 -0.650618 0.406910
v -0.606154 -0.696134 0.384677
v -0.568820 -0.739009 0.360984
v -0.529330 -0.779081 0.335923
v -0.487831 -0.816197 0.309587
v -0.444482 -0.850217 0.282077
v -0.399446 -0.881012 0.253496
v -0.352896 -0.908465 0.223955
v -0.305007 -0.932472 0.193563
v -0.255960 -0.952942 0.162437
v -0.205943 -0.969797 0.130696
v -0.155145 -0.982973 0.098458
v -0.103758 -0.992420 0.065847
v -0.051978 -0.998103 0.032986
v -0.055702 0.998103 0.026211
v -0.111193 0.992420 0.052323
v -0.166262 0.982973 0.078237
v -0.220700 0.969797 0.103854
v -0.274301 0.952942 0.129076
v -0.326861 0.932472 0.153809
v -0.378182 0.908465 0.177959
v -0.428068 0.881012 0.201434
v -0.476330 0.850217 0.224144
v -0.522786 0.816197 0.246004
v -0.567258 0.779081 0.266931
v -0.609578 0.739009 0.286846
v -0.649587 0.696134 0.305672
v -0.687131 0.650618 0.323339
v -0.722068 0.602635 0.339779
v -0.754267 0.552365 0.354931
v -0.783604 0.500000 0.368736
v -0.809969 0.445738 0.381142
v -0.833261 0.389786 0.392103
v -0.853392 0.332355 0.401576
v -0.870287 0.273663 0.409526
v -0.883879 0.213933 0.415922
v -0.894120 0.153392 0.420741
v -0.900968 0.092268 0.423963
v -0.904399 0.030795 0.425577
v -0.904399 -0.030795 0.425577
v -0.900968 -0.092268 0.423963
v -0.894120 -0.153392 0.420741
v -0.883879 -0.213933 0.415922
v -0.870287 -0.273663 0.409526
v -0.853392 -0.332355 0.401576
v -0.833261 -0.389786 0.392103
v -0.809969 -0.445738 0.381142
v -0.783604 -0.500000 0.368736
v -0.754267 -0.552365 0.354931
v -0.722068 -0.602635 0.339779
v -0.687131 -0.650618 0.323339
v -0.649587 -0.696134 0.305672
v -0.609578 -0.739009 0.286846
v -0.567258 -0.779081 0.266931
v -0.522786 -0.816197 0.246004
v -0.476330 -0.850217 0.224144
v -0.428068 -0.881012 0.201434
v -0.378182 -0.908465 0.177959
v -0.326861 -0.932472 0.153809
v -0.274301 -0.952942 0.129076
v -0.220700 -0.969797 0.103854
v -0.166262 -0.982973 0.078237
v -0.111193 -0.992420 0.052323
v -0.055702 -0.998103 0.026211
v -0.058548 0.998103 0.019023
v -0.116874 0.992420 0.037975
v -0.174756 0.982973 0.056782
v -0.231976 0.969797 0.075374
v -0.288315 0.952942 0.093679
v -0.343562 0.932472 0.111630
v -0.397504 0.908465 0.129157
v -0.449939 0.881012 0.146194
v -0.500667 0.850217 0.162677
v -0.549496 0.816197 0.178542
v -0.596240 0.779081 0.193730
v -0.640723 0.739009 0.208184
v -0.682775 0.696134 0.221847
v -0.722237 0.650618 0.234669
v -0.758960 0.602635 0.246601
v -0.792804 0.552365 0.257598
v -0.823640 0.500000 0.267617
v -0.851352 0.445738 0.276621
v -0.875834 0.389786 0.284576
v -0.896994 0.332355 0.291451
v -0.914751 0.273663 0.297221
v -0.929039 0.213933 0.301863
v -0.939802 0.153392 0.305360
v -0.947000 0.092268 0.307699
v -0.950606 0.030795 0.308870
v -0.950606 -0.030795 0.308870
v -0.947000 -0.092268 0.307699
v -0.939802 -0.153392 0.305360
v -0.929039 -0.213933 0.301863
v -0.914751 -0.273663 0.297221
v -0.896994 -0.332355 0.291451
v -0.875834 -0.389786 0.284576
v -0.851352 -0.445738 0.276621
v -0.823640 -0.500000 0.267617
v -0.792804 -0.552365 0.257598
v -0.758960 -0.602635 0.246601
v -0.722237 -0.650618 0.234669
v -0.682775 -0.696134 0.221847
v -0.640723 -0.739009 0.208184
v -0.596240 -0.779081 0.193730
v -0.549496 -0.816197 0.178542
v -0.500667 -0.850217 0.162677
v -0.449939 -0.881012 0.146194
v -0.397504 -0.908465 0.129157
v -0.343562 -0.932472 0.111630
v -0.288315 -0.952942 0.093679
v -0.231976 -0.969797 0.075374
v -0.174756 -0.982973 0.056782
v -0.116874 -0.992420 0.037975
v -0.058548 -0.998103 0.019023
v -0.060471 0.998103 0.011535
v -0.120712 0.992420 0.023027
v -0.180495 0.982973 0.034431
v -0.239594 0.969797 0.045705
v -0.297783 0.952942 0.056805
v -0.354843 0.932472 0.067690
v -0.410558 0.908465 0.078318
v -0.464714 0.881012 0.088649
v -0.517108 0.850217 0.098644
v -0.567540 0.816197 0.108264
v -0.615820 0.779081 0.117474
v -0.661763 0.739009 0.126238
v -0.705196 0.696134 0.134523
v -0.745954 0.650618 0.142298
v -0.783883 0.602635 0.149534
v -0.818838 0.552365 0.156202
v -0.850686 0.500000 0.162277
v -0.879308 0.445738 0.167737
v -0.904594 0.389786 0.172561
v -0.926449 0.332355 0.176730
v -0.944790 0.273663 0.180228
v -0.959547 0.213933 0.183044
v -0.970663 0.153392 0.185164
v -0.978098 0.092268 0.186582
v -0.981822 0.030795 0.187292
v -0.981822 -0.030795 0.187292
v -0.978098 -0.092268 0.186582
v -0.970663 -0.153392 0.185164
v -0.959547 -0.213933 0.183044
v -0.944790 -0.273663 0.180228
v -0.926449 -0.332355 0.176730
v -0.904594 -0.389786 0.172561
v -0.879308 -0.445738 0.167737
v -0.850686 -0.500000 0.162277
v -0.818838 -0.552365 0.156202
v -0.783883 -0.602635 0.149534
v -0.745954 -0.650618 0.142298
v -0.705196 -0.696134 0.134523
v -0.661763 -0.739009 0.126238
v -0.615820 -0.779081 0.117474
v -0.567540 -0.816197 0.108264
v -0.517108 -0.850217 0.098644
v -0.464714 -0.881012 0.088649
v -0.410558 -0.908465 0.078318
v -0.354843 -0.932472 0.067690
v -0.297783 -0.952942 0.056805
v -0.239594 -0.969797 0.045705
v -0.180495 -0.982973 0.034431
v -0.120712 -0.992420 0.023027
v -0.060471 -0.998103 0.011535
v -0.061439 0.998103 0.003865
v -0.122646 0.992420 0.007716
v -0.183387 0.982973 0.011538
v -0.243433 0.969797 0.015316
v -0.302555 0.952942 0.019035
v -0.360529 0.932472 0.022683
v -0.417136 0.908465 0.026244
v -0.472160 0.881012 0.029706
v -0.525394 0.850217 0.033055
v -0.576634 0.816197 0.036279
v -0.625687 0.779081 0.039365
v -0.672367 0.739009 0.042302
v -0.716496 0.696134 0.045078
v -0.757907 0.650618 0.047684
v -0.796443 0.602635 0.050108
v -0.831958 0.552365 0.052342
v -0.864317 0.500000 0.054378
v -0.893398 0.445738 0.056208
v -0.919089 0.389786 0.057824
v -0.941294 0.332355 0.059221
v -0.959929 0.273663 0.060394
v -0.974922 0.213933 0.061337
v -0.986216 0.153392 0.062048
v -0.993770 0.092268 0.062523
v -0.997554 0.030795 0.062761
v -0.997554 -0.030795 0.062761
v -0.993770 -0.092268 0.062523
v -0.986216 -0.153392 0.062048
v -0.974922 -0.213933 0.061337
v -0.959929 -0.273663 0.060394
v -0.941294 -0.332355 0.059221
v -0.919089 -0.389786 0.057824
v -0.893398 -0.445738 0.056208
v -0.864317 -0.500000 0.054378
v -0.831958 -0.552365 0.052342
v -0.796443 -0.602635 0.050108
v -0.757907 -0.650618 0.047684
v -0.716496 -0.696134 0.045078
v -0.672367 -0.739009 0.042302
v -0.625687 -0.779081 0.039365
v -0.576634 -0.816197 0.036279
v -0.525394 -0.850217 0.033055
v -0.472160 -0.881012 0.029706
v -0.417136 -0.908465 0.026244
v -0.360529 -0.932472 0.022683
v -0.302555 -0.952942 0.019035
v -0.243433 -0.969797 0.015316
v -0.183387 -0.982973 0.011538
v -0.122646 -0.992420 0.007716
v -0.061439 -0.998103 0.003865
v -0.061439 0.998103 -0.003865
v -0.122646 0.992420 -0.007716
v -0.183387 0.982973 -0.011538
v -0.243433 0.969797 -0.015315
v -0.302555 0.952942 -0.019035
v -0.360529 0.932472 -0.022683
v -0.417136 0.908465 -0.026244
v -0.472160 0.881012 -0.029706
v -0.525394 0.850217 -0.033055
v -0.576634 0.816197 -0.036279
v -0.625687 0.779081 -0.039365
v -0.672367 0.739009 -0.042302
v -0.716496 0.696134 -0.045078
v -0.757907 0.650618 -0.047683
v -0.796443 0.602635 -0.050108
v -0.831958 0.552365 -0.052342
v -0.864317 0.500000 -0.054378
v -0.893398 0.445738 -0.056208
v -0.919089 0.389786 -0.057824
v -0.941294 0.332355 -0.059221
v -0.959929 0.273663 -0.060394
v -0.974922 0.213933 -0.061337
v -0.986216 0.153392 -0.062047
v -0.993770 0.092268 -0.062523
v -0.997554 0.030795 -0.062761
v -0.997554 -0.030795 -0.062761
v -0.993770 -0.092268 -0.062523
v -0.986216 -0.153392 -0.062047
v -0.974922 -0.213933 -0.061337
v -0.959929 -0.273663 -0.060394
v -0.941294 -0.332355 -0.059221
v -0.919089 -0.389786 -0.057824
v -0.893398 -0.445738 -0.056208
v -0.864317 -0.500000 -0.054378
v -0.831958 -0.552365 -0.052342
v -0.796443 -0.602635 -0.050108
v -0.757907 -0.650618 -0.047683
v -0.716496 -0.696134 -0.045078
v -0.672367 -0.739009 -0.042302
v -0.625687 -0.779081 -0.039365
v -0.576634 -0.816197 -0.036279
v -0.525394 -0.850217 -0.033055
v -0.472160 -0.881012 -0.029706
v -0.417136 -0.908465 -0.026244
v -0.360529 -0.932472 -0.022683
v -0.302555 -0.952942 -0.019035
v -0.243433 -0.969797 -0.015315
v -0.183387 -0.982973 -0.011538
v -0.122646 -0.992420 -0.007716
v -0.061439 -0.998103 -0.003865
v -0.060471 0.998103 -0.011535
v -0.120712 0.992420 -0.023027
v -0.180495 0.982973 -0.034431
v -0.239594 0.969797 -0.045705
v -0.297783 0.952942 -0.056805
v -0.354843 0.932472 -0.067690
v -0.410558 0.908465 -0.078318
v -0.464714 0.881012 -0.088649
v -0.517108 0.850217 -0.098644
v -0.567540 0.816197 -0.108264
v -0.615820 0.779081 -0.117474
v -0.661763 0.739009 -0.126238
v -0.705197 0.696134 -0.134523
v -0.745954 0.650618 -0.142298
v -0.783883 0.602635 -0.149534
v -0.818838 0.552365 -0.156202
v -0.850686 0.500000 -0.162277
v -0.879308 0.445738 -0.167737
v -0.904594 0.389786 -0.172561
v -0.926449 0.332355 -0.176730
v -0.944790 0.273663 -0.180228
v -0.959547 0.213933 -0.183043
v -0.970663 0.153392 -0.185164
v -0.978098 0.092268 -0.186582
v -0.981822 0.030795 -0.187293
v -0.981822 -0.030795 -0.187293
v -0.978098 -0.092268 -0.186582
v -0.970663 -0.153392 -0.185164
v -0.959547 -0.213933 -0.183043
v -0.944790 -0.273663 -0.180228
v -0.926449 -0.332355 -0.176730
v -0.904594 -0.389786 -0.172561
v -0.879308 -0.445738 -0.167737
v -0.850686 -0.500000 -0.162277
v -0.818838 -0.552365 -0.156202
v -0.783883 -0.602635 -0.149534
v -0.745954 -0.650618 -0.142298
v -0.705197 -0.696134 -0.134523
v -0.661763 -0.739009 -0.126238
v -0.615820 -0.779081 -0.117474
v -0.567540 -0.816197 -0.108264
v -0.517108 -0.850217 -0.098644
v -0.464714 -0.881012 -0.088649
v -0.410558 -0.908465 -0.078318
v -0.354843 -0.932472 -0.067690
v -0.297783 -0.952942 -0.056805
v -0.239594 -0.969797 -0.045705
v -0.180495 -0.982973 -0.034431
v -0.120712 -0.992420 -0.023027
v -0.060471 -0.998103 -0.011535
v -0.058548 0.998103 -0.019023
v -0.116874 0.992420 -0.037975
v -0.174756 0.982973 -0.056782
v -0.231976 0.969797 -0.075374
v -0.288316 0.952942 -0.093679
v -0.343562 0.932472 -0.111630
v -0.397504 0.908465 -0.129157
v -0.449939 0.881012 -0.146194
v -0.500667 0.850217 -0.162677
v -0.549496 0.816197 -0.178542
v -0.596240 0.779081 -0.193730
v -0.640723 0.739009 -0.208184
v -0.682776 0.696134 -0.221847
v -0.722237 0.650618 -0.234669
v -0.758960 0.602635 -0.246601
v -0.792804 0.552365 -0.257598
v -0.823640 0.500000 -0.267617
v -0.851352 0.445738 -0.276621
v -0.875834 0.389786 -0.284576
v -0.896994 0.332355 -0.291451
v -0.914751 0.273663 -0.297221
v -0.929039 0.213933 -0.301863
v -0.939802 0.153392 -0.305360
v -0.947000 0.092268 -0.307699
v -0.950606 0.030795 -0.308871
v -0.950606 -0.030795 -0.308871
v -0.947000 -0.092268 -0.307699
v -0.939802 -0.153392 -0.305360
v -0.929039 -0.213933 -0.301863
v -0.914751 -0.273663 -0.297221
v -0.896994 -0.332355 -0.291451
v -0.875834 -0.389786 -0.284576
v -0.851352 -0.445738 -0.276621
v -0.823640 -0.500000 -0.267617
v -0.792804 -0.552365 -0.257598
v -0.758960 -0.602635 -0.246601
v -0.722237 -0.650618 -0.234669
v -0.682776 -0.696134 -0.221847
v -0.640723 -0.739009 -0.208184
v -0.596240 -0.779081 -0.193730
v -0.549496 -0.816197 -0.178542
v -0.500667 -0.850217 -0.162677
v -0.449939 -0.881012 -0.146194
v -0.397504 -0.908465 -0.129157
v -0.343562 -0.932472 -0.111630
v -0.288316 -0.952942 -0.093679
v -0.231976 -0.969797 -0.075374
v -0.174756 -0.982973 -0.056782
v -0.116874 -0.992420 -0.037975
v -0.058548 -0.998103 -0.019023
v -0.055702 0.998103 -0.026211
v -0.111193 0.992420 -0.052323
v -0.166262 0.982973 -0.078237
v -0.220700 0.969797 -0.103853
v -0.274301 0.952942 -0.129076
v -0.326861 0.932472 -0.153809
v -0.378182 0.908465 -0.177959
v -0.428068 0.881012 -0.201434
v -0.476330 0.850217 -0.224144
v -0.522786 0.816197 -0.246004
v -0.567258 0.779081 -0.266931
v -0.609579 0.739009 -0.286846
v -0.649587 0.696134 -0.305672
v -0.687131 0.650618 -0.323339
v -0.722068 0.602635 -0.339779
v -0.754267 0.552365 -0.354931
v -0.783604 0.500000 -0.368736
v -0.809969 0.445738 -0.381142
v -0.833261 0.389786 -0.392103
v -0.853392 0.332355 -0.401576
v -0.870287 0.273663 -0.409526
v -0.883880 0.213933 -0.415922
v -0.894120 0.153392 -0.420741
v -0.900968 0.092268 -0.423963
v -0.904399 0.030795 -0.425578
v -0.904399 -0.030795 -0.425578
v -0.900968 -0.092268 -0.423963
v -0.894120 -0.153392 -0.420741
v -0.883880 -0.213933 -0.415922
v -0.870287 -0.273663 -0.409526
v -0.853392 -0.332355 -0.401576
v -0.833261 -0.389786 -0.392103
v -0.809969 -0.445738 -0.381142
v -0.783604 -0.500000 -0.368736
v -0.754267 -0.552365 -0.354931
v -0.722068 -0.602635 -0.339779
v -0.687131 -0.650618 -0.323339
v -0.649587 -0.696134 -0.305672
v -0.609579 -0.739009 -0.286846
v -0.567258 -0.779081 -0.266931
v -0.522786 -0.816197 -0.246004
v -0.476330 -0.850217 -0.224144
v -0.428068 -0.881012 -0.201434
v -0.378182 -0.908465 -0.177959
v -0.326861 -0.932472 -0.153809
v -0.274301 -0.952942 -0.129076
v -0.220700 -0.969797 -0.103853
v -0.166262 -0.982973 -0.078237
v -0.111193 -0.992420 -0.052323
v -0.055702 -0.998103 -0.026211
v -0.051978 0.998103 -0.032986
v -0.103758 0.992420 -0.065847
v -0.155145 0.982973 -0.098458
v -0.205943 0.969797 -0.130696
v -0.255960 0.952942 -0.162437
v -0.305007 0.932472 -0.193563
v -0.352896 0.908465 -0.223955
v -0.399446 0.881012 -0.253496
v -0.444482 0.850217 -0.282077
v -0.487831 0.816197 -0.309587
v -0.529330 0.779081 -0.335923
v -0.568821 0.739009 -0.360984
v -0.606154 0.696134 -0.384677
v -0.641187 0.650618 -0.406910
v -0.673789 0.602635 -0.427599
v -0.703835 0.552365 -0.446667
v -0.731210 0.500000 -0.464040
v -0.755812 0.445738 -0.479653
v -0.777547 0.389786 -0.493446
v -0.796332 0.332355 -0.505368
v -0.812097 0.273663 -0.515373
v -0.824781 0.213933 -0.523422
v -0.834337 0.153392 -0.529486
v -0.840727 0.092268 -0.533541
v -0.843928 0.030795 -0.535573
v -0.843928 -0.030795 -0.535573
v -0.840727 -0.092268 -0.533541
v -0.834337 -0.153392 -0.529486
v -0.824781 -0.213933 -0.523422
v -0.812097 -0.273663 -0.515373
v -0.796332 -0.332355 -0.505368
v -0.777547 -0.389786 -0.493446
v -0.755812 -0.445738 -0.479653
v -0.731210 -0.500000 -0.464040
v -0.703835 -0.552365 -0.446667
v -0.673789 -0.602635 -0.427599
v -0.641187 -0.650618 -0.406910
v -0.606154 -0.696134 -0.384677
v -0.568821 -0.739009 -0.360984
v -0.529330 -0.779081 -0.335923
v -0.487831 -0.816197 -0.309587
v -0.444482 -0.850217 -0.282077
v -0.399446 -0.881012 -0.253496
v -0.352896 -0.908465 -0.223955
v -0.305007 -0.932472 -0.193563
v -0.255960 -0.952942 -0.162437
v -0.205943 -0.969797 -0.130696
v -0.155145 -0.982973 -0.098458
v -0.103758 -0.992420 -0.065847
v -0.051978 -0.998103 -0.032986
v -0.047434 0.998103 -0.039240
v -0.094687 0.992420 -0.078332
v -0.141582 0.982973 -0.117127
v -0.187939 0.969797 -0.155477
v -0.233583 0.952942 -0.193237
v -0.278342 0.932472 -0.230264
v -0.322044 0.908465 -0.266418
v -0.364525 0.881012 -0.301561
v -0.405623 0.850217 -0.335561
v -0.445183 0.816197 -0.368287
v -0.483054 0.779081 -0.399617
v -0.519092 0.739009 -0.429430
v -0.553161 0.696134 -0.457615
v -0.585132 0.650618 -0.484063
v -0.614883 0.602635 -0.508676
v -0.642303 0.552365 -0.531359
v -0.667285 0.500000 -0.552026
v -0.689736 0.445738 -0.570599
v -0.709570 0.389786 -0.587008
v -0.726714 0.332355 -0.601190
v -0.741100 0.273663 -0.613091
v -0.752676 0.213933 -0.622667
v -0.761395 0.153392 -0.629881
v -0.767227 0.092268 -0.634705
v -0.770148 0.030795 -0.637122
v -0.770148 -0.030795 -0.637122
v -0.767227 -0.092268 -0.634705
v -0.761395 -0.153392 -0.629881
v -0.752676 -0.213933 -0.622667
v -0.741100 -0.273663 -0.613091
v -0.726714 -0.332355 -0.601190
v -0.709570 -0.389786 -0.587008
v -0.689736 -0.445738 -0.570599
v -0.667285 -0.500000 -0.552026
v -0.642303 -0.552365 -0.531359
v -0.614883 -0.602635 -0.508676
v -0.585132 -0.650618 -0.484063
v -0.553161 -0.696134 -0.457615
v -0.519092 -0.739009 -0.429430
v -0.483054 -0.779081 -0.399617
v -0.445183 -0.816197 -0.368287
v -0.405623 -0.850217 -0.335561
v -0.364525 -0.881012 -0.301561
v -0.322044 -0.908465 -0.266418
v -0.278342 -0.932472 -0.230264
v -0.233583 -0.952942 -0.193237
v -0.187939 -0.969797 -0.155477
v -0.141582 -0.982973 -0.117127
v -0.094687 -0.992420 -0.078332
v -0.047434 -0.998103 -0.039240
v -0.042141 0.998103 -0.044876
v -0.084123 0.992420 -0.089582
v -0.125785 0.982973 -0.133948
v -0.166971 0.969797 -0.177806
v -0.207522 0.952942 -0.220989
v -0.247287 0.932472 -0.263334
v -0.286114 0.908465 -0.304680
v -0.323855 0.881012 -0.344871
v -0.360368 0.850217 -0.383753
v -0.395514 0.816197 -0.421179
v -0.429159 0.779081 -0.457008
v -0.461177 0.739009 -0.491103
v -0.491445 0.696134 -0.523336
v -0.519849 0.650618 -0.553583
v -0.546281 0.602635 -0.581730
v -0.570641 0.552365 -0.607671
v -0.592836 0.500000 -0.631306
v -0.612782 0.445738 -0.652547
v -0.630404 0.389786 -0.671312
v -0.645634 0.332355 -0.687530
v -0.658416 0.273663 -0.701141
v -0.668700 0.213933 -0.712092
v -0.676446 0.153392 -0.720342
v -0.681628 0.092268 -0.725859
v -0.684223 0.030795 -0.728624
v -0.684223 -0.030795 -0.728624
v -0.681628 -0.092268 -0.725859
v -0.676446 -0.153392 -0.720342
v -0.668700 -0.213933 -0.712092
v -0.658416 -0.273663 -0.701141
v -0.645634 -0.332355 -0.687530
v -0.630404 -0.389786 -0.671312
v -0.612782 -0.445738 -0.652547
v -0.592836 -0.500000 -0.631306
v -0.570641 -0.552365 -0.607671
v -0.546281 -0.602635 -0.581730
v -0.519849 -0.650618 -0.553583
v -0.491445 -0.696134 -0.523336
v -0.461177 -0.739009 -0.491103
v -0.429159 -0.779081 -0.457008
v -0.395514 -0.816197 -0.421179
v -0.360368 -0.850217 -0.383753
v -0.323855 -0.881012 -0.344871
v -0.286114 -0.908465 -0.304680
v -0.247287 -0.932472 -0.263334
v -0.207522 -0.952942 -0.220989
v -0.166971 -0.969797 -0.177806
v -0.125785 -0.982973 -0.133948
v -0.084123 -0.992420 -0.089582
v -0.042141 -0.998103 -0.044876
v -0.036185 0.998103 -0.049804
v -0.072232 0.992420 -0.099419
v -0.108005 0.982973 -0.148657
v -0.143369 0.969797 -0.197331
v -0.178189 0.952942 -0.245256
v -0.212333 0.932472 -0.292251
v -0.245671 0.908465 -0.338137
v -0.278078 0.881012 -0.382741
v -0.309429 0.850217 -0.425893
v -0.339607 0.816197 -0.467429
v -0.368497 0.779081 -0.507193
v -0.395989 0.739009 -0.545032
v -0.421979 0.696134 -0.580804
v -0.446367 0.650618 -0.614372
v -0.469063 0.602635 -0.645610
v -0.489980 0.552365 -0.674399
v -0.509037 0.500000 -0.700630
v -0.526164 0.445738 -0.724203
v -0.541295 0.389786 -0.745029
v -0.554373 0.332355 -0.763029
v -0.565347 0.273663 -0.778134
v -0.574178 0.213933 -0.790288
v -0.580830 0.153392 -0.799444
v -0.585278 0.092268 -0.805566
v -0.587507 0.030795 -0.808634
v -0.587507 -0.030795 -0.808634
v -0.585278 -0.092268 -0.805566
v -0.580830 -0.153392 -0.799444
v -0.574178 -0.213933 -0.790288
v -0.565347 -0.273663 -0.778134
v -0.554373 -0.332355 -0.763029
v -0.541295 -0.389786 -0.745029
v -0.526164 -0.445738 -0.724203
v -0.509037 -0.500000 -0.700630
v -0.489980 -0.552365 -0.674399
v -0.469063 -0.602635 -0.645610
v -0.446367 -0.650618 -0.614372
v -0.421979 -0.696134 -0.580804
v -0.395989 -0.739009 -0.545032
v -0.368497 -0.779081 -0.507193
v -0.339607 -0.816197 -0.467429
v -0.309429 -0.850217 -0.425893
v -0.278078 -0.881012 -0.382741
v -0.245671 -0.908465 -0.338137
v -0.212333 -0.932472 -0.292251
v -0.178189 -0.952942 -0.245256
v -0.143369 -0.969797 -0.197331
v -0.108005 -0.982973 -0.148657
v -0.072232 -0.992420 -0.099419
v -0.036185 -0.998103 -0.049804
v -0.029657 0.998103 -0.053946
v -0.059202 0.992420 -0.107688
v -0.088522 0.982973 -0.161021
v -0.117507 0.969797 -0.213743
v -0.146045 0.952942 -0.265655
v -0.174030 0.932472 -0.316559
v -0.201354 0.908465 -0.366262
v -0.227915 0.881012 -0.414575
v -0.253611 0.850217 -0.461316
v -0.278345 0.816197 -0.506308
v -0.302023 0.779081 -0.549378
v -0.324556 0.739009 -0.590365
v -0.345857 0.696134 -0.629112
v -0.365846 0.650618 -0.665472
v -0.384448 0.602635 -0.699308
v -0.401592 0.552365 -0.730492
v -0.417211 0.500000 -0.758905
v -0.431249 0.445738 -0.784438
v -0.443650 0.389786 -0.806996
v -0.454368 0.332355 -0.826493
v -0.463363 0.273663 -0.842855
v -0.470601 0.213933 -0.856020
v -0.476053 0.153392 -0.865937
v -0.479699 0.092268 -0.872569
v -0.481525 0.030795 -0.875892
v -0.481525 -0.030795 -0.875892
v -0.479699 -0.092268 -0.872569
v -0.476053 -0.153392 -0.865937
v -0.470601 -0.213933 -0.856020
v -0.463363 -0.273663 -0.842855
v -0.454368 -0.332355 -0.826493
v -0.443650 -0.389786 -0.806996
v -0.431249 -0.445738 -0.784438
v -0.417211 -0.500000 -0.758905
v -0.401592 -0.552365 -0.730492
v -0.384448 -0.602635 -0.699308
v -0.365846 -0.650618 -0.665472
v -0.345857 -0.696134 -0.629112
v -0.324556 -0.739009 -0.590365
v -0.302023 -0.779081 -0.549378
v -0.278345 -0.816197 -0.506308
v -0.253611 -0.850217 -0.461316
v -0.227915 -0.881012 -0.414575
v -0.201354 -0.908465 -0.366262
v -0.174030 -0.932472 -0.316559
v -0.146045 -0.952942 -0.265655
v -0.117507 -0.969797 -0.213743
v -0.088522 -0.982973 -0.161021
v -0.059202 -0.992420 -0.107688
v -0.029657 -0.998103 -0.053946
v -0.022662 0.998103 -0.057238
v -0.045238 0.992420 -0.114259
v -0.067643 0.982973 -0.170846
v -0.089791 0.969797 -0.226785
v -0.111598 0.952942 -0.281864
v -0.132982 0.932472 -0.335874
v -0.153862 0.908465 -0.388610
v -0.174158 0.881012 -0.439872
v -0.193793 0.850217 -0.489465
v -0.212693 0.816197 -0.537201
v -0.230786 0.779081 -0.582900
v -0.248004 0.739009 -0.626387
v -0.264281 0.696134 -0.667499
v -0.279556 0.650618 -0.706077
v -0.293770 0.602635 -0.741978
v -0.306870 0.552365 -0.775065
v -0.318806 0.500000 -0.805211
v -0.329532 0.445738 -0.832303
v -0.339008 0.389786 -0.856237
v -0.347199 0.332355 -0.876924
v -0.354072 0.273663 -0.894284
v -0.359603 0.213933 -0.908252
v -0.363768 0.153392 -0.918774
v -0.366555 0.092268 -0.925811
v -0.367950 0.030795 -0.929336
v -0.367950 -0.030795 -0.929336
v -0.366555 -0.092268 -0.925811
v -0.363768 -0.153392 -0.918774
v -0.359603 -0.213933 -0.908252
v -0.354072 -0.273663 -0.894284
v -0.347199 -0.332355 -0.876924
v -0.339008 -0.389786 -0.856237
v -0.329532 -0.445738 -0.832303
v -0.318806 -0.500000 -0.805211
v -0.306870 -0.552365 -0.775065
v -0.293770 -0.602635 -0.741978
v -0.279556 -0.650618 -0.706077
v -0.264281 -0.696134 -0.667499
v -0.248004 -0.739009 -0.626387
v -0.230786 -0.779081 -0.582900
v -0.212693 -0.816197 -0.537201
v -0.193793 -0.850217 -0.489465
v -0.174158 -0.881012 -0.439872
v -0.153862 -0.908465 -0.388610
v -0.132982 -0.932472 -0.335874
v -0.111598 -0.952942 -0.281864
v -0.089791 -0.969797 -0.226785
v -0.067643 -0.982973 -0.170846
v -0.045238 -0.992420 -0.114259
v -0.022662 -0.998103 -0.057238
v -0.015310 0.998103 -0.059627
v -0.030561 0.992420 -0.119028
v -0.045697 0.982973 -0.177977
v -0.060659 0.969797 -0.236251
v -0.075391 0.952942 -0.293629
v -0.089837 0.932472 -0.349893
v -0.103943 0.908465 -0.404830
v -0.117654 0.881012 -0.458231
v -0.130919 0.850217 -0.509894
v -0.143687 0.816197 -0.559623
v -0.155910 0.779081 -0.607228
v -0.167542 0.739009 -0.652531
v -0.178538 0.696134 -0.695358
v -0.188856 0.650618 -0.735547
v -0.198459 0.602635 -0.772947
v -0.207309 0.552365 -0.807414
v -0.215372 0.500000 -0.838819
v -0.222618 0.445738 -0.867041
v -0.229020 0.389786 -0.891974
v -0.234553 0.332355 -0.913524
v -0.239196 0.273663 -0.931609
v -0.242933 0.213933 -0.946160
v -0.245747 0.153392 -0.957122
v -0.247629 0.092268 -0.964452
v -0.248572 0.030795 -0.968125
v -0.248572 -0.030795 -0.968125
v -0.247629 -0.092268 -0.964452
v -0.245747 -0.153392 -0.957122
v -0.242933 -0.213933 -0.946160
v -0.239196 -0.273663 -0.931609
v -0.234553 -0.332355 -0.913524
v -0.229020 -0.389786 -0.891974
v -0.222618 -0.445738 -0.867041
v -0.215372 -0.500000 -0.838819
v -0.207309 -0.552365 -0.807414
v -0.198459 -0.602635 -0.772947
v -0.188856 -0.650618 -0.735547
v -0.178538 -0.696134 -0.695358
v -0.167542 -0.739009 -0.652531
v -0.155910 -0.779081 -0.607228
v -0.143687 -0.816197 -0.559623
v -0.130919 -0.850217 -0.509894
v -0.117654 -0.881012 -0.458231
v -0.103943 -0.908465 -0.404830
v -0.089837 -0.932472 -0.349893
v -0.075391 -0.952942 -0.293629
v -0.060659 -0.969797 -0.236251
v -0.045697 -0.982973 -0.177977
v -0.030561 -0.992420 -0.119028
v -0.015310 -0.998103 -0.059627
v -0.007716 0.998103 -0.061076
v -0.015402 0.992420 -0.121919
v -0.023030 0.982973 -0.182301
v -0.030571 0.969797 -0.241991
v -0.037995 0.952942 -0.300762
v -0.045276 0.932472 -0.358393
v -0.052384 0.908465 -0.414665
v -0.059294 0.881012 -0.469364
v -0.065980 0.850217 -0.522282
v -0.072414 0.816197 -0.573219
v -0.078574 0.779081 -0.621981
v -0.084437 0.739009 -0.668384
v -0.089978 0.696134 -0.712252
v -0.095179 0.650618 -0.753417
v -0.100018 0.602635 -0.791725
v -0.104478 0.552365 -0.827030
v -0.108542 0.500000 -0.859197
v -0.112194 0.445738 -0.888106
v -0.115420 0.389786 -0.913645
v -0.118209 0.332355 -0.935718
v -0.120549 0.273663 -0.954242
v -0.122432 0.213933 -0.969147
v -0.123850 0.153392 -0.980375
v -0.124799 0.092268 -0.987883
v -0.125274 0.030795 -0.991645
v -0.125274 -0.030795 -0.991645
v -0.124799 -0.092268 -0.987883
v -0.123850 -0.153392 -0.980375
v -0.122432 -0.213933 -0.969147
v -0.120549 -0.273663 -0.954242
v -0.118209 -0.332355 -0.935718
v -0.115420 -0.389786 -0.913645
v -0.112194 -0.445738 -0.888106
v -0.108542 -0.500000 -0.859197
v -0.104478 -0.552365 -0.827030
v -0.100018 -0.602635 -0.791725
v -0.095179 -0.650618 -0.753417
v -0.089978 -0.696134 -0.712252
v -0.084437 -0.739009 -0.668384
v -0.078574 -0.779081 -0.621981
v -0.072414 -0.816197 -0.573219
v -0.065980 -0.850217 -0.522282
v -0.059294 -0.881012 -0.469364
v -0.052384 -0.908465 -0.414665
v -0.045276 -0.932472 -0.358393
v -0.037995 -0.952942 -0.300762
v -0.030571 -0.969797 -0.241991
v -0.023030 -0.982973 -0.182301
v -0.015402 -0.992420 -0.121919
v -0.007716 -0.998103 -0.061076
v -0.000000 0.982973 -0.183750
v -0.000000 0.969797 -0.243914
v -0.000000 0.952942 -0.303153
v -0.000000 0.932472 -0.361242
v -0.000000 0.908465 -0.417961
v -0.000000 0.881012 -0.473094
v -0.000000 0.850217 -0.526433
v -0.000000 0.739009 -0.673696
v -0.000000 0.696134 -0.717913
v -0.000000 0.602635 -0.798018
v -0.000000 0.552365 -0.833604
v -0.000000 0.500000 -0.866026
v -0.000000 0.389786 -0.920906
v 0.000000 0.332355 -0.943155
v -0.000000 0.213933 -0.976850
v 0.000000 0.153392 -0.988167
v -0.000000 0.092268 -0.995735
v -0.000000 -0.092268 -0.995735
v -0.000000 -0.213933 -0.976850
v 0.000000 -0.332355 -0.943155
v -0.000000 -0.389786 -0.920906
v 0.000000 -0.445738 -0.895164
v -0.000000 -0.500000 -0.866026
v -0.000000 -0.552365 -0.833604
v -0.000000 -0.602635 -0.798018
v -0.000000 -0.696134 -0.717913
v -0.000000 -0.739009 -0.673696
v -0.000000 -0.850217 -0.526433
v -0.000000 -0.881012 -0.473094
v -0.000000 -0.908465 -0.417961
v -0.000000 -0.932472 -0.361242
v -0.000000 -0.952942 -0.303153
v -0.000000 -0.969797 -0.243914
vn 0.0623 -0.1227 -0.9905
vn 0.0058 0.9957 -0.0923
vn 0.0617 -0.1834 -0.9811
vn 0.0097 0.9881 -0.1534
vn 0.0609 -0.2435 -0.9680
vn 0.0135 0.9768 -0.2139
vn 0.0598 -0.3026 -0.9512
vn 0.0172 0.9617 -0.2736
vn 0.0586 -0.3606 -0.9309
vn 0.0209 0.9429 -0.3323
vn 0.0571 -0.4173 -0.9070
vn 0.0245 0.9206 -0.3897
vn 0.0554 -0.4724 -0.8797
vn 0.0280 0.8948 -0.4456
vn 0.0534 -0.5257 -0.8490
vn 0.0314 0.8656 -0.4998
vn 0.0513 -0.5770 -0.8151
vn 0.0347 0.8331 -0.5520
vn 0.0490 -0.6262 -0.7781
vn 0.0379 0.7974 -0.6022
vn 0.0464 -0.6730 -0.7382
vn 0.0409 0.7588 -0.6501
vn 0.0438 -0.7172 -0.6955
vn 0.0438 0.7172 -0.6955
vn 0.0409 -0.7588 -0.6501
vn 0.0464 0.6730 -0.7382
vn 0.0379 -0.7974 -0.6022
vn 0.0490 0.6262 -0.7781
vn 0.0347 -0.8331 -0.5520
vn 0.0513 0.5770 -0.8151
vn 0.0314 -0.8656 -0.4998
vn 0.0534 0.5257 -0.8490
vn 0.0280 -0.8948 -0.4456
vn 0.0553 0.4724 -0.8797
vn 0.0245 -0.9206 -0.3897
vn 0.0571 0.4173 -0.9070
vn 0.0209 -0.9429 -0.3323
vn 0.0586 0.3606 -0.9309
vn 0.0172 -0.9617 -0.2736
vn 0.0598 0.3026 -0.9512
vn 0.0135 -0.9768 -0.2139
vn 0.0609 0.2435 -0.9680
vn 0.0096 -0.9881 -0.1534
vn 0.0617 0.1834 -0.9811
vn 0.0058 -0.9957 -0.0923
vn 0.0623 0.1226 -0.9905
vn 0.0019 -0.9995 -0.0308
vn 0.0627 0.0614 -0.9961
vn 0.0628 -0.0000 -0.9980
vn 0.0627 -0.0614 -0.9961
vn 0.0019 0.9995 -0.0308
vn 0.1817 -0.2435 -0.9527
vn 0.0402 0.9768 -0.2105
vn 0.1786 -0.3026 -0.9362
vn 0.0514 0.9617 -0.2693
vn 0.1748 -0.3606 -0.9162
vn 0.0624 0.9429 -0.3270
vn 0.1703 -0.4173 -0.8927
vn 0.0732 0.9206 -0.3835
vn 0.1652 -0.4724 -0.8658
vn 0.0837 0.8948 -0.4385
vn 0.1594 -0.5257 -0.8356
vn 0.0938 0.8656 -0.4919
vn 0.1530 -0.5770 -0.8023
vn 0.1036 0.8331 -0.5433
vn 0.1461 -0.6262 -0.7659
vn 0.1131 0.7974 -0.5927
vn 0.1386 -0.6730 -0.7266
vn 0.1221 0.7588 -0.6398
vn 0.1306 -0.7172 -0.6845
vn 0.1306 0.7172 -0.6845
vn 0.1221 -0.7588 -0.6398
vn 0.1386 0.6730 -0.7266
vn 0.1131 -0.7974 -0.5927
vn 0.1461 0.6262 -0.7659
vn 0.1036 -0.8331 -0.5433
vn 0.1530 0.5770 -0.8023
vn 0.0938 -0.8656 -0.4919
vn 0.1594 0.5257 -0.8356
vn 0.0837 -0.8948 -0.4385
vn 0.1652 0.4724 -0.8658
vn 0.0732 -0.9206 -0.3835
vn 0.1703 0.4173 -0.8927
vn 0.0624 -0.9429 -0.3270
vn 0.1748 0.3606 -0.9162
vn 0.0514 -0.9617 -0.2693
vn 0.1786 0.3026 -0.9362
vn 0.0402 -0.9768 -0.2105
vn 0.1817 0.2435 -0.9527
vn 0.0288 -0.9881 -0.1510
vn 0.1842 0.1834 -0.9656
vn 0.0173 -0.9957 -0.0908
vn 0.1860 0.1226 -0.9749
vn 0.0058 -0.9995 -0.0303
vn 0.1870 0.0614 -0.9804
vn 0.1874 -0.0000 -0.9823
vn 0.1870 -0.0614 -0.9804
vn 0.0058 0.9995 -0.0303
vn 0.1860 -0.1226 -0.9749
vn 0.0173 0.9957 -0.0908
vn 0.1842 -0.1834 -0.9656
vn 0.0288 0.9881 -0.1510
vn 0.0847 0.9617 -0.2607
vn 0.2882 -0.3606 -0.8871
vn 0.1029 0.9429 -0.3166
vn 0.2808 -0.4173 -0.8643
vn 0.1207 0.9206 -0.3713
vn 0.2724 -0.4724 -0.8383
vn 0.1380 0.8948 -0.4246
vn 0.2629 -0.5257 -0.8090
vn 0.1547 0.8656 -0.4762
vn 0.2524 -0.5770 -0.7768
vn 0.1709 0.8331 -0.5261
vn 0.2409 -0.6262 -0.7415
vn 0.1865 0.7974 -0.5739
vn 0.2286 -0.6730 -0.7035
vn 0.2013 0.7588 -0.6195
vn 0.2153 -0.7172 -0.6627
vn 0.2153 0.7172 -0.6627
vn 0.2013 -0.7588 -0.6195
vn 0.2286 0.6730 -0.7035
vn 0.1865 -0.7974 -0.5739
vn 0.2409 0.6262 -0.7415
vn 0.1709 -0.8331 -0.5261
vn 0.2524 0.5770 -0.7768
vn 0.1547 -0.8656 -0.4762
vn 0.2629 0.5257 -0.8090
vn 0.1380 -0.8948 -0.4246
vn 0.2724 0.4724 -0.8383
vn 0.1207 -0.9206 -0.3713
vn 0.2808 0.4173 -0.8643
vn 0.1029 -0.9429 -0.3166
vn 0.2882 0.3606 -0.8871
vn 0.0847 -0.9617 -0.2607
vn 0.2945 0.3026 -0.9065
vn 0.0662 -0.9768 -0.2038
vn 0.2997 0.2435 -0.9224
vn 0.0475 -0.9881 -0.1462
vn 0.3038 0.1834 -0.9349
vn 0.0286 -0.9957 -0.0879
vn 0.3067 0.1226 -0.9439
vn 0.0095 -0.9995 -0.0293
vn 0.3084 0.0614 -0.9493
vn 0.3090 -0.0000 -0.9511
vn 0.3084 -0.0614 -0.9493
vn 0.0095 0.9995 -0.0293
vn 0.3067 -0.1226 -0.9439
vn 0.0286 0.9957 -0.0879
vn 0.3038 -0.1834 -0.9349
vn 0.0475 0.9881 -0.1462
vn 0.2997 -0.2435 -0.9224
vn 0.0662 0.9768 -0.2038
vn 0.2945 -0.3026 -0.9065
vn 0.3869 -0.4173 -0.8223
vn 0.1662 0.9206 -0.3533
vn 0.3753 -0.4724 -0.7975
vn 0.1901 0.8948 -0.4040
vn 0.3622 -0.5257 -0.7697
vn 0.2132 0.8656 -0.4531
vn 0.3477 -0.5770 -0.7390
vn 0.2355 0.8331 -0.5005
vn 0.3320 -0.6262 -0.7055
vn 0.2569 0.7974 -0.5460
vn 0.3149 -0.6730 -0.6693
vn 0.2773 0.7588 -0.5894
vn 0.2967 -0.7172 -0.6305
vn 0.2967 0.7172 -0.6305
vn 0.2773 -0.7588 -0.5894
vn 0.3149 0.6730 -0.6693
vn 0.2569 -0.7974 -0.5460
vn 0.3320 0.6262 -0.7055
vn 0.2355 -0.8331 -0.5005
vn 0.3477 0.5770 -0.7390
vn 0.2132 -0.8656 -0.4531
vn 0.3622 0.5257 -0.7697
vn 0.1901 -0.8948 -0.4040
vn 0.3753 0.4724 -0.7975
vn 0.1662 -0.9206 -0.3533
vn 0.3869 0.4173 -0.8223
vn 0.1418 -0.9429 -0.3013
vn 0.3971 0.3606 -0.8439
vn 0.1167 -0.9617 -0.2481
vn 0.4058 0.3026 -0.8624
vn 0.0913 -0.9768 -0.1939
vn 0.4130 0.2435 -0.8776
vn 0.0654 -0.9881 -0.1391
vn 0.4186 0.1834 -0.8895
vn 0.0394 -0.9957 -0.0837
vn 0.4226 0.1227 -0.8980
vn 0.0132 -0.9995 -0.0279
vn 0.4250 0.0614 -0.9031
vn 0.4258 -0.0000 -0.9048
vn 0.4250 -0.0614 -0.9031
vn 0.0132 0.9995 -0.0279
vn 0.4226 -0.1226 -0.8980
vn 0.0394 0.9957 -0.0837
vn 0.4186 -0.1834 -0.8895
vn 0.0654 0.9881 -0.1391
vn 0.4130 -0.2435 -0.8776
vn 0.0913 0.9768 -0.1939
vn 0.4058 -0.3026 -0.8624
vn 0.1167 0.9617 -0.2481
vn 0.3971 -0.3606 -0.8439
vn 0.1418 0.9429 -0.3013
vn 0.4558 -0.5257 -0.7183
vn 0.2683 0.8656 -0.4228
vn 0.4376 -0.5770 -0.6896
vn 0.2964 0.8331 -0.4670
vn 0.4178 -0.6262 -0.6583
vn 0.3233 0.7974 -0.5095
vn 0.3963 -0.6730 -0.6245
vn 0.3490 0.7588 -0.5500
vn 0.3734 -0.7172 -0.5884
vn 0.3734 0.7172 -0.5884
vn 0.3490 -0.7588 -0.5500
vn 0.3963 0.6730 -0.6245
vn 0.3233 -0.7974 -0.5095
vn 0.4178 0.6262 -0.6583
vn 0.2964 -0.8331 -0.4670
vn 0.4376 0.5770 -0.6896
vn 0.2683 -0.8656 -0.4228
vn 0.4558 0.5257 -0.7183
vn 0.2392 -0.8948 -0.3769
vn 0.4723 0.4724 -0.7442
vn 0.2092 -0.9206 -0.3297
vn 0.4869 0.4173 -0.7673
vn 0.1784 -0.9429 -0.2811
vn 0.4998 0.3606 -0.7875
vn 0.1469 -0.9617 -0.2315
vn 0.5107 0.3026 -0.8047
vn 0.1148 -0.9768 -0.1810
vn 0.5197 0.2435 -0.8189
vn 0.0823 -0.9881 -0.1298
vn 0.5267 0.1834 -0.8300
vn 0.0495 -0.9957 -0.0781
vn 0.5318 0.1227 -0.8380
vn 0.0165 -0.9995 -0.0261
vn 0.5348 0.0614 -0.8427
vn 0.5358 -0.0000 -0.8443
vn 0.5348 -0.0614 -0.8427
vn 0.0165 0.9995 -0.0261
vn 0.5318 -0.1227 -0.8380
vn 0.0495 0.9957 -0.0781
vn 0.5267 -0.1834 -0.8300
vn 0.0824 0.9881 -0.1298
vn 0.5197 -0.2435 -0.8189
vn 0.1148 0.9768 -0.1810
vn 0.5107 -0.3026 -0.8047
vn 0.1469 0.9617 -0.2315
vn 0.4998 -0.3606 -0.7875
vn 0.1784 0.9429 -0.2811
vn 0.4869 -0.4173 -0.7673
vn 0.2092 0.9206 -0.3297
vn 0.4723 -0.4724 -0.7442
vn 0.2392 0.8948 -0.3769
vn 0.4970 -0.6262 -0.6008
vn 0.3846 0.7974 -0.4649
vn 0.4715 -0.6730 -0.5699
vn 0.4152 0.7588 -0.5019
vn 0.4442 -0.7172 -0.5369
vn 0.4442 0.7172 -0.5369
vn 0.4152 -0.7588 -0.5019
vn 0.4715 0.6730 -0.5699
vn 0.3846 -0.7974 -0.4649
vn 0.4970 0.6262 -0.6008
vn 0.3526 -0.8331 -0.4262
vn 0.5206 0.5770 -0.6293
vn 0.3192 -0.8656 -0.3858
vn 0.5422 0.5257 -0.6555
vn 0.2846 -0.8948 -0.3440
vn 0.5618 0.4724 -0.6791
vn 0.2489 -0.9206 -0.3008
vn 0.5793 0.4173 -0.7002
vn 0.2122 -0.9429 -0.2565
vn 0.5945 0.3606 -0.7187
vn 0.1748 -0.9617 -0.2112
vn 0.6075 0.3026 -0.7344
vn 0.1366 -0.9768 -0.1651
vn 0.6182 0.2435 -0.7473
vn 0.0980 -0.9881 -0.1184
vn 0.6266 0.1834 -0.7574
vn 0.0589 -0.9957 -0.0712
vn 0.6326 0.1227 -0.7647
vn 0.0197 -0.9995 -0.0238
vn 0.6362 0.0614 -0.7691
vn 0.6374 -0.0000 -0.7705
vn 0.6362 -0.0614 -0.7691
vn 0.0197 0.9995 -0.0238
vn 0.6326 -0.1227 -0.7647
vn 0.0589 0.9957 -0.0712
vn 0.6266 -0.1834 -0.7574
vn 0.0980 0.9881 -0.1184
vn 0.6182 -0.2435 -0.7473
vn 0.1366 0.9768 -0.1651
vn 0.6075 -0.3026 -0.7344
vn 0.1748 0.9617 -0.2112
vn 0.5945 -0.3606 -0.7187
vn 0.2122 0.9429 -0.2565
vn 0.5793 -0.4173 -0.7002
vn 0.2489 0.9206 -0.3008
vn 0.5618 -0.4724 -0.6791
vn 0.2846 0.8948 -0.3440
vn 0.5422 -0.5257 -0.6555
vn 0.3192 0.8656 -0.3858
vn 0.5206 -0.5770 -0.6293
vn 0.3526 0.8331 -0.4262
vn 0.5080 -0.7172 -0.4770
vn 0.5080 0.7172 -0.4770
vn 0.4748 -0.7588 -0.4459
vn 0.5392 0.6730 -0.5063
vn 0.4399 -0.7974 -0.4131
vn 0.5684 0.6262 -0.5337
vn 0.4032 -0.8331 -0.3786
vn 0.5954 0.5770 -0.5591
vn 0.3650 -0.8656 -0.3428
vn 0.6201 0.5257 -0.5823
vn 0.3254 -0.8948 -0.3056
vn 0.6425 0.4724 -0.6034
vn 0.2846 -0.9206 -0.2673
vn 0.6625 0.4173 -0.6221
vn 0.2427 -0.9429 -0.2279
vn 0.6799 0.3606 -0.6385
vn 0.1999 -0.9617 -0.1877
vn 0.6948 0.3026 -0.6525
vn 0.1562 -0.9768 -0.1467
vn 0.7070 0.2435 -0.6639
vn 0.1120 -0.9881 -0.1052
vn 0.7166 0.1834 -0.6729
vn 0.0674 -0.9957 -0.0633
vn 0.7235 0.1227 -0.6794
vn 0.0225 -0.9995 -0.0211
vn 0.7276 0.0614 -0.6833
vn 0.7290 -0.0000 -0.6845
vn 0.7276 -0.0614 -0.6833
vn 0.0225 0.9995 -0.0211
vn 0.7235 -0.1227 -0.6794
vn 0.0674 0.9957 -0.0633
vn 0.7166 -0.1834 -0.6729
vn 0.1120 0.9881 -0.1052
vn 0.7070 -0.2435 -0.6639
vn 0.1562 0.9768 -0.1467
vn 0.6948 -0.3026 -0.6525
vn 0.1999 0.9617 -0.1877
vn 0.6799 -0.3606 -0.6385
vn 0.2427 0.9429 -0.2279
vn 0.6625 -0.4173 -0.6221
vn 0.2846 0.9206 -0.2673
vn 0.6425 -0.4724 -0.6034
vn 0.3254 0.8948 -0.3056
vn 0.6201 -0.5257 -0.5823
vn 0.3650 0.8656 -0.3428
vn 0.5954 -0.5770 -0.5591
vn 0.4032 0.8331 -0.3786
vn 0.5684 -0.6262 -0.5337
vn 0.4399 0.7974 -0.4131
vn 0.5392 -0.6730 -0.5063
vn 0.4748 0.7588 -0.4459
vn 0.5984 0.6730 -0.4348
vn 0.4882 -0.7974 -0.3547
vn 0.6308 0.6262 -0.4583
vn 0.4475 -0.8331 -0.3251
vn 0.6608 0.5770 -0.4801
vn 0.4051 -0.8656 -0.2943
vn 0.6882 0.5257 -0.5000
vn 0.3612 -0.8948 -0.2624
vn 0.7131 0.4724 -0.5181
vn 0.3159 -0.9206 -0.2295
vn 0.7352 0.4173 -0.5342
vn 0.2694 -0.9429 -0.1957
vn 0.7546 0.3606 -0.5482
vn 0.2218 -0.9617 -0.1611
vn 0.7711 0.3026 -0.5602
vn 0.1734 -0.9768 -0.1260
vn 0.7847 0.2435 -0.5701
vn 0.1243 -0.9881 -0.0903
vn 0.7953 0.1834 -0.5778
vn 0.0748 -0.9957 -0.0543
vn 0.8029 0.1227 -0.5833
vn 0.0250 -0.9995 -0.0181
vn 0.8075 0.0614 -0.5867
vn 0.8090 -0.0000 -0.5878
vn 0.8075 -0.0614 -0.5867
vn 0.0250 0.9995 -0.0181
vn 0.8029 -0.1227 -0.5833
vn 0.0748 0.9957 -0.0543
vn 0.7953 -0.1834 -0.5778
vn 0.1243 0.9881 -0.0903
vn 0.7847 -0.2435 -0.5701
vn 0.1734 0.9768 -0.1260
vn 0.7711 -0.3026 -0.5602
vn 0.2218 0.9617 -0.1611
vn 0.7546 -0.3606 -0.5482
vn 0.2694 0.9429 -0.1957
vn 0.7352 -0.4173 -0.5342
vn 0.3159 0.9206 -0.2295
vn 0.7131 -0.4724 -0.5181
vn 0.3612 0.8948 -0.2624
vn 0.6882 -0.5257 -0.5000
vn 0.4051 0.8656 -0.2943
vn 0.6608 -0.5770 -0.4801
vn 0.4475 0.8331 -0.3251
vn 0.6308 -0.6262 -0.4583
vn 0.4882 0.7974 -0.3547
vn 0.5984 -0.6730 -0.4348
vn 0.5270 0.7588 -0.3829
vn 0.5638 -0.7172 -0.4096
vn 0.5638 0.7172 -0.4096
vn 0.5270 -0.7588 -0.3829
vn 0.4847 -0.8331 -0.2665
vn 0.7157 0.5770 -0.3935
vn 0.4388 -0.8656 -0.2412
vn 0.7455 0.5257 -0.4098
vn 0.3912 -0.8948 -0.2151
vn 0.7724 0.4724 -0.4246
vn 0.3421 -0.9206 -0.1881
vn 0.7964 0.4173 -0.4378
vn 0.2918 -0.9429 -0.1604
vn 0.8173 0.3606 -0.4493
vn 0.2403 -0.9617 -0.1321
vn 0.8352 0.3026 -0.4592
vn 0.1878 -0.9768 -0.1033
vn 0.8499 0.2435 -0.4673
vn 0.1347 -0.9881 -0.0740
vn 0.8614 0.1834 -0.4736
vn 0.0810 -0.9957 -0.0445
vn 0.8697 0.1227 -0.4781
vn 0.0270 -0.9995 -0.0149
vn 0.8747 0.0614 -0.4808
vn 0.8763 -0.0000 -0.4818
vn 0.8747 -0.0614 -0.4808
vn 0.0270 0.9995 -0.0149
vn 0.8697 -0.1227 -0.4781
vn 0.0810 0.9957 -0.0445
vn 0.8614 -0.1834 -0.4736
vn 0.1347 0.9881 -0.0740
vn 0.8499 -0.2435 -0.4673
vn 0.1878 0.9768 -0.1033
vn 0.8352 -0.3026 -0.4592
vn 0.2403 0.9617 -0.1321
vn 0.8173 -0.3606 -0.4493
vn 0.2918 0.9429 -0.1604
vn 0.7964 -0.4173 -0.4378
vn 0.3421 0.9206 -0.1881
vn 0.7724 -0.4724 -0.4246
vn 0.3912 0.8948 -0.2151
vn 0.7455 -0.5257 -0.4098
vn 0.4388 0.8656 -0.2412
vn 0.7157 -0.5770 -0.3935
vn 0.4847 0.8331 -0.2665
vn 0.6832 -0.6262 -0.3756
vn 0.5288 0.7974 -0.2907
vn 0.6482 -0.6730 -0.3563
vn 0.5708 0.7588 -0.3138
vn 0.6106 -0.7172 -0.3357
vn 0.6106 0.7172 -0.3357
vn 0.5708 -0.7588 -0.3138
vn 0.6482 0.6730 -0.3563
vn 0.5288 -0.7974 -0.2907
vn 0.6832 0.6262 -0.3756
vn 0.4151 -0.8948 -0.1643
vn 0.8195 0.4724 -0.3245
vn 0.3630 -0.9206 -0.1437
vn 0.8450 0.4173 -0.3345
vn 0.3096 -0.9429 -0.1226
vn 0.8672 0.3606 -0.3434
vn 0.2549 -0.9617 -0.1009
vn 0.8862 0.3026 -0.3509
vn 0.1993 -0.9768 -0.0789
vn 0.9018 0.2435 -0.3570
vn 0.1429 -0.9881 -0.0566
vn 0.9140 0.1834 -0.3619
vn 0.0860 -0.9957 -0.0340
vn 0.9228 0.1227 -0.3653
vn 0.0287 -0.9995 -0.0114
vn 0.9280 0.0614 -0.3674
vn 0.9298 -0.0000 -0.3681
vn 0.9280 -0.0614 -0.3674
vn 0.0287 0.9995 -0.0114
vn 0.9228 -0.1227 -0.3653
vn 0.0860 0.9957 -0.0340
vn 0.9140 -0.1834 -0.3619
vn 0.1429 0.9881 -0.0566
vn 0.9018 -0.2435 -0.3570
vn 0.1993 0.9768 -0.0789
vn 0.8862 -0.3026 -0.3509
vn 0.2549 0.9617 -0.1009
vn 0.8672 -0.3606 -0.3434
vn 0.3096 0.9429 -0.1226
vn 0.8450 -0.4173 -0.3345
vn 0.3630 0.9206 -0.1437
vn 0.8195 -0.4724 -0.3245
vn 0.4151 0.8948 -0.1643
vn 0.7909 -0.5257 -0.3132
vn 0.4656 0.8656 -0.1843
vn 0.7594 -0.5770 -0.3007
vn 0.5143 0.8331 -0.2036
vn 0.7249 -0.6262 -0.2870
vn 0.5610 0.7974 -0.2221
vn 0.6877 -0.6730 -0.2723
vn 0.6056 0.7588 -0.2398
vn 0.6479 -0.7172 -0.2565
vn 0.6479 0.7172 -0.2565
vn 0.6056 -0.7588 -0.2398
vn 0.6877 0.6730 -0.2723
vn 0.5610 -0.7974 -0.2221
vn 0.7249 0.6262 -0.2870
vn 0.5143 -0.8331 -0.2036
vn 0.7594 0.5770 -0.3007
vn 0.4656 -0.8656 -0.1843
vn 0.7909 0.5257 -0.3132
vn 0.3225 -0.9429 -0.0828
vn 0.9034 0.3606 -0.2320
vn 0.2656 -0.9617 -0.0682
vn 0.9232 0.3026 -0.2370
vn 0.2076 -0.9768 -0.0533
vn 0.9394 0.2435 -0.2412
vn 0.1489 -0.9881 -0.0382
vn 0.9522 0.1834 -0.2445
vn 0.0895 -0.9957 -0.0230
vn 0.9613 0.1226 -0.2468
vn 0.0299 -0.9995 -0.0077
vn 0.9668 0.0614 -0.2482
vn 0.9686 -0.0000 -0.2487
vn 0.9668 -0.0614 -0.2482
vn 0.0299 0.9995 -0.0077
vn 0.9613 -0.1226 -0.2468
vn 0.0895 0.9957 -0.0230
vn 0.9522 -0.1834 -0.2445
vn 0.1489 0.9881 -0.0382
vn 0.9394 -0.2435 -0.2412
vn 0.2076 0.9768 -0.0533
vn 0.9232 -0.3026 -0.2370
vn 0.2655 0.9617 -0.0682
vn 0.9034 -0.3606 -0.2320
vn 0.3225 0.9429 -0.0828
vn 0.8802 -0.4173 -0.2260
vn 0.3782 0.9206 -0.0971
vn 0.8537 -0.4724 -0.2192
vn 0.4324 0.8948 -0.1110
vn 0.8240 -0.5257 -0.2116
vn 0.4850 0.8656 -0.1245
vn 0.7911 -0.5770 -0.2031
vn 0.5357 0.8331 -0.1376
vn 0.7552 -0.6262 -0.1939
vn 0.5844 0.7974 -0.1501
vn 0.7164 -0.6730 -0.1839
vn 0.6309 0.7588 -0.1620
vn 0.6749 -0.7172 -0.1733
vn 0.6749 0.7172 -0.1733
vn 0.6309 -0.7588 -0.1620
vn 0.7164 0.6730 -0.1839
vn 0.5844 -0.7974 -0.1501
vn 0.7552 0.6262 -0.1939
vn 0.5357 -0.8331 -0.1376
vn 0.7911 0.5770 -0.2031
vn 0.4850 -0.8656 -0.1245
vn 0.8240 0.5257 -0.2116
vn 0.4324 -0.8948 -0.1110
vn 0.8537 0.4724 -0.2192
vn 0.3782 -0.9206 -0.0971
vn 0.8802 0.4173 -0.2260
vn 0.2126 -0.9768 -0.0269
vn 0.9623 0.2435 -0.1216
vn 0.1525 -0.9881 -0.0193
vn 0.9753 0.1834 -0.1232
vn 0.0917 -0.9957 -0.0116
vn 0.9846 0.1226 -0.1244
vn 0.0306 -0.9995 -0.0039
vn 0.9902 0.0614 -0.1251
vn 0.9921 -0.0000 -0.1253
vn 0.9902 -0.0614 -0.1251
vn 0.0306 0.9995 -0.0039
vn 0.9846 -0.1226 -0.1244
vn 0.0917 0.9957 -0.0116
vn 0.9753 -0.1834 -0.1232
vn 0.1525 0.9881 -0.0193
vn 0.9623 -0.2435 -0.1216
vn 0.2126 0.9768 -0.0269
vn 0.9456 -0.3026 -0.1195
vn 0.2720 0.9617 -0.0344
vn 0.9254 -0.3606 -0.1169
vn 0.3303 0.9429 -0.0417
vn 0.9016 -0.4173 -0.1139
vn 0.3874 0.9206 -0.0489
vn 0.8745 -0.4724 -0.1105
vn 0.4429 0.8948 -0.0560
vn 0.8440 -0.5257 -0.1066
vn 0.4968 0.8656 -0.0628
vn 0.8103 -0.5770 -0.1024
vn 0.5488 0.8331 -0.0693
vn 0.7735 -0.6262 -0.0977
vn 0.5986 0.7974 -0.0756
vn 0.7338 -0.6730 -0.0927
vn 0.6462 0.7588 -0.0816
vn 0.6913 -0.7172 -0.0873
vn 0.6913 0.7172 -0.0873
vn 0.6462 -0.7588 -0.0816
vn 0.7338 0.6730 -0.0927
vn 0.5986 -0.7974 -0.0756
vn 0.7735 0.6262 -0.0977
vn 0.5488 -0.8331 -0.0693
vn 0.8103 0.5770 -0.1024
vn 0.4968 -0.8656 -0.0628
vn 0.8440 0.5257 -0.1066
vn 0.4429 -0.8948 -0.0560
vn 0.8745 0.4724 -0.1105
vn 0.3874 -0.9206 -0.0489
vn 0.9016 0.4173 -0.1139
vn 0.3303 -0.9429 -0.0417
vn 0.9254 0.3606 -0.1169
vn 0.2720 -0.9617 -0.0344
vn 0.9456 0.3026 -0.1195
vn 0.9830 0.1834 -0.0000
vn 0.0924 -0.9957 -0.0000
vn 0.9925 0.1226 -0.0000
vn 0.0309 -0.9995 -0.0000
vn 0.9981 0.0614 -0.0000
vn 1.0000 -0.0000 -0.0000
vn 0.9981 -0.0614 -0.0000
vn 0.0309 0.9995 -0.0000
vn 0.9925 -0.1226 -0.0000
vn 0.0924 0.9957 -0.0000
vn 0.9830 -0.1834 -0.0000
vn 0.1537 0.9881 -0.0000
vn 0.9699 -0.2435 -0.0000
vn 0.2143 0.9768 -0.0000
vn 0.9531 -0.3026 -0.0000
vn 0.2742 0.9617 -0.0000
vn 0.9327 -0.3606 -0.0000
vn 0.3329 0.9429 -0.0000
vn 0.9088 -0.4173 -0.0000
vn 0.3904 0.9206 -0.0000
vn 0.8814 -0.4724 -0.0000
vn 0.4464 0.8948 -0.0000
vn 0.8507 -0.5257 -0.0000
vn 0.5007 0.8656 -0.0000
vn 0.8167 -0.5770 -0.0000
vn 0.5531 0.8331 -0.0000
vn 0.7797 -0.6262 -0.0000
vn 0.6034 0.7974 -0.0000
vn 0.7397 -0.6730 -0.0000
vn 0.6514 0.7588 -0.0000
vn 0.6968 -0.7172 -0.0000
vn 0.6968 0.7172 -0.0000
vn 0.6514 -0.7588 -0.0000
vn 0.7397 0.6730 -0.0000
vn 0.6034 -0.7974 -0.0000
vn 0.7797 0.6262 -0.0000
vn 0.5531 -0.8331 -0.0000
vn 0.8167 0.5770 -0.0000
vn 0.5007 -0.8656 -0.0000
vn 0.8507 0.5257 -0.0000
vn 0.4464 -0.8948 -0.0000
vn 0.8814 0.4724 -0.0000
vn 0.3904 -0.9206 -0.0000
vn 0.9088 0.4173 -0.0000
vn 0.3329 -0.9429 -0.0000
vn 0.9327 0.3606 -0.0000
vn 0.2742 -0.9617 -0.0000
vn 0.9531 0.3026 -0.0000
vn 0.2143 -0.9768 -0.0000
vn 0.9699 0.2435 -0.0000
vn 0.1537 -0.9881 -0.0000
vn 0.0306 -0.9995 0.0039
vn 0.9902 0.0614 0.1251
vn 0.9921 -0.0000 0.1253
vn 0.9902 -0.0614 0.1251
vn 0.0306 0.9995 0.0039
vn 0.9846 -0.1226 0.1244
vn 0.0917 0.9957 0.0116
vn 0.9753 -0.1834 0.1232
vn 0.1525 0.9881 0.0193
vn 0.9623 -0.2435 0.1216
vn 0.2126 0.9768 0.0269
vn 0.9456 -0.3026 0.1195
vn 0.2720 0.9617 0.0344
vn 0.9254 -0.3606 0.1169
vn 0.3303 0.9429 0.0417
vn 0.9016 -0.4173 0.1139
vn 0.3874 0.9206 0.0489
vn 0.8745 -0.4724 0.1105
vn 0.4429 0.8948 0.0560
vn 0.8440 -0.5257 0.1066
vn 0.4968 0.8656 0.0628
vn 0.8103 -0.5770 0.1024
vn 0.5488 0.8331 0.0693
vn 0.7735 -0.6262 0.0977
vn 0.5986 0.7974 0.0756
vn 0.7338 -0.6730 0.0927
vn 0.6462 0.7588 0.0816
vn 0.6913 -0.7172 0.0873
vn 0.6913 0.7172 0.0873
vn 0.6462 -0.7588 0.0816
vn 0.7338 0.6730 0.0927
vn 0.5986 -0.7974 0.0756
vn 0.7735 0.6262 0.0977
vn 0.5488 -0.8331 0.0693
vn 0.8103 0.5770 0.1024
vn 0.4968 -0.8656 0.0628
vn 0.8440 0.5257 0.1066
vn 0.4429 -0.8948 0.0560
vn 0.8745 0.4724 0.1105
vn 0.3874 -0.9206 0.0489
vn 0.9016 0.4173 0.1139
vn 0.3303 -0.9429 0.0417
vn 0.9254 0.3606 0.1169
vn 0.2720 -0.9617 0.0344
vn 0.9456 0.3026 0.1195
vn 0.2126 -0.9768 0.0269
vn 0.9623 0.2435 0.1216
vn 0.1525 -0.9881 0.0193
vn 0.9753 0.1834 0.1232
vn 0.0917 -0.9957 0.0116
vn 0.9846 0.1226 0.1244
vn 0.9668 -0.0614 0.2482
vn 0.0299 0.9995 0.0077
vn 0.9613 -0.1226 0.2468
vn 0.0895 0.9957 0.0230
vn 0.9522 -0.1834 0.2445
vn 0.1489 0.9881 0.0382
vn 0.9394 -0.2435 0.2412
vn 0.2076 0.9768 0.0533
vn 0.9232 -0.3026 0.2370
vn 0.2656 0.9617 0.0682
vn 0.9034 -0.3606 0.2320
vn 0.3225 0.9429 0.0828
vn 0.8802 -0.4173 0.2260
vn 0.3782 0.9206 0.0971
vn 0.8537 -0.4724 0.2192
vn 0.4324 0.8948 0.1110
vn 0.8240 -0.5257 0.2116
vn 0.4850 0.8656 0.1245
vn 0.7911 -0.5770 0.2031
vn 0.5357 0.8331 0.1376
vn 0.7552 -0.6262 0.1939
vn 0.5844 0.7974 0.1501
vn 0.7164 -0.6730 0.1839
vn 0.6309 0.7588 0.1620
vn 0.6749 -0.7172 0.1733
vn 0.6749 0.7172 0.1733
vn 0.6309 -0.7588 0.1620
vn 0.7164 0.6730 0.1839
vn 0.5844 -0.7974 0.1501
vn 0.7552 0.6262 0.1939
vn 0.5357 -0.8331 0.1376
vn 0.7911 0.5770 0.2031
vn 0.4850 -0.8656 0.1245
vn 0.8240 0.5257 0.2116
vn 0.4324 -0.8948 0.1110
vn 0.8537 0.4724 0.2192
vn 0.3782 -0.9206 0.0971
vn 0.8802 0.4173 0.2260
vn 0.3225 -0.9429 0.0828
vn 0.9034 0.3606 0.2320
vn 0.2656 -0.9617 0.0682
vn 0.9232 0.3026 0.2370
vn 0.2076 -0.9768 0.0533
vn 0.9394 0.2435 0.2412
vn 0.1489 -0.9881 0.0382
vn 0.9522 0.1834 0.2445
vn 0.0895 -0.9957 0.0230
vn 0.9613 0.1226 0.2468
vn 0.0299 -0.9995 0.0077
vn 0.9668 0.0614 0.2482
vn 0.9686 -0.0000 0.2487
vn 0.9140 -0.1834 0.3619
vn 0.1429 0.9881 0.0566
vn 0.9018 -0.2435 0.3570
vn 0.1993 0.9768 0.0789
vn 0.8862 -0.3026 0.3509
vn 0.2549 0.9617 0.1009
vn 0.8672 -0.3606 0.3434
vn 0.3096 0.9429 0.1226
vn 0.8450 -0.4173 0.3345
vn 0.3630 0.9206 0.1437
vn 0.8195 -0.4724 0.3245
vn 0.4151 0.8948 0.1643
vn 0.7909 -0.5257 0.3132
vn 0.4656 0.8656 0.1843
vn 0.7594 -0.5770 0.3007
vn 0.5143 0.8331 0.2036
vn 0.7249 -0.6262 0.2870
vn 0.5610 0.7974 0.2221
vn 0.6877 -0.6730 0.2723
vn 0.6056 0.7588 0.2398
vn 0.6479 -0.7172 0.2565
vn 0.6479 0.7172 0.2565
vn 0.6056 -0.7588 0.2398
vn 0.6877 0.6730 0.2723
vn 0.5610 -0.7974 0.2221
vn 0.7249 0.6262 0.2870
vn 0.5143 -0.8331 0.2036
vn 0.7594 0.5770 0.3007
vn 0.4656 -0.8656 0.1843
vn 0.7909 0.5257 0.3132
vn 0.4151 -0.8948 0.1643
vn 0.8195 0.4724 0.3245
vn 0.3630 -0.9206 0.1437
vn 0.8450 0.4173 0.3345
vn 0.3096 -0.9429 0.1226
vn 0.8672 0.3606 0.3434
vn 0.2549 -0.9617 0.1009
vn 0.8862 0.3026 0.3509
vn 0.1993 -0.9768 0.0789
vn 0.9018 0.2435 0.3570
vn 0.1429 -0.9881 0.0566
vn 0.9140 0.1834 0.3619
vn 0.0860 -0.9957 0.0340
vn 0.9228 0.1226 0.3653
vn 0.0287 -0.9995 0.0114
vn 0.9280 0.0614 0.3674
vn 0.9298 -0.0000 0.3681
vn 0.9280 -0.0614 0.3674
vn 0.0287 0.9995 0.0114
vn 0.9228 -0.1226 0.3653
vn 0.0860 0.9957 0.0340
vn 0.2918 -0.9429 0.1604
vn 0.1878 0.9768 0.1033
vn 0.8352 -0.3026 0.4592
vn 0.2403 0.9617 0.1321
vn 0.2403 -0.9617 0.1321
vn 0.8173 -0.3606 0.4493
vn 0.2918 0.9429 0.1604
vn 0.1878 -0.9768 0.1033
vn 0.7964 -0.4173 0.4378
vn 0.3421 0.9206 0.1881
vn 0.1347 -0.9881 0.0740
vn 0.7724 -0.4724 0.4246
vn 0.3912 0.8948 0.2151
vn 0.0810 -0.9957 0.0445
vn 0.7455 -0.5257 0.4098
vn 0.0270 -0.9995 0.0149
vn 0.4388 0.8656 0.2412
vn 0.7157 -0.5770 0.3935
vn 0.4847 0.8331 0.2665
vn 0.6832 -0.6262 0.3756
vn 0.5288 0.7974 0.2907
vn 0.6482 -0.6730 0.3563
vn 0.5708 0.7588 0.3138
vn 0.6106 -0.7172 0.3357
vn 0.6106 0.7172 0.3357
vn 0.5708 -0.7588 0.3138
vn 0.6482 0.6730 0.3563
vn 0.5288 -0.7974 0.2907
vn 0.6832 0.6262 0.3756
vn 0.4847 -0.8331 0.2665
vn 0.7157 0.5770 0.3935
vn 0.7455 0.5257 0.4098
vn 0.7724 0.4724 0.4246
vn 0.7964 0.4173 0.4378
vn 0.8173 0.3606 0.4493
vn 0.8352 0.3026 0.4592
vn 0.8499 0.2435 0.4673
vn 0.8614 0.1834 0.4736
vn 0.8697 0.1226 0.4781
vn 0.8747 0.0614 0.4808
vn 0.8763 -0.0000 0.4818
vn 0.8747 -0.0614 0.4808
vn 0.4388 -0.8656 0.2412
vn 0.0270 0.9995 0.0149
vn 0.8697 -0.1226 0.4781
vn 0.3912 -0.8948 0.2151
vn 0.0810 0.9957 0.0445
vn 0.8614 -0.1834 0.4736
vn 0.3421 -0.9206 0.1881
vn 0.1347 0.9881 0.0740
vn 0.8499 -0.2435 0.4673
vn 0.1734 -0.9768 0.1260
vn 0.7847 0.2435 0.5701
vn 0.1243 -0.9881 0.0903
vn 0.7953 0.1834 0.5778
vn 0.0748 -0.9957 0.0543
vn 0.8029 0.1226 0.5833
vn 0.0250 -0.9995 0.0181
vn 0.8075 0.0614 0.5867
vn 0.8090 -0.0000 0.5878
vn 0.8075 -0.0614 0.5867
vn 0.0250 0.9995 0.0181
vn 0.8029 -0.1226 0.5833
vn 0.0748 0.9957 0.0543
vn 0.7953 -0.1834 0.5778
vn 0.1243 0.9881 0.0903
vn 0.7847 -0.2435 0.5701
vn 0.1734 0.9768 0.1260
vn 0.7711 -0.3026 0.5602
vn 0.2218 0.9617 0.1611
vn 0.7546 -0.3606 0.5482
vn 0.2694 0.9429 0.1957
vn 0.7352 -0.4173 0.5342
vn 0.3159 0.9206 0.2295
vn 0.7131 -0.4724 0.5181
vn 0.3612 0.8948 0.2624
vn 0.6882 -0.5257 0.5000
vn 0.4051 0.8656 0.2943
vn 0.6608 -0.5770 0.4801
vn 0.4475 0.8331 0.3251
vn 0.6308 -0.6262 0.4583
vn 0.4882 0.7974 0.3547
vn 0.5984 -0.6730 0.4348
vn 0.5270 0.7588 0.3829
vn 0.5638 -0.7172 0.4096
vn 0.5638 0.7172 0.4096
vn 0.5270 -0.7588 0.3829
vn 0.5984 0.6730 0.4348
vn 0.4882 -0.7974 0.3547
vn 0.6308 0.6262 0.4583
vn 0.4475 -0.8331 0.3251
vn 0.6608 0.5770 0.4801
vn 0.4051 -0.8656 0.2943
vn 0.6882 0.5257 0.5000
vn 0.3612 -0.8948 0.2624
vn 0.7131 0.4724 0.5181
vn 0.3159 -0.9206 0.2295
vn 0.7352 0.4173 0.5342
vn 0.2694 -0.9429 0.1957
vn 0.7546 0.3606 0.5482
vn 0.2218 -0.9617 0.1611
vn 0.7711 0.3026 0.5602
vn 0.0674 -0.9957 0.0633
vn 0.7235 0.1226 0.6794
vn 0.0225 -0.9995 0.0211
vn 0.7276 0.0614 0.6833
vn 0.7290 -0.0000 0.6845
vn 0.7276 -0.0614 0.6833
vn 0.0225 0.9995 0.0211
vn 0.7235 -0.1226 0.6794
vn 0.0674 0.9957 0.0633
vn 0.7166 -0.1834 0.6729
vn 0.1120 0.9881 0.1052
vn 0.7070 -0.2435 0.6639
vn 0.1562 0.9768 0.1467
vn 0.6948 -0.3026 0.6525
vn 0.1999 0.9617 0.1877
vn 0.6799 -0.3606 0.6385
vn 0.2427 0.9429 0.2279
vn 0.6625 -0.4173 0.6221
vn 0.2846 0.9206 0.2673
vn 0.6425 -0.4724 0.6034
vn 0.3254 0.8948 0.3056
vn 0.6201 -0.5257 0.5823
vn 0.3650 0.8656 0.3428
vn 0.5954 -0.5770 0.5591
vn 0.4032 0.8331 0.3786
vn 0.5684 -0.6262 0.5337
vn 0.4399 0.7974 0.4131
vn 0.5392 -0.6730 0.5063
vn 0.4748 0.7588 0.4459
vn 0.5080 -0.7172 0.4770
vn 0.5080 0.7172 0.4770
vn 0.4748 -0.7588 0.4459
vn 0.5392 0.6730 0.5063
vn 0.4399 -0.7974 0.4131
vn 0.5684 0.6262 0.5337
vn 0.4032 -0.8331 0.3786
vn 0.5954 0.5770 0.5591
vn 0.3650 -0.8656 0.3428
vn 0.6201 0.5257 0.5823
vn 0.3254 -0.8948 0.3056
vn 0.6425 0.4724 0.6034
vn 0.2846 -0.9206 0.2673
vn 0.6625 0.4173 0.6221
vn 0.2427 -0.9429 0.2279
vn 0.6799 0.3606 0.6385
vn 0.1999 -0.9617 0.1877
vn 0.6948 0.3026 0.6525
vn 0.1562 -0.9768 0.1467
vn 0.7070 0.2435 0.6639
vn 0.1120 -0.9881 0.1052
vn 0.7166 0.1834 0.6729
vn 0.6374 -0.0000 0.7705
vn 0.6362 -0.0614 0.7691
vn 0.0197 0.9995 0.0238
vn 0.6326 -0.1226 0.7647
vn 0.0589 0.9957 0.0712
vn 0.6266 -0.1834 0.7574
vn 0.0980 0.9881 0.1184
vn 0.6182 -0.2435 0.7473
vn 0.1366 0.9768 0.1651
vn 0.6075 -0.3026 0.7344
vn 0.1748 0.9617 0.2112
vn 0.5945 -0.3606 0.7187
vn 0.2122 0.9429 0.2565
vn 0.5793 -0.4173 0.7002
vn 0.2489 0.9206 0.3008
vn 0.5618 -0.4724 0.6791
vn 0.2846 0.8948 0.3440
vn 0.5422 -0.5257 0.6555
vn 0.3192 0.8656 0.3858
vn 0.5206 -0.5770 0.6293
vn 0.3526 0.8331 0.4262
vn 0.4970 -0.6262 0.6008
vn 0.3846 0.7974 0.4649
vn 0.4715 -0.6730 0.5699
vn 0.4152 0.7588 0.5019
vn 0.4442 -0.7172 0.5369
vn 0.4442 0.7172 0.5369
vn 0.4152 -0.7588 0.5019
vn 0.4715 0.6730 0.5699
vn 0.3846 -0.7974 0.4649
vn 0.4970 0.6262 0.6008
vn 0.3526 -0.8331 0.4262
vn 0.5206 0.5770 0.6293
vn 0.3192 -0.8656 0.3858
vn 0.5422 0.5257 0.6555
vn 0.2846 -0.8948 0.3440
vn 0.5618 0.4724 0.6791
vn 0.2489 -0.9206 0.3008
vn 0.5793 0.4173 0.7002
vn 0.2122 -0.9429 0.2565
vn 0.5945 0.3606 0.7187
vn 0.1748 -0.9617 0.2112
vn 0.6075 0.3026 0.7344
vn 0.1366 -0.9768 0.1651
vn 0.6182 0.2435 0.7473
vn 0.0980 -0.9881 0.1184
vn 0.6266 0.1834 0.7574
vn 0.0589 -0.9957 0.0712
vn 0.6326 0.1226 0.7647
vn 0.0197 -0.9995 0.0238
vn 0.6362 0.0614 0.7691
vn 0.5348 -0.0614 0.8427
vn 0.0165 0.9995 0.0261
vn 0.5318 -0.1226 0.8380
vn 0.0495 0.9957 0.0781
vn 0.5267 -0.1834 0.8300
vn 0.0823 0.9881 0.1298
vn 0.5197 -0.2435 0.8189
vn 0.1148 0.9768 0.1810
vn 0.5107 -0.3026 0.8047
vn 0.1469 0.9617 0.2315
vn 0.4998 -0.3606 0.7875
vn 0.1784 0.9429 0.2811
vn 0.4869 -0.4173 0.7673
vn 0.2092 0.9206 0.3297
vn 0.4723 -0.4724 0.7442
vn 0.2392 0.8948 0.3769
vn 0.4558 -0.5257 0.7183
vn 0.2683 0.8656 0.4228
vn 0.4376 -0.5770 0.6896
vn 0.2964 0.8331 0.4670
vn 0.4178 -0.6262 0.6583
vn 0.3233 0.7974 0.5095
vn 0.3963 -0.6730 0.6245
vn 0.3490 0.7588 0.5500
vn 0.3734 -0.7172 0.5884
vn 0.3734 0.7172 0.5884
vn 0.3490 -0.7588 0.5500
vn 0.3963 0.6730 0.6245
vn 0.3233 -0.7974 0.5095
vn 0.4178 0.6262 0.6583
vn 0.2964 -0.8331 0.4670
vn 0.4376 0.5770 0.6896
vn 0.2683 -0.8656 0.4228
vn 0.4558 0.5257 0.7183
vn 0.2392 -0.8948 0.3769
vn 0.4723 0.4724 0.7442
vn 0.2092 -0.9206 0.3297
vn 0.4869 0.4173 0.7673
vn 0.1784 -0.9429 0.2811
vn 0.4998 0.3606 0.7875
vn 0.1469 -0.9617 0.2315
vn 0.5107 0.3026 0.8047
vn 0.1148 -0.9768 0.1810
vn 0.5197 0.2435 0.8189
vn 0.0824 -0.9881 0.1298
vn 0.5267 0.1834 0.8300
vn 0.0495 -0.9957 0.0781
vn 0.5318 0.1226 0.8380
vn 0.0165 -0.9995 0.0261
vn 0.5348 0.0614 0.8427
vn 0.5358 -0.0000 0.8443
vn 0.4186 -0.1834 0.8895
vn 0.0654 0.9881 0.1391
vn 0.4130 -0.2435 0.8776
vn 0.0913 0.9768 0.1939
vn 0.4058 -0.3026 0.8624
vn 0.1167 0.9617 0.2481
vn 0.3971 -0.3606 0.8439
vn 0.1418 0.9429 0.3013
vn 0.3869 -0.4173 0.8223
vn 0.1662 0.9206 0.3533
vn 0.3753 -0.4724 0.7975
vn 0.1901 0.8948 0.4040
vn 0.3622 -0.5257 0.7697
vn 0.2132 0.8656 0.4531
vn 0.3477 -0.5770 0.7390
vn 0.2355 0.8331 0.5005
vn 0.3320 -0.6262 0.7055
vn 0.2569 0.7974 0.5460
vn 0.3149 -0.6730 0.6693
vn 0.2773 0.7588 0.5894
vn 0.2967 -0.7172 0.6305
vn 0.2967 0.7172 0.6305
vn 0.2773 -0.7588 0.5894
vn 0.3149 0.6730 0.6693
vn 0.2569 -0.7974 0.5460
vn 0.3320 0.6262 0.7055
vn 0.2355 -0.8331 0.5005
vn 0.3477 0.5770 0.7390
vn 0.2132 -0.8656 0.4531
vn 0.3622 0.5257 0.7697
vn 0.1901 -0.8948 0.4040
vn 0.3753 0.4724 0.7975
vn 0.1662 -0.9206 0.3533
vn 0.3869 0.4173 0.8223
vn 0.1418 -0.9429 0.3013
vn 0.3971 0.3606 0.8439
vn 0.1167 -0.9617 0.2481
vn 0.4058 0.3026 0.8624
vn 0.0913 -0.9768 0.1939
vn 0.4130 0.2435 0.8776
vn 0.0654 -0.9881 0.1391
vn 0.4186 0.1834 0.8895
vn 0.0394 -0.9957 0.0837
vn 0.4226 0.1226 0.8980
vn 0.0132 -0.9995 0.0279
vn 0.4250 0.0614 0.9031
vn 0.4258 -0.0000 0.9048
vn 0.4250 -0.0614 0.9031
vn 0.0132 0.9995 0.0279
vn 0.4226 -0.1226 0.8980
vn 0.0394 0.9957 0.0837
vn 0.2945 -0.3026 0.9065
vn 0.0847 0.9617 0.2607
vn 0.2882 -0.3606 0.8871
vn 0.1029 0.9429 0.3166
vn 0.2808 -0.4173 0.8643
vn 0.1207 0.9206 0.3713
vn 0.2724 -0.4724 0.8383
vn 0.1380 0.8948 0.4246
vn 0.2629 -0.5257 0.8090
vn 0.1547 0.8656 0.4762
vn 0.2524 -0.5770 0.7768
vn 0.1709 0.8331 0.5261
vn 0.2409 -0.6262 0.7415
vn 0.1865 0.7974 0.5739
vn 0.2286 -0.6730 0.7035
vn 0.2013 0.7588 0.6195
vn 0.2153 -0.7172 0.6627
vn 0.2153 0.7172 0.6627
vn 0.2013 -0.7588 0.6195
vn 0.2286 0.6730 0.7035
vn 0.1865 -0.7974 0.5739
vn 0.2409 0.6262 0.7415
vn 0.1709 -0.8331 0.5261
vn 0.2524 0.5770 0.7768
vn 0.1547 -0.8656 0.4762
vn 0.2629 0.5257 0.8090
vn 0.1380 -0.8948 0.4246
vn 0.2724 0.4724 0.8383
vn 0.1207 -0.9206 0.3713
vn 0.2808 0.4173 0.8643
vn 0.1029 -0.9429 0.3166
vn 0.2882 0.3606 0.8871
vn 0.0847 -0.9617 0.2607
vn 0.2945 0.3026 0.9065
vn 0.0662 -0.9768 0.2038
vn 0.2997 0.2435 0.9224
vn 0.0475 -0.9881 0.1462
vn 0.3038 0.1834 0.9349
vn 0.0286 -0.9957 0.0879
vn 0.3067 0.1226 0.9439
vn 0.0095 -0.9995 0.0293
vn 0.3084 0.0614 0.9493
vn 0.3090 -0.0000 0.9511
vn 0.3084 -0.0614 0.9493
vn 0.0095 0.9995 0.0293
vn 0.3067 -0.1226 0.9439
vn 0.0286 0.9957 0.0879
vn 0.3038 -0.1834 0.9349
vn 0.0475 0.9881 0.1462
vn 0.2997 -0.2435 0.9224
vn 0.0662 0.9768 0.2038
vn 0.1703 -0.4173 0.8927
vn 0.0732 0.9206 0.3835
vn 0.1652 -0.4724 0.8658
vn 0.0837 0.8948 0.4385
vn 0.1594 -0.5257 0.8356
vn 0.0938 0.8656 0.4919
vn 0.1530 -0.5770 0.8023
vn 0.1036 0.8331 0.5433
vn 0.1461 -0.6262 0.7659
vn 0.1131 0.7974 0.5927
vn 0.1386 -0.6730 0.7266
vn 0.1221 0.7588 0.6398
vn 0.1306 -0.7172 0.6845
vn 0.1306 0.7172 0.6845
vn 0.1221 -0.7588 0.6398
vn 0.1386 0.6730 0.7266
vn 0.1131 -0.7974 0.5927
vn 0.1461 0.6262 0.7659
vn 0.1036 -0.8331 0.5433
vn 0.1530 0.5770 0.8023
vn 0.0938 -0.8656 0.4919
vn 0.1594 0.5257 0.8356
vn 0.0837 -0.8948 0.4385
vn 0.1652 0.4724 0.8658
vn 0.0732 -0.9206 0.3835
vn 0.1703 0.4173 0.8927
vn 0.0624 -0.9429 0.3270
vn 0.1748 0.3606 0.9162
vn 0.0514 -0.9617 0.2693
vn 0.1786 0.3026 0.9362
vn 0.0402 -0.9768 0.2105
vn 0.1817 0.2435 0.9527
vn 0.0288 -0.9881 0.1510
vn 0.1842 0.1834 0.9656
vn 0.0173 -0.9957 0.0908
vn 0.1860 0.1226 0.9749
vn 0.0058 -0.9995 0.0303
vn 0.1870 0.0614 0.9804
vn 0.1874 -0.0000 0.9823
vn 0.1870 -0.0614 0.9804
vn 0.0058 0.9995 0.0303
vn 0.1860 -0.1226 0.9749
vn 0.0173 0.9957 0.0908
vn 0.1842 -0.1834 0.9656
vn 0.0288 0.9881 0.1510
vn 0.1817 -0.2435 0.9527
vn 0.0402 0.9768 0.2105
vn 0.1786 -0.3026 0.9362
vn 0.0514 0.9617 0.2693
vn 0.1748 -0.3606 0.9162
vn 0.0624 0.9429 0.3270
vn 0.0280 0.8948 0.4456
vn 0.0534 -0.5257 0.8490
vn 0.0314 0.8656 0.4998
vn 0.0513 -0.5770 0.8151
vn 0.0347 0.8331 0.5520
vn 0.0490 -0.6262 0.7781
vn 0.0379 0.7974 0.6022
vn 0.0464 -0.6730 0.7382
vn 0.0409 0.7588 0.6501
vn 0.0438 -0.7172 0.6955
vn 0.0438 0.7172 0.6955
vn 0.0409 -0.7588 0.6501
vn 0.0464 0.6730 0.7382
vn 0.0379 -0.7974 0.6022
vn 0.0490 0.6262 0.7781
vn 0.0347 -0.8331 0.5520
vn 0.0513 0.5770 0.8151
vn 0.0314 -0.8656 0.4998
vn 0.0534 0.5257 0.8490
vn 0.0280 -0.8948 0.4456
vn 0.0553 0.4724 0.8797
vn 0.0245 -0.9206 0.3897
vn 0.0571 0.4173 0.9070
vn 0.0209 -0.9429 0.3323
vn 0.0586 0.3606 0.9309
vn 0.0172 -0.9617 0.2736
vn 0.0598 0.3026 0.9512
vn 0.0135 -0.9768 0.2139
vn 0.0609 0.2435 0.9680
vn 0.0097 -0.9881 0.1534
vn 0.0617 0.1834 0.9811
vn 0.0058 -0.9957 0.0923
vn 0.0623 0.1226 0.9905
vn 0.0019 -0.9995 0.0308
vn 0.0627 0.0614 0.9961
vn 0.0628 -0.0000 0.9980
vn 0.0627 -0.0614 0.9961
vn 0.0019 0.9995 0.0308
vn 0.0623 -0.1226 0.9905
vn 0.0058 0.9957 0.0923
vn 0.0617 -0.1834 0.9811
vn 0.0097 0.9881 0.1534
vn 0.0609 -0.2435 0.9680
vn 0.0135 0.9768 0.2139
vn 0.0598 -0.3026 0.9512
vn 0.0172 0.9617 0.2736
vn 0.0586 -0.3606 0.9309
vn 0.0209 0.9429 0.3323
vn 0.0571 -0.4173 0.9070
vn 0.0245 0.9206 0.3897
vn 0.0553 -0.4724 0.8797
vn -0.0513 -0.5770 0.8151
vn -0.0347 0.8331 0.5520
vn -0.0490 -0.6262 0.7781
vn -0.0379 0.7974 0.6022
vn -0.0464 -0.6730 0.7382
vn -0.0409 0.7588 0.6501
vn -0.0438 -0.7172 0.6955
vn -0.0438 0.7172 0.6955
vn -0.0409 -0.7588 0.6501
vn -0.0464 0.6730 0.7382
vn -0.0379 -0.7974 0.6022
vn -0.0490 0.6262 0.7781
vn -0.0347 -0.8331 0.5520
vn -0.0513 0.5770 0.8151
vn -0.0314 -0.8656 0.4998
vn -0.0534 0.5257 0.8490
vn -0.0280 -0.8948 0.4456
vn -0.0553 0.4724 0.8797
vn -0.0245 -0.9206 0.3897
vn -0.0571 0.4173 0.9070
vn -0.0209 -0.9429 0.3323
vn -0.0586 0.3606 0.9309
vn -0.0172 -0.9617 0.2736
vn -0.0598 0.3026 0.9512
vn -0.0135 -0.9768 0.2139
vn -0.0609 0.2435 0.9680
vn -0.0096 -0.9881 0.1534
vn -0.0617 0.1834 0.9811
vn -0.0058 -0.9957 0.0923
vn -0.0623 0.1226 0.9905
vn -0.0019 -0.9995 0.0308
vn -0.0627 0.0614 0.9961
vn -0.0628 -0.0000 0.9980
vn -0.0627 -0.0614 0.9961
vn -0.0019 0.9995 0.0308
vn -0.0623 -0.1226 0.9905
vn -0.0058 0.9957 0.0923
vn -0.0617 -0.1834 0.9811
vn -0.0096 0.9881 0.1534
vn -0.0609 -0.2435 0.9680
vn -0.0135 0.9768 0.2139
vn -0.0598 -0.3026 0.9512
vn -0.0172 0.9617 0.2736
vn -0.0586 -0.3606 0.9309
vn -0.0209 0.9429 0.3323
vn -0.0571 -0.4173 0.9070
vn -0.0245 0.9206 0.3897
vn -0.0553 -0.4724 0.8797
vn -0.0280 0.8948 0.4456
vn -0.0534 -0.5257 0.8490
vn -0.0314 0.8656 0.4998
vn -0.1386 -0.6730 0.7266
vn -0.1221 0.7588 0.6398
vn -0.1306 -0.7172 0.6845
vn -0.1306 0.7172 0.6845
vn -0.1221 -0.7588 0.6398
vn -0.1386 0.6730 0.7266
vn -0.1131 -0.7974 0.5927
vn -0.1461 0.6262 0.7659
vn -0.1036 -0.8331 0.5433
vn -0.1530 0.5770 0.8023
vn -0.0938 -0.8656 0.4919
vn -0.1594 0.5257 0.8356
vn -0.0837 -0.8948 0.4385
vn -0.1652 0.4724 0.8658
vn -0.0732 -0.9206 0.3835
vn -0.1703 0.4173 0.8927
vn -0.0624 -0.9429 0.3270
vn -0.1748 0.3606 0.9162
vn -0.0514 -0.9617 0.2693
vn -0.1786 0.3026 0.9362
vn -0.0402 -0.9768 0.2105
vn -0.1817 0.2435 0.9527
vn -0.0288 -0.9881 0.1510
vn -0.1842 0.1834 0.9656
vn -0.0173 -0.9957 0.0908
vn -0.1860 0.1226 0.9749
vn -0.0058 -0.9995 0.0303
vn -0.1870 0.0614 0.9804
vn -0.1874 -0.0000 0.9823
vn -0.1870 -0.0614 0.9804
vn -0.0058 0.9995 0.0303
vn -0.1860 -0.1226 0.9749
vn -0.0173 0.9957 0.0908
vn -0.1842 -0.1834 0.9656
vn -0.0288 0.9881 0.1510
vn -0.1817 -0.2435 0.9527
vn -0.0402 0.9768 0.2105
vn -0.1786 -0.3026 0.9362
vn -0.0514 0.9617 0.2693
vn -0.1748 -0.3606 0.9162
vn -0.0624 0.9429 0.3270
vn -0.1703 -0.4173 0.8927
vn -0.0732 0.9206 0.3835
vn -0.1652 -0.4724 0.8658
vn -0.0837 0.8948 0.4385
vn -0.1594 -0.5257 0.8356
vn -0.0938 0.8656 0.4919
vn -0.1530 -0.5770 0.8023
vn -0.1036 0.8331 0.5433
vn -0.1461 -0.6262 0.7659
vn -0.1131 0.7974 0.5927
vn -0.2013 -0.7588 0.6195
vn -0.2286 0.6730 0.7035
vn -0.1865 -0.7974 0.5739
vn -0.2409 0.6262 0.7415
vn -0.1709 -0.8331 0.5261
vn -0.2524 0.5770 0.7768
vn -0.1547 -0.8656 0.4762
vn -0.2629 0.5257 0.8090
vn -0.1380 -0.8948 0.4246
vn -0.2724 0.4724 0.8383
vn -0.1207 -0.9206 0.3713
vn -0.2808 0.4173 0.8643
vn -0.1029 -0.9429 0.3166
vn -0.2882 0.3606 0.8871
vn -0.0847 -0.9617 0.2607
vn -0.2945 0.3026 0.9065
vn -0.0662 -0.9768 0.2038
vn -0.2997 0.2435 0.9224
vn -0.0475 -0.9881 0.1462
vn -0.3038 0.1834 0.9349
vn -0.0286 -0.9957 0.0879
vn -0.3067 0.1226 0.9439
vn -0.0095 -0.9995 0.0293
vn -0.3084 0.0614 0.9493
vn -0.3090 -0.0000 0.9511
vn -0.3084 -0.0614 0.9493
vn -0.0095 0.9995 0.0293
vn -0.3067 -0.1226 0.9439
vn -0.0286 0.9957 0.0879
vn -0.3038 -0.1834 0.9349
vn -0.0475 0.9881 0.1462
vn -0.2997 -0.2435 0.9224
vn -0.0662 0.9768 0.2038
vn -0.2945 -0.3026 0.9065
vn -0.0847 0.9617 0.2607
vn -0.2882 -0.3606 0.8871
vn -0.1029 0.9429 0.3166
vn -0.2808 -0.4173 0.8643
vn -0.1207 0.9206 0.3713
vn -0.2724 -0.4724 0.8383
vn -0.1380 0.8948 0.4246
vn -0.2629 -0.5257 0.8090
vn -0.1547 0.8656 0.4762
vn -0.2524 -0.5770 0.7768
vn -0.1709 0.8331 0.5261
vn -0.2409 -0.6262 0.7415
vn -0.1865 0.7974 0.5739
vn -0.2286 -0.6730 0.7035
vn -0.2013 0.7588 0.6195
vn -0.2153 -0.7172 0.6627
vn -0.2153 0.7172 0.6627
vn -0.2355 -0.8331 0.5005
vn -0.3477 0.5770 0.7390
vn -0.2132 -0.8656 0.4531
vn -0.3622 0.5257 0.7697
vn -0.1901 -0.8948 0.4040
vn -0.3753 0.4724 0.7975
vn -0.1662 -0.9206 0.3533
vn -0.3869 0.4173 0.8223
vn -0.1418 -0.9429 0.3013
vn -0.3971 0.3606 0.8439
vn -0.1167 -0.9617 0.2481
vn -0.4058 0.3026 0.8624
vn -0.0913 -0.9768 0.1939
vn -0.4130 0.2435 0.8776
vn -0.0654 -0.9881 0.1391
vn -0.4186 0.1834 0.8895
vn -0.0394 -0.9957 0.0837
vn -0.4226 0.1226 0.8980
vn -0.0132 -0.9995 0.0279
vn -0.4250 0.0614 0.9031
vn -0.4258 -0.0000 0.9048
vn -0.4250 -0.0614 0.9031
vn -0.0132 0.9995 0.0279
vn -0.4226 -0.1226 0.8980
vn -0.0394 0.9957 0.0837
vn -0.4186 -0.1834 0.8895
vn -0.0654 0.9881 0.1391
vn -0.4130 -0.2435 0.8776
vn -0.0913 0.9768 0.1939
vn -0.4058 -0.3026 0.8624
vn -0.1167 0.9617 0.2481
vn -0.3971 -0.3606 0.8439
vn -0.1418 0.9429 0.3013
vn -0.3869 -0.4173 0.8223
vn -0.1662 0.9206 0.3533
vn -0.3753 -0.4724 0.7975
vn -0.1901 0.8948 0.4040
vn -0.3622 -0.5257 0.7697
vn -0.2132 0.8656 0.4531
vn -0.3477 -0.5770 0.7390
vn -0.2355 0.8331 0.5005
vn -0.3320 -0.6262 0.7055
vn -0.2569 0.7974 0.5460
vn -0.3149 -0.6730 0.6693
vn -0.2773 0.7588 0.5894
vn -0.2967 -0.7172 0.6305
vn -0.2967 0.7172 0.6305
vn -0.2773 -0.7588 0.5894
vn -0.3149 0.6730 0.6693
vn -0.2569 -0.7974 0.5460
vn -0.3320 0.6262 0.7055
vn -0.4558 0.5257 0.7183
vn -0.2392 -0.8948 0.3769
vn -0.4723 0.4724 0.7442
vn -0.2092 -0.9206 0.3297
vn -0.4869 0.4173 0.7673
vn -0.1784 -0.9429 0.2811
vn -0.4998 0.3606 0.7875
vn -0.1469 -0.9617 0.2315
vn -0.5107 0.3026 0.8047
vn -0.1148 -0.9768 0.1810
vn -0.5197 0.2435 0.8189
vn -0.0823 -0.9881 0.1298
vn -0.5267 0.1834 0.8300
vn -0.0495 -0.9957 0.0781
vn -0.5318 0.1226 0.8380
vn -0.0165 -0.9995 0.0261
vn -0.5348 0.0614 0.8427
vn -0.5358 -0.0000 0.8443
vn -0.5348 -0.0614 0.8427
vn -0.0165 0.9995 0.0261
vn -0.5318 -0.1226 0.8380
vn -0.0495 0.9957 0.0781
vn -0.5267 -0.1834 0.8300
vn -0.0823 0.9881 0.1298
vn -0.5197 -0.2435 0.8189
vn -0.1148 0.9768 0.1810
vn -0.5107 -0.3026 0.8047
vn -0.1469 0.9617 0.2315
vn -0.4998 -0.3606 0.7875
vn -0.1784 0.9429 0.2811
vn -0.4869 -0.4173 0.7673
vn -0.2092 0.9206 0.3297
vn -0.4723 -0.4724 0.7442
vn -0.2392 0.8948 0.3769
vn -0.4558 -0.5257 0.7183
vn -0.2683 0.8656 0.4228
vn -0.4376 -0.5770 0.6896
vn -0.2964 0.8331 0.4670
vn -0.4178 -0.6262 0.6583
vn -0.3233 0.7974 0.5095
vn -0.3963 -0.6730 0.6245
vn -0.3490 0.7588 0.5500
vn -0.3734 -0.7172 0.5884
vn -0.3734 0.7172 0.5884
vn -0.3490 -0.7588 0.5500
vn -0.3963 0.6730 0.6245
vn -0.3233 -0.7974 0.5095
vn -0.4178 0.6262 0.6583
vn -0.2964 -0.8331 0.4670
vn -0.4376 0.5770 0.6896
vn -0.2683 -0.8656 0.4228
vn -0.2489 -0.9206 0.3008
vn -0.5793 0.4173 0.7002
vn -0.2122 -0.9429 0.2565
vn -0.5945 0.3606 0.7187
vn -0.1748 -0.9617 0.2112
vn -0.6075 0.3026 0.7344
vn -0.1366 -0.9768 0.1651
vn -0.6182 0.2435 0.7473
vn -0.0980 -0.9881 0.1184
vn -0.6266 0.1834 0.7574
vn -0.0589 -0.9957 0.0712
vn -0.6326 0.1226 0.7647
vn -0.0197 -0.9995 0.0238
vn -0.6362 0.0614 0.7691
vn -0.6374 -0.0000 0.7705
vn -0.6362 -0.0614 0.7691
vn -0.0197 0.9995 0.0238
vn -0.6326 -0.1226 0.7647
vn -0.0589 0.9957 0.0712
vn -0.6266 -0.1834 0.7574
vn -0.0980 0.9881 0.1184
vn -0.6182 -0.2435 0.7473
vn -0.1366 0.9768 0.1651
vn -0.6075 -0.3026 0.7344
vn -0.1748 0.9617 0.2112
vn -0.5945 -0.3606 0.7187
vn -0.2122 0.9429 0.2565
vn -0.5793 -0.4173 0.7002
vn -0.2489 0.9206 0.3008
vn -0.5618 -0.4724 0.6791
vn -0.2846 0.8948 0.3440
vn -0.5422 -0.5257 0.6555
vn -0.3192 0.8656 0.3858
vn -0.5206 -0.5770 0.6293
vn -0.3526 0.8331 0.4262
vn -0.4970 -0.6262 0.6008
vn -0.3846 0.7974 0.4649
vn -0.4715 -0.6730 0.5699
vn -0.4152 0.7588 0.5019
vn -0.4442 -0.7172 0.5369
vn -0.4442 0.7172 0.5369
vn -0.4152 -0.7588 0.5019
vn -0.4715 0.6730 0.5699
vn -0.3846 -0.7974 0.4649
vn -0.4970 0.6262 0.6008
vn -0.3526 -0.8331 0.4262
vn -0.5206 0.5770 0.6293
vn -0.3192 -0.8656 0.3858
vn -0.5422 0.5257 0.6555
vn -0.2846 -0.8948 0.3440
vn -0.5618 0.4724 0.6791
vn -0.1999 -0.9617 0.1877
vn -0.6948 0.3026 0.6525
vn -0.1562 -0.9768 0.1467
vn -0.7070 0.2435 0.6639
vn -0.1120 -0.9881 0.1052
vn -0.7166 0.1834 0.6729
vn -0.0674 -0.9957 0.0633
vn -0.7235 0.1226 0.6794
vn -0.0225 -0.9995 0.0211
vn -0.7276 0.0614 0.6833
vn -0.7290 -0.0000 0.6845
vn -0.7276 -0.0614 0.6833
vn -0.0225 0.9995 0.0211
vn -0.7235 -0.1226 0.6794
vn -0.0674 0.9957 0.0633
vn -0.7166 -0.1834 0.6729
vn -0.1120 0.9881 0.1052
vn -0.7070 -0.2435 0.6639
vn -0.1562 0.9768 0.1467
vn -0.6948 -0.3026 0.6525
vn -0.1999 0.9617 0.1877
vn -0.6799 -0.3606 0.6385
vn -0.2427 0.9429 0.2279
vn -0.6625 -0.4173 0.6221
vn -0.2846 0.9206 0.2673
vn -0.6425 -0.4724 0.6034
vn -0.3254 0.8948 0.3056
vn -0.6201 -0.5257 0.5823
vn -0.3650 0.8656 0.3428
vn -0.5954 -0.5770 0.5591
vn -0.4032 0.8331 0.3786
vn -0.5684 -0.6262 0.5337
vn -0.4399 0.7974 0.4131
vn -0.5392 -0.6730 0.5063
vn -0.4748 0.7588 0.4459
vn -0.5080 -0.7172 0.4770
vn -0.5080 0.7172 0.4770
vn -0.4748 -0.7588 0.4459
vn -0.5392 0.6730 0.5063
vn -0.4399 -0.7974 0.4131
vn -0.5684 0.6262 0.5337
vn -0.4032 -0.8331 0.3786
vn -0.5954 0.5770 0.5591
vn -0.3650 -0.8656 0.3428
vn -0.6201 0.5257 0.5823
vn -0.3254 -0.8948 0.3056
vn -0.6425 0.4724 0.6034
vn -0.2846 -0.9206 0.2673
vn -0.6625 0.4173 0.6221
vn -0.2427 -0.9429 0.2279
vn -0.6799 0.3606 0.6385
vn -0.5638 -0.7172 0.4096
vn -0.7953 0.1834 0.5778
vn -0.5270 -0.7588 0.3829
vn -0.8029 0.1226 0.5833
vn -0.4882 -0.7974 0.3547
vn -0.8075 0.0614 0.5867
vn -0.4475 -0.8331 0.3251
vn -0.8090 -0.0000 0.5878
vn -0.4051 -0.8656 0.2943
vn -0.8075 -0.0614 0.5867
vn -0.0250 0.9995 0.0181
vn -0.3612 -0.8948 0.2624
vn -0.8029 -0.1226 0.5833
vn -0.0748 0.9957 0.0543
vn -0.3159 -0.9206 0.2295
vn -0.7953 -0.1834 0.5778
vn -0.1243 0.9881 0.0903
vn -0.2694 -0.9429 0.1957
vn -0.7847 -0.2435 0.5701
vn -0.1734 0.9768 0.1260
vn -0.2218 -0.9617 0.1611
vn -0.7711 -0.3026 0.5602
vn -0.2218 0.9617 0.1611
vn -0.1734 -0.9768 0.1260
vn -0.7546 -0.3606 0.5482
vn -0.2694 0.9429 0.1957
vn -0.1243 -0.9881 0.0903
vn -0.3159 0.9206 0.2295
vn -0.0748 -0.9957 0.0543
vn -0.3612 0.8948 0.2624
vn -0.0250 -0.9995 0.0181
vn -0.4051 0.8656 0.2943
vn -0.4475 0.8331 0.3251
vn -0.4882 0.7974 0.3547
vn -0.5270 0.7588 0.3829
vn -0.5638 0.7172 0.4096
vn -0.5984 0.6730 0.4348
vn -0.6308 0.6262 0.4583
vn -0.6608 0.5770 0.4801
vn -0.7352 -0.4173 0.5342
vn -0.6882 0.5257 0.5000
vn -0.7131 -0.4724 0.5181
vn -0.7131 0.4724 0.5181
vn -0.6882 -0.5257 0.5000
vn -0.7352 0.4173 0.5342
vn -0.6608 -0.5770 0.4801
vn -0.7546 0.3606 0.5482
vn -0.6308 -0.6262 0.4583
vn -0.7711 0.3026 0.5602
vn -0.5984 -0.6730 0.4348
vn -0.7847 0.2435 0.5701
vn -0.5288 -0.7974 0.2907
vn -0.6832 0.6262 0.3756
vn -0.4847 -0.8331 0.2665
vn -0.7157 0.5770 0.3935
vn -0.4388 -0.8656 0.2412
vn -0.7455 0.5257 0.4098
vn -0.3912 -0.8948 0.2151
vn -0.7724 0.4724 0.4246
vn -0.3421 -0.9206 0.1881
vn -0.7964 0.4173 0.4378
vn -0.2918 -0.9429 0.1604
vn -0.8173 0.3606 0.4493
vn -0.2403 -0.9617 0.1321
vn -0.8352 0.3026 0.4592
vn -0.1878 -0.9768 0.1033
vn -0.8499 0.2435 0.4673
vn -0.1347 -0.9881 0.0740
vn -0.8614 0.1834 0.4736
vn -0.0810 -0.9957 0.0445
vn -0.8697 0.1226 0.4781
vn -0.0270 -0.9995 0.0149
vn -0.8747 0.0614 0.4808
vn -0.8763 -0.0000 0.4818
vn -0.8747 -0.0614 0.4808
vn -0.0270 0.9995 0.0149
vn -0.8697 -0.1226 0.4781
vn -0.0810 0.9957 0.0445
vn -0.8614 -0.1834 0.4736
vn -0.1347 0.9881 0.0740
vn -0.8499 -0.2435 0.4673
vn -0.1878 0.9768 0.1033
vn -0.8352 -0.3026 0.4592
vn -0.2403 0.9617 0.1321
vn -0.8173 -0.3606 0.4493
vn -0.2918 0.9429 0.1604
vn -0.7964 -0.4173 0.4378
vn -0.3421 0.9206 0.1881
vn -0.7724 -0.4724 0.4246
vn -0.3912 0.8948 0.2151
vn -0.7455 -0.5257 0.4098
vn -0.4388 0.8656 0.2412
vn -0.7157 -0.5770 0.3935
vn -0.4847 0.8331 0.2665
vn -0.6832 -0.6262 0.3756
vn -0.5288 0.7974 0.2907
vn -0.6482 -0.6730 0.3563
vn -0.5708 0.7588 0.3138
vn -0.6106 -0.7172 0.3357
vn -0.6106 0.7172 0.3357
vn -0.5708 -0.7588 0.3138
vn -0.6482 0.6730 0.3563
vn -0.4656 -0.8656 0.1843
vn -0.7909 0.5257 0.3132
vn -0.4151 -0.8948 0.1643
vn -0.8195 0.4724 0.3245
vn -0.3630 -0.9206 0.1437
vn -0.8450 0.4173 0.3345
vn -0.3096 -0.9429 0.1226
vn -0.8672 0.3606 0.3434
vn -0.2549 -0.9617 0.1009
vn -0.8862 0.3026 0.3509
vn -0.1993 -0.9768 0.0789
vn -0.9018 0.2435 0.3570
vn -0.1429 -0.9881 0.0566
vn -0.9140 0.1834 0.3619
vn -0.0860 -0.9957 0.0340
vn -0.9228 0.1226 0.3653
vn -0.0287 -0.9995 0.0114
vn -0.9280 0.0614 0.3674
vn -0.9298 -0.0000 0.3681
vn -0.9280 -0.0614 0.3674
vn -0.0287 0.9995 0.0114
vn -0.9228 -0.1226 0.3653
vn -0.0860 0.9957 0.0340
vn -0.9140 -0.1834 0.3619
vn -0.1429 0.9881 0.0566
vn -0.9018 -0.2435 0.3570
vn -0.1993 0.9768 0.0789
vn -0.8862 -0.3026 0.3509
vn -0.2549 0.9617 0.1009
vn -0.8672 -0.3606 0.3434
vn -0.3096 0.9429 0.1226
vn -0.8450 -0.4173 0.3345
vn -0.3630 0.9206 0.1437
vn -0.8195 -0.4724 0.3245
vn -0.4151 0.8948 0.1643
vn -0.7909 -0.5257 0.3132
vn -0.4656 0.8656 0.1843
vn -0.7594 -0.5770 0.3007
vn -0.5143 0.8331 0.2036
vn -0.7249 -0.6262 0.2870
vn -0.5610 0.7974 0.2221
vn -0.6877 -0.6730 0.2723
vn -0.6056 0.7588 0.2398
vn -0.6479 -0.7172 0.2565
vn -0.6479 0.7172 0.2565
vn -0.6056 -0.7588 0.2398
vn -0.6877 0.6730 0.2723
vn -0.5610 -0.7974 0.2221
vn -0.7249 0.6262 0.2870
vn -0.5143 -0.8331 0.2036
vn -0.7594 0.5770 0.3007
vn -0.8537 0.4724 0.2192
vn -0.3782 -0.9206 0.0971
vn -0.8802 0.4173 0.2260
vn -0.3225 -0.9429 0.0828
vn -0.9034 0.3606 0.2320
vn -0.2655 -0.9617 0.0682
vn -0.9232 0.3026 0.2370
vn -0.2076 -0.9768 0.0533
vn -0.9394 0.2435 0.2412
vn -0.1489 -0.9881 0.0382
vn -0.9522 0.1834 0.2445
vn -0.0895 -0.9957 0.0230
vn -0.9613 0.1226 0.2468
vn -0.0299 -0.9995 0.0077
vn -0.9668 0.0614 0.2482
vn -0.9686 -0.0000 0.2487
vn -0.9668 -0.0614 0.2482
vn -0.0299 0.9995 0.0077
vn -0.9613 -0.1226 0.2468
vn -0.0895 0.9957 0.0230
vn -0.9522 -0.1834 0.2445
vn -0.1489 0.9881 0.0382
vn -0.9394 -0.2435 0.2412
vn -0.2076 0.9768 0.0533
vn -0.9232 -0.3026 0.2370
vn -0.2655 0.9617 0.0682
vn -0.9034 -0.3606 0.2320
vn -0.3225 0.9429 0.0828
vn -0.8802 -0.4173 0.2260
vn -0.3782 0.9206 0.0971
vn -0.8537 -0.4724 0.2192
vn -0.4324 0.8948 0.1110
vn -0.8240 -0.5257 0.2116
vn -0.4850 0.8656 0.1245
vn -0.7911 -0.5770 0.2031
vn -0.5357 0.8331 0.1376
vn -0.7552 -0.6262 0.1939
vn -0.5844 0.7974 0.1501
vn -0.7164 -0.6730 0.1839
vn -0.6309 0.7588 0.1620
vn -0.6749 -0.7172 0.1733
vn -0.6749 0.7172 0.1733
vn -0.6309 -0.7588 0.1620
vn -0.7164 0.6730 0.1839
vn -0.5844 -0.7974 0.1501
vn -0.7552 0.6262 0.1939
vn -0.5357 -0.8331 0.1376
vn -0.7911 0.5770 0.2031
vn -0.4850 -0.8656 0.1245
vn -0.8240 0.5257 0.2116
vn -0.4324 -0.8948 0.1110
vn -0.3303 -0.9429 0.0417
vn -0.9254 0.3606 0.1169
vn -0.2720 -0.9617 0.0344
vn -0.9456 0.3026 0.1195
vn -0.2126 -0.9768 0.0269
vn -0.9623 0.2435 0.1216
vn -0.1525 -0.9881 0.0193
vn -0.9753 0.1834 0.1232
vn -0.0917 -0.9957 0.0116
vn -0.9846 0.1226 0.1244
vn -0.0306 -0.9995 0.0039
vn -0.9902 0.0614 0.1251
vn -0.9921 -0.0000 0.1253
vn -0.9902 -0.0614 0.1251
vn -0.0306 0.9995 0.0039
vn -0.9846 -0.1226 0.1244
vn -0.0917 0.9957 0.0116
vn -0.9753 -0.1834 0.1232
vn -0.1525 0.9881 0.0193
vn -0.9623 -0.2435 0.1216
vn -0.2126 0.9768 0.0269
vn -0.9456 -0.3026 0.1195
vn -0.2720 0.9617 0.0344
vn -0.9254 -0.3606 0.1169
vn -0.3303 0.9429 0.0417
vn -0.9016 -0.4173 0.1139
vn -0.3874 0.9206 0.0489
vn -0.8745 -0.4724 0.1105
vn -0.4429 0.8948 0.0560
vn -0.8440 -0.5257 0.1066
vn -0.4968 0.8656 0.0628
vn -0.8103 -0.5770 0.1024
vn -0.5488 0.8331 0.0693
vn -0.7735 -0.6262 0.0977
vn -0.5986 0.7974 0.0756
vn -0.7338 -0.6730 0.0927
vn -0.6462 0.7588 0.0816
vn -0.6913 -0.7172 0.0873
vn -0.6913 0.7172 0.0873
vn -0.6462 -0.7588 0.0816
vn -0.7338 0.6730 0.0927
vn -0.5986 -0.7974 0.0756
vn -0.7735 0.6262 0.0977
vn -0.5488 -0.8331 0.0693
vn -0.8103 0.5770 0.1024
vn -0.4968 -0.8656 0.0628
vn -0.8440 0.5257 0.1066
vn -0.4429 -0.8948 0.0560
vn -0.8745 0.4724 0.1105
vn -0.3874 -0.9206 0.0489
vn -0.9016 0.4173 0.1139
vn -0.2143 -0.9768 -0.0000
vn -0.9699 0.2435 -0.0000
vn -0.1537 -0.9881 -0.0000
vn -0.9830 0.1834 -0.0000
vn -0.0924 -0.9957 -0.0000
vn -0.9925 0.1226 -0.0000
vn -0.0309 -0.9995 -0.0000
vn -0.9981 0.0614 -0.0000
vn -1.0000 -0.0000 -0.0000
vn -0.9981 -0.0614 -0.0000
vn -0.0309 0.9995 -0.0000
vn -0.9925 -0.1226 -0.0000
vn -0.0924 0.9957 -0.0000
vn -0.9830 -0.1834 -0.0000
vn -0.1537 0.9881 -0.0000
vn -0.9699 -0.2435 -0.0000
vn -0.2143 0.9768 -0.0000
vn -0.9531 -0.3026 -0.0000
vn -0.2742 0.9617 -0.0000
vn -0.9327 -0.3606 -0.0000
vn -0.3329 0.9429 -0.0000
vn -0.9088 -0.4173 -0.0000
vn -0.3904 0.9206 -0.0000
vn -0.8814 -0.4724 -0.0000
vn -0.4464 0.8948 -0.0000
vn -0.8507 -0.5257 -0.0000
vn -0.5007 0.8656 -0.0000
vn -0.8167 -0.5770 -0.0000
vn -0.5531 0.8331 -0.0000
vn -0.7797 -0.6262 -0.0000
vn -0.6034 0.7974 -0.0000
vn -0.7397 -0.6730 -0.0000
vn -0.6514 0.7588 -0.0000
vn -0.6968 -0.7172 -0.0000
vn -0.6968 0.7172 -0.0000
vn -0.6514 -0.7588 -0.0000
vn -0.7397 0.6730 -0.0000
vn -0.6034 -0.7974 -0.0000
vn -0.7797 0.6262 -0.0000
vn -0.5531 -0.8331 -0.0000
vn -0.8167 0.5770 -0.0000
vn -0.5007 -0.8656 -0.0000
vn -0.8507 0.5257 -0.0000
vn -0.4464 -0.8948 -0.0000
vn -0.8814 0.4724 -0.0000
vn -0.3904 -0.9206 -0.0000
vn -0.9088 0.4173 -0.0000
vn -0.3329 -0.9429 -0.0000
vn -0.9327 0.3606 -0.0000
vn -0.2742 -0.9617 -0.0000
vn -0.9531 0.3026 -0.0000
vn -0.0917 -0.9957 -0.0116
vn -0.9846 0.1226 -0.1244
vn -0.0306 -0.9995 -0.0039
vn -0.9902 0.0614 -0.1251
vn -0.9921 -0.0000 -0.1253
vn -0.9902 -0.0614 -0.1251
vn -0.0306 0.9995 -0.0039
vn -0.9846 -0.1226 -0.1244
vn -0.0917 0.9957 -0.0116
vn -0.9753 -0.1834 -0.1232
vn -0.1525 0.9881 -0.0193
vn -0.9623 -0.2435 -0.1216
vn -0.2126 0.9768 -0.0269
vn -0.9456 -0.3026 -0.1195
vn -0.2720 0.9617 -0.0344
vn -0.9254 -0.3606 -0.1169
vn -0.3303 0.9429 -0.0417
vn -0.9016 -0.4173 -0.1139
vn -0.3874 0.9206 -0.0489
vn -0.8745 -0.4724 -0.1105
vn -0.4429 0.8948 -0.0560
vn -0.8440 -0.5257 -0.1066
vn -0.4968 0.8656 -0.0628
vn -0.8103 -0.5770 -0.1024
vn -0.5488 0.8331 -0.0693
vn -0.7735 -0.6262 -0.0977
vn -0.5986 0.7974 -0.0756
vn -0.7338 -0.6730 -0.0927
vn -0.6462 0.7588 -0.0816
vn -0.6913 -0.7172 -0.0873
vn -0.6913 0.7172 -0.0873
vn -0.6462 -0.7588 -0.0816
vn -0.7338 0.6730 -0.0927
vn -0.5986 -0.7974 -0.0756
vn -0.7735 0.6262 -0.0977
vn -0.5488 -0.8331 -0.0693
vn -0.8103 0.5770 -0.1024
vn -0.4968 -0.8656 -0.0628
vn -0.8440 0.5257 -0.1066
vn -0.4429 -0.8948 -0.0560
vn -0.8745 0.4724 -0.1105
vn -0.3874 -0.9206 -0.0489
vn -0.9016 0.4173 -0.1139
vn -0.3303 -0.9429 -0.0417
vn -0.9254 0.3606 -0.1169
vn -0.2720 -0.9617 -0.0344
vn -0.9456 0.3026 -0.1195
vn -0.2126 -0.9768 -0.0269
vn -0.9623 0.2435 -0.1216
vn -0.1525 -0.9881 -0.0193
vn -0.9753 0.1834 -0.1232
vn -0.9686 -0.0000 -0.2487
vn -0.9668 -0.0614 -0.2482
vn -0.0299 0.9995 -0.0077
vn -0.9613 -0.1226 -0.2468
vn -0.0895 0.9957 -0.0230
vn -0.9522 -0.1834 -0.2445
vn -0.1489 0.9881 -0.0382
vn -0.9394 -0.2435 -0.2412
vn -0.2076 0.9768 -0.0533
vn -0.9232 -0.3026 -0.2370
vn -0.2656 0.9617 -0.0682
vn -0.9034 -0.3606 -0.2320
vn -0.3225 0.9429 -0.0828
vn -0.8802 -0.4173 -0.2260
vn -0.3782 0.9206 -0.0971
vn -0.8537 -0.4724 -0.2192
vn -0.4324 0.8948 -0.1110
vn -0.8240 -0.5257 -0.2116
vn -0.4850 0.8656 -0.1245
vn -0.7911 -0.5770 -0.2031
vn -0.5357 0.8331 -0.1376
vn -0.7552 -0.6262 -0.1939
vn -0.5844 0.7974 -0.1501
vn -0.7164 -0.6730 -0.1839
vn -0.6309 0.7588 -0.1620
vn -0.6749 -0.7172 -0.1733
vn -0.6749 0.7172 -0.1733
vn -0.6309 -0.7588 -0.1620
vn -0.7164 0.6730 -0.1839
vn -0.5844 -0.7974 -0.1501
vn -0.7552 0.6262 -0.1939
vn -0.5357 -0.8331 -0.1376
vn -0.7911 0.5770 -0.2031
vn -0.4850 -0.8656 -0.1245
vn -0.8240 0.5257 -0.2116
vn -0.4324 -0.8948 -0.1110
vn -0.8537 0.4724 -0.2192
vn -0.3782 -0.9206 -0.0971
vn -0.8802 0.4173 -0.2260
vn -0.3225 -0.9429 -0.0828
vn -0.9034 0.3606 -0.2320
vn -0.2655 -0.9617 -0.0682
vn -0.9232 0.3026 -0.2370
vn -0.2076 -0.9768 -0.0533
vn -0.9394 0.2435 -0.2412
vn -0.1489 -0.9881 -0.0382
vn -0.9522 0.1834 -0.2445
vn -0.0895 -0.9957 -0.0230
vn -0.9613 0.1226 -0.2468
vn -0.0299 -0.9995 -0.0077
vn -0.9668 0.0614 -0.2482
vn -0.9280 -0.0614 -0.3674
vn -0.0287 0.9995 -0.0114
vn -0.9228 -0.1226 -0.3653
vn -0.0860 0.9957 -0.0340
vn -0.9140 -0.1834 -0.3619
vn -0.1429 0.9881 -0.0566
vn -0.9018 -0.2435 -0.3570
vn -0.1993 0.9768 -0.0789
vn -0.8862 -0.3026 -0.3509
vn -0.2549 0.9617 -0.1009
vn -0.8672 -0.3606 -0.3434
vn -0.3096 0.9429 -0.1226
vn -0.8450 -0.4173 -0.3345
vn -0.3630 0.9206 -0.1437
vn -0.8195 -0.4724 -0.3245
vn -0.4151 0.8948 -0.1643
vn -0.7909 -0.5257 -0.3132
vn -0.4656 0.8656 -0.1843
vn -0.7594 -0.5770 -0.3007
vn -0.5143 0.8331 -0.2036
vn -0.7249 -0.6262 -0.2870
vn -0.5610 0.7974 -0.2221
vn -0.6877 -0.6730 -0.2723
vn -0.6056 0.7588 -0.2398
vn -0.6479 -0.7172 -0.2565
vn -0.6479 0.7172 -0.2565
vn -0.6056 -0.7588 -0.2398
vn -0.6877 0.6730 -0.2723
vn -0.5610 -0.7974 -0.2221
vn -0.7249 0.6262 -0.2870
vn -0.5143 -0.8331 -0.2036
vn -0.7594 0.5770 -0.3007
vn -0.4656 -0.8656 -0.1843
vn -0.7909 0.5257 -0.3132
vn -0.4151 -0.8948 -0.1643
vn -0.8195 0.4724 -0.3245
vn -0.3630 -0.9206 -0.1437
vn -0.8450 0.4173 -0.3345
vn -0.3096 -0.9429 -0.1226
vn -0.8672 0.3606 -0.3434
vn -0.2549 -0.9617 -0.1009
vn -0.8862 0.3026 -0.3509
vn -0.1993 -0.9768 -0.0789
vn -0.9018 0.2435 -0.3570
vn -0.1429 -0.9881 -0.0566
vn -0.9140 0.1834 -0.3619
vn -0.0860 -0.9957 -0.0340
vn -0.9228 0.1226 -0.3653
vn -0.0287 -0.9995 -0.0114
vn -0.9280 0.0614 -0.3674
vn -0.9298 -0.0000 -0.3681
vn -0.8614 -0.1834 -0.4736
vn -0.1347 0.9881 -0.0740
vn -0.8499 -0.2435 -0.4673
vn -0.1878 0.9768 -0.1033
vn -0.8352 -0.3026 -0.4592
vn -0.2403 0.9617 -0.1321
vn -0.8173 -0.3606 -0.4493
vn -0.2918 0.9429 -0.1604
vn -0.7964 -0.4173 -0.4378
vn -0.3421 0.9206 -0.1881
vn -0.7724 -0.4724 -0.4246
vn -0.3912 0.8948 -0.2151
vn -0.7455 -0.5257 -0.4098
vn -0.4388 0.8656 -0.2412
vn -0.7157 -0.5770 -0.3935
vn -0.4847 0.8331 -0.2665
vn -0.6832 -0.6262 -0.3756
vn -0.5288 0.7974 -0.2907
vn -0.6482 -0.6730 -0.3563
vn -0.5708 0.7588 -0.3138
vn -0.6106 -0.7172 -0.3357
vn -0.6106 0.7172 -0.3357
vn -0.5708 -0.7588 -0.3138
vn -0.6482 0.6730 -0.3563
vn -0.5288 -0.7974 -0.2907
vn -0.6832 0.6262 -0.3756
vn -0.4847 -0.8331 -0.2665
vn -0.7157 0.5770 -0.3935
vn -0.4388 -0.8656 -0.2412
vn -0.7455 0.5257 -0.4098
vn -0.3912 -0.8948 -0.2151
vn -0.7724 0.4724 -0.4246
vn -0.3421 -0.9206 -0.1881
vn -0.7964 0.4173 -0.4378
vn -0.2918 -0.9429 -0.1604
vn -0.8173 0.3606 -0.4493
vn -0.2403 -0.9617 -0.1321
vn -0.8352 0.3026 -0.4592
vn -0.1878 -0.9768 -0.1033
vn -0.8499 0.2435 -0.4673
vn -0.1347 -0.9881 -0.0740
vn -0.8614 0.1834 -0.4736
vn -0.0810 -0.9957 -0.0445
vn -0.8697 0.1226 -0.4781
vn -0.0270 -0.9995 -0.0149
vn -0.8747 0.0614 -0.4808
vn -0.8763 -0.0000 -0.4818
vn -0.8747 -0.0614 -0.4808
vn -0.0270 0.9995 -0.0149
vn -0.8697 -0.1226 -0.4781
vn -0.0810 0.9957 -0.0445
vn -0.7711 -0.3026 -0.5602
vn -0.2218 0.9617 -0.1611
vn -0.7546 -0.3606 -0.5482
vn -0.2694 0.9429 -0.1957
vn -0.7352 -0.4173 -0.5342
vn -0.3159 0.9206 -0.2295
vn -0.7131 -0.4724 -0.5181
vn -0.3612 0.8948 -0.2624
vn -0.6882 -0.5257 -0.5000
vn -0.4051 0.8656 -0.2943
vn -0.6607 -0.5770 -0.4801
vn -0.4475 0.8331 -0.3251
vn -0.6308 -0.6262 -0.4583
vn -0.4882 0.7974 -0.3547
vn -0.5984 -0.6730 -0.4348
vn -0.5270 0.7588 -0.3829
vn -0.5638 -0.7172 -0.4096
vn -0.5638 0.7172 -0.4096
vn -0.5270 -0.7588 -0.3829
vn -0.5984 0.6730 -0.4348
vn -0.4882 -0.7974 -0.3547
vn -0.6308 0.6262 -0.4583
vn -0.4475 -0.8331 -0.3251
vn -0.6607 0.5770 -0.4801
vn -0.4051 -0.8656 -0.2943
vn -0.6882 0.5257 -0.5000
vn -0.3612 -0.8948 -0.2624
vn -0.7131 0.4724 -0.5181
vn -0.3159 -0.9206 -0.2295
vn -0.7352 0.4173 -0.5342
vn -0.2694 -0.9429 -0.1957
vn -0.7546 0.3606 -0.5482
vn -0.2218 -0.9617 -0.1611
vn -0.7711 0.3026 -0.5602
vn -0.1734 -0.9768 -0.1260
vn -0.7847 0.2435 -0.5701
vn -0.1243 -0.9881 -0.0903
vn -0.7953 0.1834 -0.5778
vn -0.0748 -0.9957 -0.0543
vn -0.8029 0.1226 -0.5833
vn -0.0250 -0.9995 -0.0181
vn -0.8075 0.0614 -0.5867
vn -0.8090 -0.0000 -0.5878
vn -0.8075 -0.0614 -0.5867
vn -0.0250 0.9995 -0.0181
vn -0.8029 -0.1226 -0.5833
vn -0.0748 0.9957 -0.0543
vn -0.7953 -0.1834 -0.5778
vn -0.1243 0.9881 -0.0903
vn -0.7847 -0.2435 -0.5701
vn -0.1734 0.9768 -0.1260
vn -0.6625 -0.4173 -0.6221
vn -0.2846 0.9206 -0.2673
vn -0.6425 -0.4724 -0.6034
vn -0.3254 0.8948 -0.3056
vn -0.6201 -0.5257 -0.5823
vn -0.3650 0.8656 -0.3428
vn -0.5954 -0.5770 -0.5591
vn -0.4032 0.8331 -0.3786
vn -0.5684 -0.6262 -0.5337
vn -0.4399 0.7974 -0.4131
vn -0.5392 -0.6730 -0.5063
vn -0.4748 0.7588 -0.4459
vn -0.5080 -0.7172 -0.4770
vn -0.5080 0.7172 -0.4770
vn -0.4748 -0.7588 -0.4459
vn -0.5392 0.6730 -0.5063
vn -0.4399 -0.7974 -0.4131
vn -0.5684 0.6262 -0.5337
vn -0.4032 -0.8331 -0.3786
vn -0.5954 0.5770 -0.5591
vn -0.3650 -0.8656 -0.3428
vn -0.6201 0.5257 -0.5823
vn -0.3254 -0.8948 -0.3056
vn -0.6425 0.4724 -0.6034
vn -0.2846 -0.9206 -0.2673
vn -0.6625 0.4173 -0.6221
vn -0.2427 -0.9429 -0.2279
vn -0.6799 0.3606 -0.6385
vn -0.1999 -0.9617 -0.1877
vn -0.6948 0.3026 -0.6525
vn -0.1562 -0.9768 -0.1467
vn -0.7070 0.2435 -0.6639
vn -0.1120 -0.9881 -0.1052
vn -0.7166 0.1834 -0.6729
vn -0.0674 -0.9957 -0.0633
vn -0.7235 0.1226 -0.6794
vn -0.0225 -0.9995 -0.0211
vn -0.7276 0.0614 -0.6833
vn -0.7290 -0.0000 -0.6845
vn -0.7276 -0.0614 -0.6833
vn -0.0225 0.9995 -0.0211
vn -0.7235 -0.1226 -0.6794
vn -0.0674 0.9957 -0.0633
vn -0.7166 -0.1834 -0.6729
vn -0.1120 0.9881 -0.1052
vn -0.7070 -0.2435 -0.6639
vn -0.1562 0.9768 -0.1467
vn -0.6948 -0.3026 -0.6525
vn -0.1999 0.9617 -0.1877
vn -0.6799 -0.3606 -0.6385
vn -0.2427 0.9429 -0.2279
vn -0.2846 0.8948 -0.3440
vn -0.5422 -0.5257 -0.6555
vn -0.3192 0.8656 -0.3858
vn -0.5206 -0.5770 -0.6293
vn -0.3526 0.8331 -0.4262
vn -0.4970 -0.6262 -0.6008
vn -0.3846 0.7974 -0.4649
vn -0.4715 -0.6730 -0.5699
vn -0.4152 0.7588 -0.5019
vn -0.4442 -0.7172 -0.5369
vn -0.4442 0.7172 -0.5369
vn -0.4152 -0.7588 -0.5019
vn -0.4715 0.6730 -0.5699
vn -0.3846 -0.7974 -0.4649
vn -0.4970 0.6262 -0.6008
vn -0.3526 -0.8331 -0.4262
vn -0.5206 0.5770 -0.6293
vn -0.3192 -0.8656 -0.3858
vn -0.5422 0.5257 -0.6555
vn -0.2846 -0.8948 -0.3440
vn -0.5618 0.4724 -0.6791
vn -0.2489 -0.9206 -0.3008
vn -0.5793 0.4173 -0.7002
vn -0.2122 -0.9429 -0.2565
vn -0.5945 0.3606 -0.7187
vn -0.1748 -0.9617 -0.2112
vn -0.6075 0.3026 -0.7344
vn -0.1366 -0.9768 -0.1651
vn -0.6182 0.2435 -0.7473
vn -0.0980 -0.9881 -0.1184
vn -0.6266 0.1834 -0.7574
vn -0.0589 -0.9957 -0.0712
vn -0.6326 0.1226 -0.7647
vn -0.0197 -0.9995 -0.0238
vn -0.6362 0.0614 -0.7691
vn -0.6374 -0.0000 -0.7705
vn -0.6362 -0.0614 -0.7691
vn -0.0197 0.9995 -0.0238
vn -0.6326 -0.1226 -0.7647
vn -0.0589 0.9957 -0.0712
vn -0.6266 -0.1834 -0.7574
vn -0.0980 0.9881 -0.1184
vn -0.6182 -0.2435 -0.7473
vn -0.1366 0.9768 -0.1651
vn -0.6075 -0.3026 -0.7344
vn -0.1748 0.9617 -0.2112
vn -0.5945 -0.3606 -0.7187
vn -0.2122 0.9429 -0.2565
vn -0.5793 -0.4173 -0.7002
vn -0.2489 0.9206 -0.3008
vn -0.5618 -0.4724 -0.6791
vn -0.4376 -0.5770 -0.6896
vn -0.2964 0.8331 -0.4670
vn -0.4178 -0.6262 -0.6583
vn -0.3233 0.7974 -0.5095
vn -0.3963 -0.6730 -0.6245
vn -0.3490 0.7588 -0.5500
vn -0.3734 -0.7172 -0.5884
vn -0.3734 0.7172 -0.5884
vn -0.3490 -0.7588 -0.5500
vn -0.3963 0.6730 -0.6245
vn -0.3233 -0.7974 -0.5095
vn -0.4178 0.6262 -0.6583
vn -0.2964 -0.8331 -0.4670
vn -0.4376 0.5770 -0.6896
vn -0.2683 -0.8656 -0.4228
vn -0.4558 0.5257 -0.7183
vn -0.2392 -0.8948 -0.3769
vn -0.4723 0.4724 -0.7442
vn -0.2092 -0.9206 -0.3297
vn -0.4869 0.4173 -0.7673
vn -0.1784 -0.9429 -0.2811
vn -0.4998 0.3606 -0.7875
vn -0.1469 -0.9617 -0.2315
vn -0.5107 0.3026 -0.8047
vn -0.1148 -0.9768 -0.1810
vn -0.5197 0.2435 -0.8189
vn -0.0823 -0.9881 -0.1298
vn -0.5267 0.1834 -0.8300
vn -0.0495 -0.9957 -0.0781
vn -0.5318 0.1226 -0.8380
vn -0.0165 -0.9995 -0.0261
vn -0.5348 0.0614 -0.8427
vn -0.5358 -0.0000 -0.8443
vn -0.5348 -0.0614 -0.8427
vn -0.0165 0.9995 -0.0261
vn -0.5318 -0.1226 -0.8380
vn -0.0495 0.9957 -0.0781
vn -0.5267 -0.1834 -0.8300
vn -0.0823 0.9881 -0.1298
vn -0.5197 -0.2435 -0.8189
vn -0.1148 0.9768 -0.1810
vn -0.5107 -0.3026 -0.8047
vn -0.1469 0.9617 -0.2315
vn -0.4998 -0.3606 -0.7875
vn -0.1784 0.9429 -0.2811
vn -0.4869 -0.4173 -0.7673
vn -0.2092 0.9206 -0.3297
vn -0.4723 -0.4724 -0.7442
vn -0.2392 0.8948 -0.3769
vn -0.4558 -0.5257 -0.7183
vn -0.2683 0.8656 -0.4228
vn -0.3149 -0.6730 -0.6693
vn -0.2773 0.7588 -0.5894
vn -0.2967 -0.7172 -0.6305
vn -0.2967 0.7172 -0.6305
vn -0.2773 -0.7588 -0.5894
vn -0.3149 0.6730 -0.6693
vn -0.2569 -0.7974 -0.5460
vn -0.3320 0.6262 -0.7055
vn -0.2355 -0.8331 -0.5005
vn -0.3477 0.5770 -0.7390
vn -0.2132 -0.8656 -0.4531
vn -0.3622 0.5257 -0.7697
vn -0.1901 -0.8948 -0.4040
vn -0.3753 0.4724 -0.7975
vn -0.1662 -0.9206 -0.3533
vn -0.3869 0.4173 -0.8223
vn -0.1418 -0.9429 -0.3013
vn -0.3971 0.3606 -0.8439
vn -0.1167 -0.9617 -0.2481
vn -0.4058 0.3026 -0.8624
vn -0.0913 -0.9768 -0.1939
vn -0.4130 0.2435 -0.8776
vn -0.0654 -0.9881 -0.1391
vn -0.4186 0.1834 -0.8895
vn -0.0394 -0.9957 -0.0837
vn -0.4226 0.1226 -0.8980
vn -0.0132 -0.9995 -0.0279
vn -0.4250 0.0614 -0.9031
vn -0.4258 -0.0000 -0.9048
vn -0.4250 -0.0614 -0.9031
vn -0.0132 0.9995 -0.0279
vn -0.4226 -0.1226 -0.8980
vn -0.0394 0.9957 -0.0837
vn -0.4186 -0.1834 -0.8895
vn -0.0654 0.9881 -0.1391
vn -0.4130 -0.2435 -0.8776
vn -0.0913 0.9768 -0.1939
vn -0.4058 -0.3026 -0.8624
vn -0.1167 0.9617 -0.2481
vn -0.3971 -0.3606 -0.8439
vn -0.1418 0.9429 -0.3013
vn -0.3869 -0.4173 -0.8223
vn -0.1662 0.9206 -0.3533
vn -0.3753 -0.4724 -0.7975
vn -0.1901 0.8948 -0.4040
vn -0.3622 -0.5257 -0.7697
vn -0.2132 0.8656 -0.4531
vn -0.3477 -0.5770 -0.7390
vn -0.2355 0.8331 -0.5005
vn -0.3320 -0.6262 -0.7055
vn -0.2569 0.7974 -0.5460
vn -0.2013 -0.7588 -0.6195
vn -0.2286 0.6730 -0.7035
vn -0.1865 -0.7974 -0.5739
vn -0.2409 0.6262 -0.7415
vn -0.1709 -0.8331 -0.5260
vn -0.2524 0.5770 -0.7768
vn -0.1547 -0.8656 -0.4762
vn -0.2629 0.5257 -0.8090
vn -0.1380 -0.8948 -0.4246
vn -0.2724 0.4724 -0.8383
vn -0.1207 -0.9206 -0.3713
vn -0.2808 0.4173 -0.8643
vn -0.1029 -0.9429 -0.3166
vn -0.2882 0.3606 -0.8871
vn -0.0847 -0.9617 -0.2607
vn -0.2945 0.3026 -0.9065
vn -0.0662 -0.9768 -0.2038
vn -0.2997 0.2435 -0.9224
vn -0.0475 -0.9881 -0.1462
vn -0.3038 0.1834 -0.9349
vn -0.0286 -0.9957 -0.0879
vn -0.3067 0.1226 -0.9439
vn -0.0095 -0.9995 -0.0293
vn -0.3084 0.0614 -0.9493
vn -0.3090 -0.0000 -0.9511
vn -0.3084 -0.0614 -0.9493
vn -0.0095 0.9995 -0.0293
vn -0.3067 -0.1226 -0.9439
vn -0.0286 0.9957 -0.0879
vn -0.3038 -0.1834 -0.9349
vn -0.0475 0.9881 -0.1462
vn -0.2997 -0.2435 -0.9224
vn -0.0662 0.9768 -0.2038
vn -0.2945 -0.3026 -0.9065
vn -0.0847 0.9617 -0.2607
vn -0.2882 -0.3606 -0.8871
vn -0.1029 0.9429 -0.3166
vn -0.2808 -0.4173 -0.8643
vn -0.1207 0.9206 -0.3713
vn -0.2724 -0.4724 -0.8383
vn -0.1380 0.8948 -0.4246
vn -0.2629 -0.5257 -0.8090
vn -0.1547 0.8656 -0.4762
vn -0.2524 -0.5770 -0.7768
vn -0.1709 0.8331 -0.5260
vn -0.2409 -0.6262 -0.7415
vn -0.1865 0.7974 -0.5739
vn -0.2286 -0.6730 -0.7035
vn -0.2013 0.7588 -0.6195
vn -0.2153 -0.7172 -0.6627
vn -0.2153 0.7172 -0.6627
vn -0.0058 -0.9995 -0.0303
vn -0.1870 0.0614 -0.9804
vn -0.1530 0.5770 -0.8023
vn -0.1874 -0.0000 -0.9823
vn -0.1594 0.5257 -0.8356
vn -0.1870 -0.0614 -0.9804
vn -0.1652 0.4724 -0.8658
vn -0.1860 -0.1226 -0.9749
vn -0.1703 0.4173 -0.8927
vn -0.1842 -0.1834 -0.9656
vn -0.1748 0.3606 -0.9162
vn -0.1817 -0.2435 -0.9527
vn -0.1786 0.3026 -0.9362
vn -0.1786 -0.3026 -0.9362
vn -0.1817 0.2435 -0.9527
vn -0.1748 -0.3606 -0.9162
vn -0.1703 -0.4173 -0.8927
vn -0.1652 -0.4724 -0.8658
vn -0.1594 -0.5257 -0.8356
vn -0.1530 -0.5770 -0.8023
vn -0.0058 0.9995 -0.0303
vn -0.1461 -0.6262 -0.7659
vn -0.0173 0.9957 -0.0908
vn -0.1386 -0.6730 -0.7266
vn -0.0288 0.9881 -0.1510
vn -0.1306 -0.7172 -0.6845
vn -0.0402 0.9768 -0.2105
vn -0.1221 -0.7588 -0.6398
vn -0.0514 0.9617 -0.2693
vn -0.1131 -0.7974 -0.5927
vn -0.0624 0.9429 -0.3270
vn -0.1036 -0.8331 -0.5433
vn -0.0732 0.9206 -0.3835
vn -0.0938 -0.8656 -0.4919
vn -0.0837 0.8948 -0.4385
vn -0.0837 -0.8948 -0.4385
vn -0.0938 0.8656 -0.4919
vn -0.0732 -0.9206 -0.3835
vn -0.1036 0.8331 -0.5433
vn -0.0624 -0.9429 -0.3270
vn -0.1131 0.7974 -0.5927
vn -0.0514 -0.9617 -0.2693
vn -0.1221 0.7588 -0.6398
vn -0.0402 -0.9768 -0.2105
vn -0.1306 0.7172 -0.6845
vn -0.0288 -0.9881 -0.1510
vn -0.1842 0.1834 -0.9656
vn -0.1386 0.6730 -0.7266
vn -0.0173 -0.9957 -0.0908
vn -0.1860 0.1226 -0.9749
vn -0.1461 0.6262 -0.7659
vn -0.0627 -0.0614 -0.9961
vn -0.0019 0.9995 -0.0308
vn -0.0623 -0.1227 -0.9905
vn -0.0058 0.9957 -0.0923
vn -0.0617 -0.1834 -0.9811
vn -0.0096 0.9881 -0.1534
vn -0.0609 -0.2435 -0.9680
vn -0.0135 0.9768 -0.2139
vn -0.0598 -0.3026 -0.9512
vn -0.0172 0.9617 -0.2736
vn -0.0586 -0.3606 -0.9309
vn -0.0209 0.9429 -0.3323
vn -0.0571 -0.4173 -0.9070
vn -0.0245 0.9206 -0.3897
vn -0.0553 -0.4724 -0.8797
vn -0.0280 0.8948 -0.4456
vn -0.0534 -0.5257 -0.8490
vn -0.0314 0.8656 -0.4998
vn -0.0513 -0.5770 -0.8151
vn -0.0347 0.8331 -0.5520
vn -0.0490 -0.6262 -0.7781
vn -0.0379 0.7974 -0.6022
vn -0.0464 -0.6730 -0.7382
vn -0.0409 0.7588 -0.6501
vn -0.0438 -0.7172 -0.6955
vn -0.0438 0.7172 -0.6955
vn -0.0409 -0.7588 -0.6501
vn -0.0464 0.6730 -0.7382
vn -0.0379 -0.7974 -0.6022
vn -0.0490 0.6262 -0.7781
vn -0.0347 -0.8331 -0.5520
vn -0.0513 0.5770 -0.8151
vn -0.0314 -0.8656 -0.4998
vn -0.0534 0.5257 -0.8490
vn -0.0280 -0.8948 -0.4456
vn -0.0553 0.4724 -0.8797
vn -0.0245 -0.9206 -0.3897
vn -0.0571 0.4173 -0.9070
vn -0.0209 -0.9429 -0.3323
vn -0.0586 0.3606 -0.9309
vn -0.0172 -0.9617 -0.2736
vn -0.0598 0.3026 -0.9512
vn -0.0135 -0.9768 -0.2139
vn -0.0609 0.2435 -0.9680
vn -0.0096 -0.9881 -0.1534
vn -0.0617 0.1834 -0.9811
vn -0.0058 -0.9957 -0.0923
vn -0.0623 0.1226 -0.9905
vn -0.0019 -0.9995 -0.0308
vn -0.0627 0.0614 -0.9961
vn -0.0628 -0.0000 -0.9980
vt 0.740000 0.450980
vt 0.740000 0.470588
vt 0.720000 0.470588
vt 0.720000 0.450980
vt 0.740000 0.960784
vt 0.740000 0.980392
vt 0.720000 0.980392
vt 0.720000 0.960784
vt 0.740000 0.431373
vt 0.720000 0.431373
vt 0.740000 0.941176
vt 0.720000 0.941176
vt 0.740000 0.411765
vt 0.720000 0.411765
vt 0.740000 0.921569
vt 0.720000 0.921569
vt 0.740000 0.392157
vt 0.720000 0.392157
vt 0.740000 0.901961
vt 0.720000 0.901961
vt 0.740000 0.372549
vt 0.720000 0.372549
vt 0.740000 0.882353
vt 0.720000 0.882353
vt 0.740000 0.352941
vt 0.720000 0.352941
vt 0.740000 0.862745
vt 0.720000 0.862745
vt 0.740000 0.333333
vt 0.720000 0.333333
vt 0.740000 0.843137
vt 0.720000 0.843137
vt 0.740000 0.313726
vt 0.720000 0.313726
vt 0.740000 0.823529
vt 0.720000 0.823529
vt 0.740000 0.294118
vt 0.720000 0.294118
vt 0.740000 0.803922
vt 0.720000 0.803922
vt 0.740000 0.274510
vt 0.720000 0.274510
vt 0.740000 0.784314
vt 0.720000 0.784314
vt 0.740000 0.254902
vt 0.720000 0.254902
vt 0.740000 0.764706
vt 0.720000 0.764706
vt 0.740000 0.235294
vt 0.720000 0.235294
vt 0.740000 0.745098
vt 0.720000 0.745098
vt 0.740000 0.215686
vt 0.720000 0.215686
vt 0.740000 0.725490
vt 0.720000 0.725490
vt 0.740000 0.196078
vt 0.720000 0.196078
vt 0.740000 0.705882
vt 0.720000 0.705882
vt 0.740000 0.176471
vt 0.720000 0.176471
vt 0.740000 0.686274
vt 0.720000 0.686275
vt 0.740000 0.156863
vt 0.720000 0.156863
vt 0.740000 0.666667
vt 0.720000 0.666667
vt 0.740000 0.137255
vt 0.720000 0.137255
vt 0.740000 0.647059
vt 0.720000 0.647059
vt 0.740000 0.117647
vt 0.720000 0.117647
vt 0.740000 0.627451
vt 0.720000 0.627451
vt 0.740000 0.098039
vt 0.720000 0.098039
vt 0.740000 0.607843
vt 0.720000 0.607843
vt 0.740000 0.078431
vt 0.720000 0.078431
vt 0.740000 0.588235
vt 0.720000 0.588235
vt 0.740000 0.058824
vt 0.720000 0.058824
vt 0.740000 0.568627
vt 0.720000 0.568627
vt 0.740000 0.039216
vt 0.720000 0.039216
vt 0.740000 0.549020
vt 0.720000 0.549020
vt 0.740000 0.019608
vt 0.720000 0.019608
vt 0.740000 0.529412
vt 0.720000 0.529412
vt 0.730000 0.000000
vt 0.740000 0.509804
vt 0.720000 0.509804
vt 0.740000 0.490196
vt 0.720000 0.490196
vt 0.730000 1.000000
vt 0.700000 0.431373
vt 0.700000 0.411765
vt 0.700000 0.941176
vt 0.700000 0.921569
vt 0.700000 0.392157
vt 0.700000 0.901961
vt 0.700000 0.372549
vt 0.700000 0.882353
vt 0.700000 0.352941
vt 0.700000 0.862745
vt 0.700000 0.333333
vt 0.700000 0.843137
vt 0.700000 0.313726
vt 0.700000 0.823529
vt 0.700000 0.294118
vt 0.700000 0.803922
vt 0.700000 0.274510
vt 0.700000 0.784314
vt 0.700000 0.254902
vt 0.700000 0.764706
vt 0.700000 0.235294
vt 0.700000 0.745098
vt 0.700000 0.215686
vt 0.700000 0.725490
vt 0.700000 0.196078
vt 0.700000 0.705882
vt 0.700000 0.176471
vt 0.700000 0.686275
vt 0.700000 0.156863
vt 0.700000 0.666667
vt 0.700000 0.137255
vt 0.700000 0.647059
vt 0.700000 0.117647
vt 0.700000 0.627451
vt 0.700000 0.098039
vt 0.700000 0.607843
vt 0.700000 0.078431
vt 0.700000 0.588235
vt 0.700000 0.058824
vt 0.700000 0.568627
vt 0.700000 0.039216
vt 0.700000 0.549020
vt 0.700000 0.019608
vt 0.700000 0.529412
vt 0.710000 0.000000
vt 0.700000 0.509804
vt 0.700000 0.490196
vt 0.700000 0.470588
vt 0.710000 1.000000
vt 0.700000 0.980392
vt 0.700000 0.450980
vt 0.700000 0.960784
vt 0.680000 0.921569
vt 0.680000 0.901961
vt 0.680000 0.392157
vt 0.680000 0.372549
vt 0.680000 0.882353
vt 0.680000 0.352941
vt 0.680000 0.862745
vt 0.680000 0.333333
vt 0.680000 0.843137
vt 0.680000 0.313726
vt 0.680000 0.823529
vt 0.680000 0.294118
vt 0.680000 0.803922
vt 0.680000 0.274510
vt 0.680000 0.784314
vt 0.680000 0.254902
vt 0.680000 0.764706
vt 0.680000 0.235294
vt 0.680000 0.745098
vt 0.680000 0.215686
vt 0.680000 0.725490
vt 0.680000 0.196078
vt 0.680000 0.705882
vt 0.680000 0.176471
vt 0.680000 0.686275
vt 0.680000 0.156863
vt 0.680000 0.666667
vt 0.680000 0.137255
vt 0.680000 0.647059
vt 0.680000 0.117647
vt 0.680000 0.627451
vt 0.680000 0.098039
vt 0.680000 0.607843
vt 0.680000 0.078431
vt 0.680000 0.588235
vt 0.680000 0.058824
vt 0.680000 0.568627
vt 0.680000 0.039216
vt 0.680000 0.549020
vt 0.680000 0.019608
vt 0.680000 0.529412
vt 0.690000 0.000000
vt 0.680000 0.509804
vt 0.680000 0.490196
vt 0.680000 0.470588
vt 0.690000 1.000000
vt 0.680000 0.980392
vt 0.680000 0.450980
vt 0.680000 0.960784
vt 0.680000 0.431373
vt 0.680000 0.941176
vt 0.680000 0.411765
vt 0.660000 0.372549
vt 0.660000 0.352941
vt 0.660000 0.882353
vt 0.660000 0.862745
vt 0.660000 0.333333
vt 0.660000 0.843137
vt 0.660000 0.313726
vt 0.660000 0.823529
vt 0.660000 0.294118
vt 0.660000 0.803922
vt 0.660000 0.274510
vt 0.660000 0.784314
vt 0.660000 0.254902
vt 0.660000 0.764706
vt 0.660000 0.235294
vt 0.660000 0.745098
vt 0.660000 0.215686
vt 0.660000 0.725490
vt 0.660000 0.196078
vt 0.660000 0.705882
vt 0.660000 0.176471
vt 0.660000 0.686275
vt 0.660000 0.156863
vt 0.660000 0.666667
vt 0.660000 0.137255
vt 0.660000 0.647059
vt 0.660000 0.117647
vt 0.660000 0.627451
vt 0.660000 0.098039
vt 0.660000 0.607843
vt 0.660000 0.078431
vt 0.660000 0.588235
vt 0.660000 0.058824
vt 0.660000 0.568627
vt 0.660000 0.039216
vt 0.660000 0.549020
vt 0.660000 0.019608
vt 0.660000 0.529412
vt 0.670000 0.000000
vt 0.660000 0.509804
vt 0.660000 0.490196
vt 0.660000 0.470588
vt 0.670000 1.000000
vt 0.660000 0.980392
vt 0.660000 0.450980
vt 0.660000 0.960784
vt 0.660000 0.431373
vt 0.660000 0.941176
vt 0.660000 0.411765
vt 0.660000 0.921569
vt 0.660000 0.392157
vt 0.660000 0.901961
vt 0.640000 0.333333
vt 0.640000 0.313726
vt 0.640000 0.843137
vt 0.640000 0.823529
vt 0.640000 0.294118
vt 0.640000 0.803922
vt 0.640000 0.274510
vt 0.640000 0.784314
vt 0.640000 0.254902
vt 0.640000 0.764706
vt 0.640000 0.235294
vt 0.640000 0.745098
vt 0.640000 0.215686
vt 0.640000 0.725490
vt 0.640000 0.196078
vt 0.640000 0.705882
vt 0.640000 0.176471
vt 0.640000 0.686275
vt 0.640000 0.156863
vt 0.640000 0.666667
vt 0.640000 0.137255
vt 0.640000 0.647059
vt 0.640000 0.117647
vt 0.640000 0.627451
vt 0.640000 0.098039
vt 0.640000 0.607843
vt 0.640000 0.078431
vt 0.640000 0.588235
vt 0.640000 0.058824
vt 0.640000 0.568627
vt 0.640000 0.039216
vt 0.640000 0.549020
vt 0.640000 0.019608
vt 0.640000 0.529412
vt 0.650000 0.000000
vt 0.640000 0.509804
vt 0.640000 0.490196
vt 0.640000 0.470588
vt 0.650000 1.000000
vt 0.640000 0.980392
vt 0.640000 0.450980
vt 0.640000 0.960784
vt 0.640000 0.431373
vt 0.640000 0.941176
vt 0.640000 0.411765
vt 0.640000 0.921569
vt 0.640000 0.392157
vt 0.640000 0.901961
vt 0.640000 0.372549
vt 0.640000 0.882353
vt 0.640000 0.352941
vt 0.640000 0.862745
vt 0.620000 0.294118
vt 0.620000 0.274510
vt 0.620000 0.803922
vt 0.620000 0.784314
vt 0.620000 0.254902
vt 0.620000 0.764706
vt 0.620000 0.235294
vt 0.620000 0.745098
vt 0.620000 0.215686
vt 0.620000 0.725490
vt 0.620000 0.196078
vt 0.620000 0.705882
vt 0.620000 0.176471
vt 0.620000 0.686275
vt 0.620000 0.156863
vt 0.620000 0.666667
vt 0.620000 0.137255
vt 0.620000 0.647059
vt 0.620000 0.117647
vt 0.620000 0.627451
vt 0.620000 0.098039
vt 0.620000 0.607843
vt 0.620000 0.078431
vt 0.620000 0.588235
vt 0.620000 0.058824
vt 0.620000 0.568627
vt 0.620000 0.039216
vt 0.620000 0.549020
vt 0.620000 0.019608
vt 0.620000 0.529412
vt 0.630000 0.000000
vt 0.620000 0.509804
vt 0.620000 0.490196
vt 0.620000 0.470588
vt 0.630000 1.000000
vt 0.620000 0.980392
vt 0.620000 0.450980
vt 0.620000 0.960784
vt 0.620000 0.431373
vt 0.620000 0.941176
vt 0.620000 0.411765
vt 0.620000 0.921569
vt 0.620000 0.392157
vt 0.620000 0.901961
vt 0.620000 0.372549
vt 0.620000 0.882353
vt 0.620000 0.352941
vt 0.620000 0.862745
vt 0.620000 0.333333
vt 0.620000 0.843137
vt 0.620000 0.313726
vt 0.620000 0.823529
vt 0.600000 0.254902
vt 0.600000 0.235294
vt 0.600000 0.764706
vt 0.600000 0.745098
vt 0.600000 0.215686
vt 0.600000 0.725490
vt 0.600000 0.196078
vt 0.600000 0.705882
vt 0.600000 0.176471
vt 0.600000 0.686275
vt 0.600000 0.156863
vt 0.600000 0.666667
vt 0.600000 0.137255
vt 0.600000 0.647059
vt 0.600000 0.117647
vt 0.600000 0.627451
vt 0.600000 0.098039
vt 0.600000 0.607843
vt 0.600000 0.078431
vt 0.600000 0.588235
vt 0.600000 0.058824
vt 0.600000 0.568627
vt 0.600000 0.039216
vt 0.600000 0.549020
vt 0.600000 0.019608
vt 0.600000 0.529412
vt 0.610000 0.000000
vt 0.600000 0.509804
vt 0.600000 0.490196
vt 0.600000 0.470588
vt 0.610000 1.000000
vt 0.600000 0.980392
vt 0.600000 0.450980
vt 0.600000 0.960784
vt 0.600000 0.431373
vt 0.600000 0.941176
vt 0.600000 0.411765
vt 0.600000 0.921569
vt 0.600000 0.392157
vt 0.600000 0.901961
vt 0.600000 0.372549
vt 0.600000 0.882353
vt 0.600000 0.352941
vt 0.600000 0.862745
vt 0.600000 0.333333
vt 0.600000 0.843137
vt 0.600000 0.313726
vt 0.600000 0.823529
vt 0.600000 0.294118
vt 0.600000 0.803922
vt 0.600000 0.274510
vt 0.600000 0.784314
vt 0.580000 0.745098
vt 0.580000 0.725490
vt 0.580000 0.215686
vt 0.580000 0.196078
vt 0.580000 0.705882
vt 0.580000 0.176471
vt 0.580000 0.686275
vt 0.580000 0.156863
vt 0.580000 0.666667
vt 0.580000 0.137255
vt 0.580000 0.647059
vt 0.580000 0.117647
vt 0.580000 0.627451
vt 0.580000 0.098039
vt 0.580000 0.607843
vt 0.580000 0.078431
vt 0.580000 0.588235
vt 0.580000 0.058824
vt 0.580000 0.568627
vt 0.580000 0.039216
vt 0.580000 0.549020
vt 0.580000 0.019608
vt 0.580000 0.529412
vt 0.590000 0.000000
vt 0.580000 0.509804
vt 0.580000 0.490196
vt 0.580000 0.470588
vt 0.590000 1.000000
vt 0.580000 0.980392
vt 0.580000 0.450980
vt 0.580000 0.960784
vt 0.580000 0.431373
vt 0.580000 0.941176
vt 0.580000 0.411765
vt 0.580000 0.921569
vt 0.580000 0.392157
vt 0.580000 0.901961
vt 0.580000 0.372549
vt 0.580000 0.882353
vt 0.580000 0.352941
vt 0.580000 0.862745
vt 0.580000 0.333333
vt 0.580000 0.843137
vt 0.580000 0.313726
vt 0.580000 0.823529
vt 0.580000 0.294118
vt 0.580000 0.803922
vt 0.580000 0.274510
vt 0.580000 0.784314
vt 0.580000 0.254902
vt 0.580000 0.764706
vt 0.580000 0.235294
vt 0.560000 0.196078
vt 0.560000 0.176471
vt 0.560000 0.705882
vt 0.560000 0.686275
vt 0.560000 0.156863
vt 0.560000 0.666667
vt 0.560000 0.137255
vt 0.560000 0.647059
vt 0.560000 0.117647
vt 0.560000 0.627451
vt 0.560000 0.098039
vt 0.560000 0.607843
vt 0.560000 0.078431
vt 0.560000 0.588235
vt 0.560000 0.058824
vt 0.560000 0.568627
vt 0.560000 0.039216
vt 0.560000 0.549020
vt 0.560000 0.019608
vt 0.560000 0.529412
vt 0.570000 0.000000
vt 0.560000 0.509804
vt 0.560000 0.490196
vt 0.560000 0.470588
vt 0.570000 1.000000
vt 0.560000 0.980392
vt 0.560000 0.450980
vt 0.560000 0.960784
vt 0.560000 0.431373
vt 0.560000 0.941176
vt 0.560000 0.411765
vt 0.560000 0.921569
vt 0.560000 0.392157
vt 0.560000 0.901961
vt 0.560000 0.372549
vt 0.560000 0.882353
vt 0.560000 0.352941
vt 0.560000 0.862745
vt 0.560000 0.333333
vt 0.560000 0.843137
vt 0.560000 0.313726
vt 0.560000 0.823529
vt 0.560000 0.294118
vt 0.560000 0.803922
vt 0.560000 0.274510
vt 0.560000 0.784314
vt 0.560000 0.254902
vt 0.560000 0.764706
vt 0.560000 0.235294
vt 0.560000 0.745098
vt 0.560000 0.215686
vt 0.560000 0.725490
vt 0.540000 0.156863
vt 0.540000 0.137255
vt 0.540000 0.666667
vt 0.540000 0.647059
vt 0.540000 0.117647
vt 0.540000 0.627451
vt 0.540000 0.098039
vt 0.540000 0.607843
vt 0.540000 0.078431
vt 0.540000 0.588235
vt 0.540000 0.058824
vt 0.540000 0.568627
vt 0.540000 0.039216
vt 0.540000 0.549020
vt 0.540000 0.019608
vt 0.540000 0.529412
vt 0.550000 0.000000
vt 0.540000 0.509804
vt 0.540000 0.490196
vt 0.540000 0.470588
vt 0.550000 1.000000
vt 0.540000 0.980392
vt 0.540000 0.450980
vt 0.540000 0.960784
vt 0.540000 0.431373
vt 0.540000 0.941176
vt 0.540000 0.411765
vt 0.540000 0.921569
vt 0.540000 0.392157
vt 0.540000 0.901961
vt 0.540000 0.372549
vt 0.540000 0.882353
vt 0.540000 0.352941
vt 0.540000 0.862745
vt 0.540000 0.333333
vt 0.540000 0.843137
vt 0.540000 0.313726
vt 0.540000 0.823529
vt 0.540000 0.294118
vt 0.540000 0.803922
vt 0.540000 0.274510
vt 0.540000 0.784314
vt 0.540000 0.254902
vt 0.540000 0.764706
vt 0.540000 0.235294
vt 0.540000 0.745098
vt 0.540000 0.215686
vt 0.540000 0.725490
vt 0.540000 0.196078
vt 0.540000 0.705882
vt 0.540000 0.176471
vt 0.540000 0.686275
vt 0.520000 0.117647
vt 0.520000 0.098039
vt 0.520000 0.627451
vt 0.520000 0.607843
vt 0.520000 0.078431
vt 0.520000 0.588235
vt 0.520000 0.058824
vt 0.520000 0.568627
vt 0.520000 0.039216
vt 0.520000 0.549020
vt 0.520000 0.019608
vt 0.520000 0.529412
vt 0.530000 0.000000
vt 0.520000 0.509804
vt 0.520000 0.490196
vt 0.520000 0.470588
vt 0.530000 1.000000
vt 0.520000 0.980392
vt 0.520000 0.450980
vt 0.520000 0.960784
vt 0.520000 0.431373
vt 0.520000 0.941176
vt 0.520000 0.411765
vt 0.520000 0.921569
vt 0.520000 0.392157
vt 0.520000 0.901961
vt 0.520000 0.372549
vt 0.520000 0.882353
vt 0.520000 0.352941
vt 0.520000 0.862745
vt 0.520000 0.333333
vt 0.520000 0.843137
vt 0.520000 0.313726
vt 0.520000 0.823529
vt 0.520000 0.294118
vt 0.520000 0.803922
vt 0.520000 0.274510
vt 0.520000 0.784314
vt 0.520000 0.254902
vt 0.520000 0.764706
vt 0.520000 0.235294
vt 0.520000 0.745098
vt 0.520000 0.215686
vt 0.520000 0.725490
vt 0.520000 0.196078
vt 0.520000 0.705882
vt 0.520000 0.176471
vt 0.520000 0.686275
vt 0.520000 0.156863
vt 0.520000 0.666667
vt 0.520000 0.137255
vt 0.520000 0.647059
vt 0.500000 0.078431
vt 0.500000 0.058824
vt 0.500000 0.588235
vt 0.500000 0.568627
vt 0.500000 0.039216
vt 0.500000 0.549020
vt 0.500000 0.019608
vt 0.500000 0.529412
vt 0.510000 0.000000
vt 0.500000 0.509804
vt 0.500000 0.490196
vt 0.500000 0.470588
vt 0.510000 1.000000
vt 0.500000 0.980392
vt 0.500000 0.450980
vt 0.500000 0.960784
vt 0.500000 0.431373
vt 0.500000 0.941176
vt 0.500000 0.411765
vt 0.500000 0.921569
vt 0.500000 0.392157
vt 0.500000 0.901961
vt 0.500000 0.372549
vt 0.500000 0.882353
vt 0.500000 0.352941
vt 0.500000 0.862745
vt 0.500000 0.333333
vt 0.500000 0.843137
vt 0.500000 0.313726
vt 0.500000 0.823529
vt 0.500000 0.294118
vt 0.500000 0.803922
vt 0.500000 0.274510
vt 0.500000 0.784314
vt 0.500000 0.254902
vt 0.500000 0.764706
vt 0.500000 0.235294
vt 0.500000 0.745098
vt 0.500000 0.215686
vt 0.500000 0.725490
vt 0.500000 0.196078
vt 0.500000 0.705882
vt 0.500000 0.176471
vt 0.500000 0.686275
vt 0.500000 0.156863
vt 0.500000 0.666667
vt 0.500000 0.137255
vt 0.500000 0.647059
vt 0.500000 0.117647
vt 0.500000 0.627451
vt 0.500000 0.098039
vt 0.500000 0.607843
vt 0.480000 0.568627
vt 0.480000 0.549020
vt 0.480000 0.039216
vt 0.480000 0.019608
vt 0.480000 0.529412
vt 0.490000 0.000000
vt 0.480000 0.509804
vt 0.480000 0.490196
vt 0.480000 0.470588
vt 0.490000 1.000000
vt 0.480000 0.980392
vt 0.480000 0.450980
vt 0.480000 0.960784
vt 0.480000 0.431373
vt 0.480000 0.941176
vt 0.480000 0.411765
vt 0.480000 0.921569
vt 0.480000 0.392157
vt 0.480000 0.901961
vt 0.480000 0.372549
vt 0.480000 0.882353
vt 0.480000 0.352941
vt 0.480000 0.862745
vt 0.480000 0.333333
vt 0.480000 0.843137
vt 0.480000 0.313726
vt 0.480000 0.823529
vt 0.480000 0.294118
vt 0.480000 0.803922
vt 0.480000 0.274510
vt 0.480000 0.784314
vt 0.480000 0.254902
vt 0.480000 0.764706
vt 0.480000 0.235294
vt 0.480000 0.745098
vt 0.480000 0.215686
vt 0.480000 0.725490
vt 0.480000 0.196078
vt 0.480000 0.705882
vt 0.480000 0.176471
vt 0.480000 0.686275
vt 0.480000 0.156863
vt 0.480000 0.666667
vt 0.480000 0.137255
vt 0.480000 0.647059
vt 0.480000 0.117647
vt 0.480000 0.627451
vt 0.480000 0.098039
vt 0.480000 0.607843
vt 0.480000 0.078431
vt 0.480000 0.588235
vt 0.480000 0.058824
vt 0.470000 0.000000
vt 0.460000 0.019608
vt 0.460000 0.529412
vt 0.460000 0.509804
vt 0.460000 0.490196
vt 0.460000 0.470588
vt 0.470000 1.000000
vt 0.460000 0.980392
vt 0.460000 0.450980
vt 0.460000 0.960784
vt 0.460000 0.431373
vt 0.460000 0.941176
vt 0.460000 0.411765
vt 0.460000 0.921569
vt 0.460000 0.392157
vt 0.460000 0.901961
vt 0.460000 0.372549
vt 0.460000 0.882353
vt 0.460000 0.352941
vt 0.460000 0.862745
vt 0.460000 0.333333
vt 0.460000 0.843137
vt 0.460000 0.313726
vt 0.460000 0.823529
vt 0.460000 0.294118
vt 0.460000 0.803922
vt 0.460000 0.274510
vt 0.460000 0.784314
vt 0.460000 0.254902
vt 0.460000 0.764706
vt 0.460000 0.235294
vt 0.460000 0.745098
vt 0.460000 0.215686
vt 0.460000 0.725490
vt 0.460000 0.196078
vt 0.460000 0.705882
vt 0.460000 0.176471
vt 0.460000 0.686275
vt 0.460000 0.156863
vt 0.460000 0.666667
vt 0.460000 0.137255
vt 0.460000 0.647059
vt 0.460000 0.117647
vt 0.460000 0.627451
vt 0.460000 0.098039
vt 0.460000 0.607843
vt 0.460000 0.078431
vt 0.460000 0.588235
vt 0.460000 0.058824
vt 0.460000 0.568627
vt 0.460000 0.039216
vt 0.460000 0.549020
vt 0.440000 0.490196
vt 0.440000 0.470588
vt 0.450000 1.000000
vt 0.440000 0.980392
vt 0.440000 0.450980
vt 0.440000 0.960784
vt 0.440000 0.431373
vt 0.440000 0.941176
vt 0.440000 0.411765
vt 0.440000 0.921569
vt 0.440000 0.392157
vt 0.440000 0.901961
vt 0.440000 0.372549
vt 0.440000 0.882353
vt 0.440000 0.352941
vt 0.440000 0.862745
vt 0.440000 0.333333
vt 0.440000 0.843137
vt 0.440000 0.313726
vt 0.440000 0.823529
vt 0.440000 0.294118
vt 0.440000 0.803922
vt 0.440000 0.274510
vt 0.440000 0.784314
vt 0.440000 0.254902
vt 0.440000 0.764706
vt 0.440000 0.235294
vt 0.440000 0.745098
vt 0.440000 0.215686
vt 0.440000 0.725490
vt 0.440000 0.196078
vt 0.440000 0.705882
vt 0.440000 0.176471
vt 0.440000 0.686275
vt 0.440000 0.156863
vt 0.440000 0.666667
vt 0.440000 0.137255
vt 0.440000 0.647059
vt 0.440000 0.117647
vt 0.440000 0.627451
vt 0.440000 0.098039
vt 0.440000 0.607843
vt 0.440000 0.078431
vt 0.440000 0.588235
vt 0.440000 0.058824
vt 0.440000 0.568627
vt 0.440000 0.039216
vt 0.440000 0.549020
vt 0.440000 0.019608
vt 0.440000 0.529412
vt 0.450000 0.000000
vt 0.440000 0.509804
vt 0.420000 0.450980
vt 0.420000 0.431373
vt 0.420000 0.960784
vt 0.420000 0.941176
vt 0.420000 0.411765
vt 0.420000 0.921569
vt 0.420000 0.392157
vt 0.420000 0.901961
vt 0.420000 0.372549
vt 0.420000 0.882353
vt 0.420000 0.352941
vt 0.420000 0.862745
vt 0.420000 0.333333
vt 0.420000 0.843137
vt 0.420000 0.313726
vt 0.420000 0.823529
vt 0.420000 0.294118
vt 0.420000 0.803922
vt 0.420000 0.274510
vt 0.420000 0.784314
vt 0.420000 0.254902
vt 0.420000 0.764706
vt 0.420000 0.235294
vt 0.420000 0.745098
vt 0.420000 0.215686
vt 0.420000 0.725490
vt 0.420000 0.196078
vt 0.420000 0.705882
vt 0.420000 0.176471
vt 0.420000 0.686274
vt 0.420000 0.156863
vt 0.420000 0.666667
vt 0.420000 0.137255
vt 0.420000 0.647059
vt 0.420000 0.117647
vt 0.420000 0.627451
vt 0.420000 0.098039
vt 0.420000 0.607843
vt 0.420000 0.078431
vt 0.420000 0.588235
vt 0.420000 0.058824
vt 0.420000 0.568627
vt 0.420000 0.039216
vt 0.420000 0.549020
vt 0.420000 0.019608
vt 0.420000 0.529412
vt 0.430000 0.000000
vt 0.420000 0.509804
vt 0.420000 0.490196
vt 0.420000 0.470588
vt 0.430000 1.000000
vt 0.420000 0.980392
vt 0.400000 0.117647
vt 0.400000 0.098039
vt 0.400000 0.941176
vt 0.400000 0.921569
vt 0.400000 0.411765
vt 0.400000 0.392157
vt 0.400000 0.901961
vt 0.400000 0.078431
vt 0.400000 0.372549
vt 0.400000 0.882353
vt 0.400000 0.058824
vt 0.400000 0.352941
vt 0.400000 0.862745
vt 0.400000 0.039216
vt 0.400000 0.333333
vt 0.400000 0.843137
vt 0.400000 0.019608
vt 0.400000 0.313726
vt 0.410000 0.000000
vt 0.400000 0.823529
vt 0.400000 0.294118
vt 0.400000 0.803922
vt 0.400000 0.274510
vt 0.400000 0.784314
vt 0.400000 0.254902
vt 0.400000 0.764706
vt 0.400000 0.235294
vt 0.400000 0.745098
vt 0.400000 0.215686
vt 0.400000 0.725490
vt 0.400000 0.196078
vt 0.400000 0.705882
vt 0.400000 0.176471
vt 0.400000 0.686274
vt 0.400000 0.666667
vt 0.400000 0.647059
vt 0.400000 0.627451
vt 0.400000 0.607843
vt 0.400000 0.588235
vt 0.400000 0.568627
vt 0.400000 0.549020
vt 0.400000 0.529412
vt 0.400000 0.509804
vt 0.400000 0.490196
vt 0.400000 0.470588
vt 0.400000 0.156863
vt 0.410000 1.000000
vt 0.400000 0.980392
vt 0.400000 0.450980
vt 0.400000 0.137255
vt 0.400000 0.960784
vt 0.400000 0.431373
vt 0.380000 0.078431
vt 0.380000 0.058824
vt 0.380000 0.588235
vt 0.380000 0.568627
vt 0.380000 0.039216
vt 0.380000 0.549020
vt 0.380000 0.019608
vt 0.380000 0.529412
vt 0.390000 0.000000
vt 0.380000 0.509804
vt 0.380000 0.490196
vt 0.380000 0.470588
vt 0.390000 1.000000
vt 0.380000 0.980392
vt 0.380000 0.450980
vt 0.380000 0.960784
vt 0.380000 0.431373
vt 0.380000 0.941176
vt 0.380000 0.411765
vt 0.380000 0.921569
vt 0.380000 0.392157
vt 0.380000 0.901961
vt 0.380000 0.372549
vt 0.380000 0.882353
vt 0.380000 0.352941
vt 0.380000 0.862745
vt 0.380000 0.333333
vt 0.380000 0.843137
vt 0.380000 0.313726
vt 0.380000 0.823529
vt 0.380000 0.294118
vt 0.380000 0.803922
vt 0.380000 0.274510
vt 0.380000 0.784314
vt 0.380000 0.254902
vt 0.380000 0.764706
vt 0.380000 0.235294
vt 0.380000 0.745098
vt 0.380000 0.215686
vt 0.380000 0.725490
vt 0.380000 0.196078
vt 0.380000 0.705882
vt 0.380000 0.176471
vt 0.380000 0.686274
vt 0.380000 0.156863
vt 0.380000 0.666667
vt 0.380000 0.137255
vt 0.380000 0.647059
vt 0.380000 0.117647
vt 0.380000 0.627451
vt 0.380000 0.098039
vt 0.380000 0.607843
vt 0.360000 0.039216
vt 0.360000 0.019608
vt 0.360000 0.549020
vt 0.360000 0.529412
vt 0.370000 0.000000
vt 0.360000 0.509804
vt 0.360000 0.490196
vt 0.360000 0.470588
vt 0.370000 1.000000
vt 0.360000 0.980392
vt 0.360000 0.450980
vt 0.360000 0.960784
vt 0.360000 0.431373
vt 0.360000 0.941176
vt 0.360000 0.411765
vt 0.360000 0.921569
vt 0.360000 0.392157
vt 0.360000 0.901961
vt 0.360000 0.372549
vt 0.360000 0.882353
vt 0.360000 0.352941
vt 0.360000 0.862745
vt 0.360000 0.333333
vt 0.360000 0.843137
vt 0.360000 0.313726
vt 0.360000 0.823529
vt 0.360000 0.294118
vt 0.360000 0.803922
vt 0.360000 0.274510
vt 0.360000 0.784314
vt 0.360000 0.254902
vt 0.360000 0.764706
vt 0.360000 0.235294
vt 0.360000 0.745098
vt 0.360000 0.215686
vt 0.360000 0.725490
vt 0.360000 0.196078
vt 0.360000 0.705882
vt 0.360000 0.176471
vt 0.360000 0.686274
vt 0.360000 0.156863
vt 0.360000 0.666667
vt 0.360000 0.137255
vt 0.360000 0.647059
vt 0.360000 0.117647
vt 0.360000 0.627451
vt 0.360000 0.098039
vt 0.360000 0.607843
vt 0.360000 0.078431
vt 0.360000 0.588235
vt 0.360000 0.058824
vt 0.360000 0.568627
vt 0.340000 0.509804
vt 0.340000 0.490196
vt 0.340000 0.470588
vt 0.350000 1.000000
vt 0.340000 0.980392
vt 0.340000 0.450980
vt 0.340000 0.960784
vt 0.340000 0.431373
vt 0.340000 0.941176
vt 0.340000 0.411765
vt 0.340000 0.921569
vt 0.340000 0.392157
vt 0.340000 0.901961
vt 0.340000 0.372549
vt 0.340000 0.882353
vt 0.340000 0.352941
vt 0.340000 0.862745
vt 0.340000 0.333333
vt 0.340000 0.843137
vt 0.340000 0.313726
vt 0.340000 0.823529
vt 0.340000 0.294118
vt 0.340000 0.803922
vt 0.340000 0.274510
vt 0.340000 0.784314
vt 0.340000 0.254902
vt 0.340000 0.764706
vt 0.340000 0.235294
vt 0.340000 0.745098
vt 0.340000 0.215686
vt 0.340000 0.725490
vt 0.340000 0.196078
vt 0.340000 0.705882
vt 0.340000 0.176471
vt 0.340000 0.686274
vt 0.340000 0.156863
vt 0.340000 0.666667
vt 0.340000 0.137255
vt 0.340000 0.647059
vt 0.340000 0.117647
vt 0.340000 0.627451
vt 0.340000 0.098039
vt 0.340000 0.607843
vt 0.340000 0.078431
vt 0.340000 0.588235
vt 0.340000 0.058824
vt 0.340000 0.568627
vt 0.340000 0.039216
vt 0.340000 0.549020
vt 0.340000 0.019608
vt 0.340000 0.529412
vt 0.350000 0.000000
vt 0.320000 0.490196
vt 0.320000 0.470588
vt 0.330000 1.000000
vt 0.320000 0.980392
vt 0.320000 0.450980
vt 0.320000 0.960784
vt 0.320000 0.431373
vt 0.320000 0.941176
vt 0.320000 0.411765
vt 0.320000 0.921569
vt 0.320000 0.392157
vt 0.320000 0.901961
vt 0.320000 0.372549
vt 0.320000 0.882353
vt 0.320000 0.352941
vt 0.320000 0.862745
vt 0.320000 0.333333
vt 0.320000 0.843137
vt 0.320000 0.313726
vt 0.320000 0.823529
vt 0.320000 0.294118
vt 0.320000 0.803922
vt 0.320000 0.274510
vt 0.320000 0.784314
vt 0.320000 0.254902
vt 0.320000 0.764706
vt 0.320000 0.235294
vt 0.320000 0.745098
vt 0.320000 0.215686
vt 0.320000 0.725490
vt 0.320000 0.196078
vt 0.320000 0.705882
vt 0.320000 0.176471
vt 0.320000 0.686274
vt 0.320000 0.156863
vt 0.320000 0.666667
vt 0.320000 0.137255
vt 0.320000 0.647059
vt 0.320000 0.117647
vt 0.320000 0.627451
vt 0.320000 0.098039
vt 0.320000 0.607843
vt 0.320000 0.078431
vt 0.320000 0.588235
vt 0.320000 0.058824
vt 0.320000 0.568627
vt 0.320000 0.039216
vt 0.320000 0.549020
vt 0.320000 0.019608
vt 0.320000 0.529412
vt 0.330000 0.000000
vt 0.320000 0.509804
vt 0.300000 0.450980
vt 0.300000 0.431373
vt 0.300000 0.960784
vt 0.300000 0.941176
vt 0.300000 0.411765
vt 0.300000 0.921569
vt 0.300000 0.392157
vt 0.300000 0.901961
vt 0.300000 0.372549
vt 0.300000 0.882353
vt 0.300000 0.352941
vt 0.300000 0.862745
vt 0.300000 0.333333
vt 0.300000 0.843137
vt 0.300000 0.313726
vt 0.300000 0.823529
vt 0.300000 0.294118
vt 0.300000 0.803922
vt 0.300000 0.274510
vt 0.300000 0.784314
vt 0.300000 0.254902
vt 0.300000 0.764706
vt 0.300000 0.235294
vt 0.300000 0.745098
vt 0.300000 0.215686
vt 0.300000 0.725490
vt 0.300000 0.196078
vt 0.300000 0.705882
vt 0.300000 0.176471
vt 0.300000 0.686274
vt 0.300000 0.156863
vt 0.300000 0.666667
vt 0.300000 0.137255
vt 0.300000 0.647059
vt 0.300000 0.117647
vt 0.300000 0.627451
vt 0.300000 0.098039
vt 0.300000 0.607843
vt 0.300000 0.078431
vt 0.300000 0.588235
vt 0.300000 0.058824
vt 0.300000 0.568627
vt 0.300000 0.039216
vt 0.300000 0.549020
vt 0.300000 0.019608
vt 0.300000 0.529412
vt 0.310000 0.000000
vt 0.300000 0.509804
vt 0.300000 0.490196
vt 0.300000 0.470588
vt 0.310000 1.000000
vt 0.300000 0.980392
vt 0.280000 0.411765
vt 0.280000 0.392157
vt 0.280000 0.921569
vt 0.280000 0.901961
vt 0.280000 0.372549
vt 0.280000 0.882353
vt 0.280000 0.352941
vt 0.280000 0.862745
vt 0.280000 0.333333
vt 0.280000 0.843137
vt 0.280000 0.313726
vt 0.280000 0.823529
vt 0.280000 0.294118
vt 0.280000 0.803922
vt 0.280000 0.274510
vt 0.280000 0.784314
vt 0.280000 0.254902
vt 0.280000 0.764706
vt 0.280000 0.235294
vt 0.280000 0.745098
vt 0.280000 0.215686
vt 0.280000 0.725490
vt 0.280000 0.196078
vt 0.280000 0.705882
vt 0.280000 0.176471
vt 0.280000 0.686274
vt 0.280000 0.156863
vt 0.280000 0.666667
vt 0.280000 0.137255
vt 0.280000 0.647059
vt 0.280000 0.117647
vt 0.280000 0.627451
vt 0.280000 0.098039
vt 0.280000 0.607843
vt 0.280000 0.078431
vt 0.280000 0.588235
vt 0.280000 0.058824
vt 0.280000 0.568627
vt 0.280000 0.039216
vt 0.280000 0.549020
vt 0.280000 0.019608
vt 0.280000 0.529412
vt 0.290000 0.000000
vt 0.280000 0.509804
vt 0.280000 0.490196
vt 0.280000 0.470588
vt 0.290000 1.000000
vt 0.280000 0.980392
vt 0.280000 0.450980
vt 0.280000 0.960784
vt 0.280000 0.431373
vt 0.280000 0.941176
vt 0.260000 0.372549
vt 0.260000 0.352941
vt 0.260000 0.882353
vt 0.260000 0.862745
vt 0.260000 0.333333
vt 0.260000 0.843137
vt 0.260000 0.313726
vt 0.260000 0.823529
vt 0.260000 0.294118
vt 0.260000 0.803922
vt 0.260000 0.274510
vt 0.260000 0.784314
vt 0.260000 0.254902
vt 0.260000 0.764706
vt 0.260000 0.235294
vt 0.260000 0.745098
vt 0.260000 0.215686
vt 0.260000 0.725490
vt 0.260000 0.196078
vt 0.260000 0.705882
vt 0.260000 0.176471
vt 0.260000 0.686274
vt 0.260000 0.156863
vt 0.260000 0.666667
vt 0.260000 0.137255
vt 0.260000 0.647059
vt 0.260000 0.117647
vt 0.260000 0.627451
vt 0.260000 0.098039
vt 0.260000 0.607843
vt 0.260000 0.078431
vt 0.260000 0.588235
vt 0.260000 0.058824
vt 0.260000 0.568627
vt 0.260000 0.039216
vt 0.260000 0.549020
vt 0.260000 0.019608
vt 0.260000 0.529412
vt 0.270000 0.000000
vt 0.260000 0.509804
vt 0.260000 0.490196
vt 0.260000 0.470588
vt 0.270000 1.000000
vt 0.260000 0.980392
vt 0.260000 0.450980
vt 0.260000 0.960784
vt 0.260000 0.431373
vt 0.260000 0.941176
vt 0.260000 0.411765
vt 0.260000 0.921569
vt 0.260000 0.392157
vt 0.260000 0.901961
vt 0.240000 0.862745
vt 0.240000 0.843137
vt 0.240000 0.333333
vt 0.240000 0.313726
vt 0.240000 0.823529
vt 0.240000 0.294118
vt 0.240000 0.803922
vt 0.240000 0.274510
vt 0.240000 0.784314
vt 0.240000 0.254902
vt 0.240000 0.764706
vt 0.240000 0.235294
vt 0.240000 0.745098
vt 0.240000 0.215686
vt 0.240000 0.725490
vt 0.240000 0.196078
vt 0.240000 0.705882
vt 0.240000 0.176471
vt 0.240000 0.686274
vt 0.240000 0.156863
vt 0.240000 0.666667
vt 0.240000 0.137255
vt 0.240000 0.647059
vt 0.240000 0.117647
vt 0.240000 0.627451
vt 0.240000 0.098039
vt 0.240000 0.607843
vt 0.240000 0.078431
vt 0.240000 0.588235
vt 0.240000 0.058824
vt 0.240000 0.568627
vt 0.240000 0.039216
vt 0.240000 0.549020
vt 0.240000 0.019608
vt 0.240000 0.529412
vt 0.250000 0.000000
vt 0.240000 0.509804
vt 0.240000 0.490196
vt 0.240000 0.470588
vt 0.250000 1.000000
vt 0.240000 0.980392
vt 0.240000 0.450980
vt 0.240000 0.960784
vt 0.240000 0.431373
vt 0.240000 0.941176
vt 0.240000 0.411765
vt 0.240000 0.921569
vt 0.240000 0.392157
vt 0.240000 0.901961
vt 0.240000 0.372549
vt 0.240000 0.882353
vt 0.240000 0.352941
vt 0.220000 0.313726
vt 0.220000 0.294118
vt 0.220000 0.823529
vt 0.220000 0.803922
vt 0.220000 0.274510
vt 0.220000 0.784314
vt 0.220000 0.254902
vt 0.220000 0.764706
vt 0.220000 0.235294
vt 0.220000 0.745098
vt 0.220000 0.215686
vt 0.220000 0.725490
vt 0.220000 0.196078
vt 0.220000 0.705882
vt 0.220000 0.176471
vt 0.220000 0.686274
vt 0.220000 0.156863
vt 0.220000 0.666667
vt 0.220000 0.137255
vt 0.220000 0.647059
vt 0.220000 0.117647
vt 0.220000 0.627451
vt 0.220000 0.098039
vt 0.220000 0.607843
vt 0.220000 0.078431
vt 0.220000 0.588235
vt 0.220000 0.058824
vt 0.220000 0.568627
vt 0.220000 0.039216
vt 0.220000 0.549020
vt 0.220000 0.019608
vt 0.220000 0.529412
vt 0.230000 0.000000
vt 0.220000 0.509804
vt 0.220000 0.490196
vt 0.220000 0.470588
vt 0.230000 1.000000
vt 0.220000 0.980392
vt 0.220000 0.450980
vt 0.220000 0.960784
vt 0.220000 0.431373
vt 0.220000 0.941176
vt 0.220000 0.411765
vt 0.220000 0.921569
vt 0.220000 0.392157
vt 0.220000 0.901961
vt 0.220000 0.372549
vt 0.220000 0.882353
vt 0.220000 0.352941
vt 0.220000 0.862745
vt 0.220000 0.333333
vt 0.220000 0.843137
vt 0.200000 0.274510
vt 0.200000 0.254902
vt 0.200000 0.784314
vt 0.200000 0.764706
vt 0.200000 0.235294
vt 0.200000 0.745098
vt 0.200000 0.215686
vt 0.200000 0.725490
vt 0.200000 0.196078
vt 0.200000 0.705882
vt 0.200000 0.176471
vt 0.200000 0.686274
vt 0.200000 0.156863
vt 0.200000 0.666667
vt 0.200000 0.137255
vt 0.200000 0.647059
vt 0.200000 0.117647
vt 0.200000 0.627451
vt 0.200000 0.098039
vt 0.200000 0.607843
vt 0.200000 0.078431
vt 0.200000 0.588235
vt 0.200000 0.058824
vt 0.200000 0.568627
vt 0.200000 0.039216
vt 0.200000 0.549020
vt 0.200000 0.019608
vt 0.200000 0.529412
vt 0.210000 0.000000
vt 0.200000 0.509804
vt 0.200000 0.490196
vt 0.200000 0.470588
vt 0.210000 1.000000
vt 0.200000 0.980392
vt 0.200000 0.450980
vt 0.200000 0.960784
vt 0.200000 0.431373
vt 0.200000 0.941176
vt 0.200000 0.411765
vt 0.200000 0.921569
vt 0.200000 0.392157
vt 0.200000 0.901961
vt 0.200000 0.372549
vt 0.200000 0.882353
vt 0.200000 0.352941
vt 0.200000 0.862745
vt 0.200000 0.333333
vt 0.200000 0.843137
vt 0.200000 0.313726
vt 0.200000 0.823529
vt 0.200000 0.294118
vt 0.200000 0.803922
vt 0.180000 0.235294
vt 0.180000 0.215686
vt 0.180000 0.745098
vt 0.180000 0.725490
vt 0.180000 0.196078
vt 0.180000 0.705882
vt 0.180000 0.176471
vt 0.180000 0.686274
vt 0.180000 0.156863
vt 0.180000 0.666667
vt 0.180000 0.137255
vt 0.180000 0.647059
vt 0.180000 0.117647
vt 0.180000 0.627451
vt 0.180000 0.098039
vt 0.180000 0.607843
vt 0.180000 0.078431
vt 0.180000 0.588235
vt 0.180000 0.058824
vt 0.180000 0.568627
vt 0.180000 0.039216
vt 0.180000 0.549020
vt 0.180000 0.019608
vt 0.180000 0.529412
vt 0.190000 0.000000
vt 0.180000 0.509804
vt 0.180000 0.490196
vt 0.180000 0.470588
vt 0.190000 1.000000
vt 0.180000 0.980392
vt 0.180000 0.450980
vt 0.180000 0.960784
vt 0.180000 0.431373
vt 0.180000 0.941176
vt 0.180000 0.411765
vt 0.180000 0.921569
vt 0.180000 0.392157
vt 0.180000 0.901961
vt 0.180000 0.372549
vt 0.180000 0.882353
vt 0.180000 0.352941
vt 0.180000 0.862745
vt 0.180000 0.333333
vt 0.180000 0.843137
vt 0.180000 0.313726
vt 0.180000 0.823529
vt 0.180000 0.294118
vt 0.180000 0.803922
vt 0.180000 0.274510
vt 0.180000 0.784314
vt 0.180000 0.254902
vt 0.180000 0.764706
vt 0.160000 0.196078
vt 0.160000 0.176471
vt 0.160000 0.705882
vt 0.160000 0.686274
vt 0.160000 0.156863
vt 0.160000 0.666667
vt 0.160000 0.137255
vt 0.160000 0.647059
vt 0.160000 0.117647
vt 0.160000 0.627451
vt 0.160000 0.098039
vt 0.160000 0.607843
vt 0.160000 0.078431
vt 0.160000 0.588235
vt 0.160000 0.058824
vt 0.160000 0.568627
vt 0.160000 0.039216
vt 0.160000 0.549020
vt 0.160000 0.019608
vt 0.160000 0.529412
vt 0.170000 0.000000
vt 0.160000 0.509804
vt 0.160000 0.490196
vt 0.160000 0.470588
vt 0.170000 1.000000
vt 0.160000 0.980392
vt 0.160000 0.450980
vt 0.160000 0.960784
vt 0.160000 0.431373
vt 0.160000 0.941176
vt 0.160000 0.411765
vt 0.160000 0.921569
vt 0.160000 0.392157
vt 0.160000 0.901961
vt 0.160000 0.372549
vt 0.160000 0.882353
vt 0.160000 0.352941
vt 0.160000 0.862745
vt 0.160000 0.333333
vt 0.160000 0.843137
vt 0.160000 0.313726
vt 0.160000 0.823529
vt 0.160000 0.294118
vt 0.160000 0.803922
vt 0.160000 0.274510
vt 0.160000 0.784314
vt 0.160000 0.254902
vt 0.160000 0.764706
vt 0.160000 0.235294
vt 0.160000 0.745098
vt 0.160000 0.215686
vt 0.160000 0.725490
vt 0.140000 0.686274
vt 0.140000 0.666667
vt 0.140000 0.156863
vt 0.140000 0.137255
vt 0.140000 0.647059
vt 0.140000 0.117647
vt 0.140000 0.627451
vt 0.140000 0.098039
vt 0.140000 0.607843
vt 0.140000 0.078431
vt 0.140000 0.588235
vt 0.140000 0.058824
vt 0.140000 0.568627
vt 0.140000 0.039216
vt 0.140000 0.549020
vt 0.140000 0.019608
vt 0.140000 0.529412
vt 0.150000 0.000000
vt 0.140000 0.509804
vt 0.140000 0.490196
vt 0.140000 0.470588
vt 0.150000 1.000000
vt 0.140000 0.980392
vt 0.140000 0.450980
vt 0.140000 0.960784
vt 0.140000 0.431373
vt 0.140000 0.941176
vt 0.140000 0.411765
vt 0.140000 0.921569
vt 0.140000 0.392157
vt 0.140000 0.901961
vt 0.140000 0.372549
vt 0.140000 0.882353
vt 0.140000 0.352941
vt 0.140000 0.862745
vt 0.140000 0.333333
vt 0.140000 0.843137
vt 0.140000 0.313726
vt 0.140000 0.823529
vt 0.140000 0.294118
vt 0.140000 0.803922
vt 0.140000 0.274510
vt 0.140000 0.784314
vt 0.140000 0.254902
vt 0.140000 0.764706
vt 0.140000 0.235294
vt 0.140000 0.745098
vt 0.140000 0.215686
vt 0.140000 0.725490
vt 0.140000 0.196078
vt 0.140000 0.705882
vt 0.140000 0.176471
vt 0.120000 0.137255
vt 0.120000 0.117647
vt 0.120000 0.647059
vt 0.120000 0.627451
vt 0.120000 0.098039
vt 0.120000 0.607843
vt 0.120000 0.078431
vt 0.120000 0.588235
vt 0.120000 0.058824
vt 0.120000 0.568627
vt 0.120000 0.039216
vt 0.120000 0.549020
vt 0.120000 0.019608
vt 0.120000 0.529412
vt 0.130000 0.000000
vt 0.120000 0.509804
vt 0.120000 0.490196
vt 0.120000 0.470588
vt 0.130000 1.000000
vt 0.120000 0.980392
vt 0.120000 0.450980
vt 0.120000 0.960784
vt 0.120000 0.431373
vt 0.120000 0.941176
vt 0.120000 0.411765
vt 0.120000 0.921569
vt 0.120000 0.392157
vt 0.120000 0.901961
vt 0.120000 0.372549
vt 0.120000 0.882353
vt 0.120000 0.352941
vt 0.120000 0.862745
vt 0.120000 0.333333
vt 0.120000 0.843137
vt 0.120000 0.313726
vt 0.120000 0.823529
vt 0.120000 0.294118
vt 0.120000 0.803921
vt 0.120000 0.274510
vt 0.120000 0.784314
vt 0.120000 0.254902
vt 0.120000 0.764706
vt 0.120000 0.235294
vt 0.120000 0.745098
vt 0.120000 0.215686
vt 0.120000 0.725490
vt 0.120000 0.196079
vt 0.120000 0.705882
vt 0.120000 0.176471
vt 0.120000 0.686274
vt 0.120000 0.156863
vt 0.120000 0.666667
vt 0.100000 0.098039
vt 0.100000 0.078431
vt 0.100000 0.607843
vt 0.100000 0.588235
vt 0.100000 0.058824
vt 0.100000 0.568627
vt 0.100000 0.039216
vt 0.100000 0.549020
vt 0.100000 0.019608
vt 0.100000 0.529412
vt 0.110000 0.000000
vt 0.100000 0.509804
vt 0.100000 0.490196
vt 0.100000 0.470588
vt 0.110000 1.000000
vt 0.100000 0.980392
vt 0.100000 0.450980
vt 0.100000 0.960784
vt 0.100000 0.431373
vt 0.100000 0.941176
vt 0.100000 0.411765
vt 0.100000 0.921569
vt 0.100000 0.392157
vt 0.100000 0.901961
vt 0.100000 0.372549
vt 0.100000 0.882353
vt 0.100000 0.352941
vt 0.100000 0.862745
vt 0.100000 0.333333
vt 0.100000 0.843137
vt 0.100000 0.313726
vt 0.100000 0.823529
vt 0.100000 0.294118
vt 0.100000 0.803921
vt 0.100000 0.274510
vt 0.100000 0.784314
vt 0.100000 0.254902
vt 0.100000 0.764706
vt 0.100000 0.235294
vt 0.100000 0.745098
vt 0.100000 0.215686
vt 0.100000 0.725490
vt 0.100000 0.196079
vt 0.100000 0.705882
vt 0.100000 0.176471
vt 0.100000 0.686274
vt 0.100000 0.156863
vt 0.100000 0.666667
vt 0.100000 0.137255
vt 0.100000 0.647059
vt 0.100000 0.117647
vt 0.100000 0.627451
vt 0.080000 0.254902
vt 0.080000 0.235294
vt 0.080000 0.568627
vt 0.080000 0.549020
vt 0.080000 0.215686
vt 0.080000 0.529412
vt 0.080000 0.196079
vt 0.080000 0.509804
vt 0.080000 0.176471
vt 0.080000 0.490196
vt 0.080000 0.156863
vt 0.080000 0.470588
vt 0.090000 1.000000
vt 0.080000 0.980392
vt 0.080000 0.137255
vt 0.080000 0.450980
vt 0.080000 0.960784
vt 0.080000 0.117647
vt 0.080000 0.431373
vt 0.080000 0.941176
vt 0.080000 0.098039
vt 0.080000 0.411765
vt 0.080000 0.921569
vt 0.080000 0.078431
vt 0.080000 0.392157
vt 0.080000 0.901961
vt 0.080000 0.058824
vt 0.080000 0.372549
vt 0.080000 0.882353
vt 0.080000 0.039216
vt 0.080000 0.862745
vt 0.080000 0.019608
vt 0.080000 0.843137
vt 0.090000 0.000000
vt 0.080000 0.823529
vt 0.080000 0.803921
vt 0.080000 0.784314
vt 0.080000 0.764706
vt 0.080000 0.745098
vt 0.080000 0.725490
vt 0.080000 0.705882
vt 0.080000 0.686274
vt 0.080000 0.352941
vt 0.080000 0.666667
vt 0.080000 0.333333
vt 0.080000 0.647059
vt 0.080000 0.313726
vt 0.080000 0.627451
vt 0.080000 0.294118
vt 0.080000 0.607843
vt 0.080000 0.274510
vt 0.080000 0.588235
vt 0.060000 0.215686
vt 0.060000 0.196079
vt 0.060000 0.725490
vt 0.060000 0.705882
vt 0.060000 0.176471
vt 0.060000 0.686274
vt 0.060000 0.156863
vt 0.060000 0.666667
vt 0.060000 0.137255
vt 0.060000 0.647059
vt 0.060000 0.117647
vt 0.060000 0.627451
vt 0.060000 0.098039
vt 0.060000 0.607843
vt 0.060000 0.078431
vt 0.060000 0.588235
vt 0.060000 0.058824
vt 0.060000 0.568627
vt 0.060000 0.039216
vt 0.060000 0.549020
vt 0.060000 0.019608
vt 0.060000 0.529412
vt 0.070000 0.000000
vt 0.060000 0.509804
vt 0.060000 0.490196
vt 0.060000 0.470588
vt 0.070000 1.000000
vt 0.060000 0.980392
vt 0.060000 0.450980
vt 0.060000 0.960784
vt 0.060000 0.431373
vt 0.060000 0.941176
vt 0.060000 0.411765
vt 0.060000 0.921569
vt 0.060000 0.392157
vt 0.060000 0.901961
vt 0.060000 0.372549
vt 0.060000 0.882353
vt 0.060000 0.352941
vt 0.060000 0.862745
vt 0.060000 0.333333
vt 0.060000 0.843137
vt 0.060000 0.313726
vt 0.060000 0.823529
vt 0.060000 0.294118
vt 0.060000 0.803921
vt 0.060000 0.274510
vt 0.060000 0.784314
vt 0.060000 0.254902
vt 0.060000 0.764706
vt 0.060000 0.235294
vt 0.060000 0.745098
vt 0.040000 0.176471
vt 0.040000 0.156863
vt 0.040000 0.686274
vt 0.040000 0.666667
vt 0.040000 0.137255
vt 0.040000 0.647059
vt 0.040000 0.117647
vt 0.040000 0.627451
vt 0.040000 0.098039
vt 0.040000 0.607843
vt 0.040000 0.078431
vt 0.040000 0.588235
vt 0.040000 0.058824
vt 0.040000 0.568627
vt 0.040000 0.039216
vt 0.040000 0.549020
vt 0.040000 0.019608
vt 0.040000 0.529412
vt 0.050000 0.000000
vt 0.040000 0.509804
vt 0.040000 0.490196
vt 0.040000 0.470588
vt 0.050000 1.000000
vt 0.040000 0.980392
vt 0.040000 0.450980
vt 0.040000 0.960784
vt 0.040000 0.431373
vt 0.040000 0.941176
vt 0.040000 0.411765
vt 0.040000 0.921569
vt 0.040000 0.392157
vt 0.040000 0.901961
vt 0.040000 0.372549
vt 0.040000 0.882353
vt 0.040000 0.352941
vt 0.040000 0.862745
vt 0.040000 0.333333
vt 0.040000 0.843137
vt 0.040000 0.313726
vt 0.040000 0.823529
vt 0.040000 0.294118
vt 0.040000 0.803921
vt 0.040000 0.274510
vt 0.040000 0.784314
vt 0.040000 0.254902
vt 0.040000 0.764706
vt 0.040000 0.235294
vt 0.040000 0.745098
vt 0.040000 0.215686
vt 0.040000 0.725490
vt 0.040000 0.196079
vt 0.040000 0.705882
vt 0.020000 0.666667
vt 0.020000 0.647059
vt 0.020000 0.137255
vt 0.020000 0.117647
vt 0.020000 0.627451
vt 0.020000 0.098039
vt 0.020000 0.607843
vt 0.020000 0.078431
vt 0.020000 0.588235
vt 0.020000 0.058824
vt 0.020000 0.568627
vt 0.020000 0.039216
vt 0.020000 0.549020
vt 0.020000 0.019608
vt 0.020000 0.529412
vt 0.030000 0.000000
vt 0.020000 0.509804
vt 0.020000 0.490196
vt 0.020000 0.470588
vt 0.030000 1.000000
vt 0.020000 0.980392
vt 0.020000 0.450980
vt 0.020000 0.960784
vt 0.020000 0.431373
vt 0.020000 0.941176
vt 0.020000 0.411765
vt 0.020000 0.921569
vt 0.020000 0.392157
vt 0.020000 0.901961
vt 0.020000 0.372549
vt 0.020000 0.882353
vt 0.020000 0.352941
vt 0.020000 0.862745
vt 0.020000 0.333333
vt 0.020000 0.843137
vt 0.020000 0.313726
vt 0.020000 0.823529
vt 0.020000 0.294118
vt 0.020000 0.803921
vt 0.020000 0.274510
vt 0.020000 0.784314
vt 0.020000 0.254902
vt 0.020000 0.764706
vt 0.020000 0.235294
vt 0.020000 0.745098
vt 0.020000 0.215686
vt 0.020000 0.725490
vt 0.020000 0.196079
vt 0.020000 0.705882
vt 0.020000 0.176471
vt 0.020000 0.686274
vt 0.020000 0.156863
vt 0.000000 0.117647
vt 0.000000 0.098039
vt 0.000000 0.627451
vt 0.000000 0.607843
vt 0.000000 0.078431
vt 0.000000 0.588235
vt 0.000000 0.058824
vt 0.000000 0.568627
vt 0.000000 0.039216
vt 0.000000 0.549020
vt 0.000000 0.019608
vt 0.000000 0.529412
vt 0.010000 0.000000
vt 0.000000 0.509804
vt 0.000000 0.490196
vt 0.000000 0.470588
vt 0.010000 1.000000
vt 0.000000 0.980392
vt 0.000000 0.450980
vt 0.000000 0.960784
vt 0.000000 0.431373
vt 0.000000 0.941176
vt 0.000000 0.411765
vt 0.000000 0.921569
vt 0.000000 0.392157
vt 0.000000 0.901961
vt 0.000000 0.372549
vt 0.000000 0.882353
vt 0.000000 0.352941
vt 0.000000 0.862745
vt 0.000000 0.333333
vt 0.000000 0.843137
vt 0.000000 0.313726
vt 0.000000 0.823529
vt 0.000000 0.294118
vt 0.000000 0.803921
vt 0.000000 0.274510
vt 0.000000 0.784314
vt 0.000000 0.254902
vt 0.000000 0.764706
vt 0.000000 0.235294
vt 0.000000 0.745098
vt 0.000000 0.215686
vt 0.000000 0.725490
vt 0.000000 0.196079
vt 0.000000 0.705882
vt 0.000000 0.176471
vt 0.000000 0.686274
vt 0.000000 0.156863
vt 0.000000 0.666667
vt 0.000000 0.137255
vt 0.000000 0.647059
vt 1.000000 0.058824
vt 1.000000 0.078431
vt 0.980000 0.078431
vt 0.980000 0.058824
vt 1.000000 0.568627
vt 1.000000 0.588235
vt 0.980000 0.588235
vt 0.980000 0.568627
vt 1.000000 0.039216
vt 0.980000 0.039216
vt 1.000000 0.549020
vt 0.980000 0.549020
vt 1.000000 0.019608
vt 0.980000 0.019608
vt 1.000000 0.529412
vt 0.980000 0.529412
vt 0.990000 0.000000
vt 1.000000 0.509804
vt 0.980000 0.509804
vt 1.000000 0.490196
vt 0.980000 0.490196
vt 1.000000 0.470588
vt 0.980000 0.470588
vt 1.000000 0.980392
vt 0.990000 1.000000
vt 0.980000 0.980392
vt 1.000000 0.450980
vt 0.980000 0.450980
vt 1.000000 0.960784
vt 0.980000 0.960784
vt 1.000000 0.431373
vt 0.980000 0.431373
vt 1.000000 0.941176
vt 0.980000 0.941176
vt 1.000000 0.411765
vt 0.980000 0.411765
vt 1.000000 0.921569
vt 0.980000 0.921569
vt 1.000000 0.392157
vt 0.980000 0.392157
vt 1.000000 0.901961
vt 0.980000 0.901961
vt 1.000000 0.372549
vt 0.980000 0.372549
vt 1.000000 0.882353
vt 0.980000 0.882353
vt 1.000000 0.352941
vt 0.980000 0.352941
vt 1.000000 0.862745
vt 0.980000 0.862745
vt 1.000000 0.333333
vt 0.980000 0.333333
vt 1.000000 0.843137
vt 0.980000 0.843137
vt 1.000000 0.313726
vt 0.980000 0.313726
vt 1.000000 0.823529
vt 0.980000 0.823529
vt 1.000000 0.294118
vt 0.980000 0.294118
vt 1.000000 0.803921
vt 0.980000 0.803921
vt 1.000000 0.274510
vt 0.980000 0.274510
vt 1.000000 0.784314
vt 0.980000 0.784314
vt 1.000000 0.254902
vt 0.980000 0.254902
vt 1.000000 0.764706
vt 0.980000 0.764706
vt 1.000000 0.235294
vt 0.980000 0.235294
vt 1.000000 0.745098
vt 0.980000 0.745098
vt 1.000000 0.215686
vt 0.980000 0.215686
vt 1.000000 0.725490
vt 0.980000 0.725490
vt 1.000000 0.196079
vt 0.980000 0.196079
vt 1.000000 0.705882
vt 0.980000 0.705882
vt 1.000000 0.176471
vt 0.980000 0.176471
vt 1.000000 0.686274
vt 0.980000 0.686274
vt 1.000000 0.156863
vt 0.980000 0.156863
vt 1.000000 0.666667
vt 0.980000 0.666667
vt 1.000000 0.137255
vt 0.980000 0.137255
vt 1.000000 0.647059
vt 0.980000 0.647059
vt 1.000000 0.117647
vt 0.980000 0.117647
vt 1.000000 0.627451
vt 0.980000 0.627451
vt 1.000000 0.098039
vt 0.980000 0.098039
vt 1.000000 0.607843
vt 0.980000 0.607843
vt 0.960000 0.039216
vt 0.960000 0.019608
vt 0.960000 0.549020
vt 0.960000 0.529412
vt 0.970000 0.000000
vt 0.960000 0.509804
vt 0.960000 0.490196
vt 0.960000 0.470588
vt 0.970000 1.000000
vt 0.960000 0.980392
vt 0.960000 0.450980
vt 0.960000 0.960784
vt 0.960000 0.431373
vt 0.960000 0.941176
vt 0.960000 0.411765
vt 0.960000 0.921569
vt 0.960000 0.392157
vt 0.960000 0.901961
vt 0.960000 0.372549
vt 0.960000 0.882353
vt 0.960000 0.352941
vt 0.960000 0.862745
vt 0.960000 0.333333
vt 0.960000 0.843137
vt 0.960000 0.313726
vt 0.960000 0.823529
vt 0.960000 0.294118
vt 0.960000 0.803921
vt 0.960000 0.274510
vt 0.960000 0.784314
vt 0.960000 0.254902
vt 0.960000 0.764706
vt 0.960000 0.235294
vt 0.960000 0.745098
vt 0.960000 0.215686
vt 0.960000 0.725490
vt 0.960000 0.196079
vt 0.960000 0.705882
vt 0.960000 0.176471
vt 0.960000 0.686274
vt 0.960000 0.156863
vt 0.960000 0.666667
vt 0.960000 0.137255
vt 0.960000 0.647059
vt 0.960000 0.117647
vt 0.960000 0.627451
vt 0.960000 0.098039
vt 0.960000 0.607843
vt 0.960000 0.078431
vt 0.960000 0.588235
vt 0.960000 0.058824
vt 0.960000 0.568627
vt 0.940000 0.509804
vt 0.940000 0.490196
vt 0.940000 0.470588
vt 0.950000 1.000000
vt 0.940000 0.980392
vt 0.940000 0.450980
vt 0.940000 0.960784
vt 0.940000 0.431373
vt 0.940000 0.941176
vt 0.940000 0.411765
vt 0.940000 0.921569
vt 0.940000 0.392157
vt 0.940000 0.901961
vt 0.940000 0.372549
vt 0.940000 0.882353
vt 0.940000 0.352941
vt 0.940000 0.862745
vt 0.940000 0.333333
vt 0.940000 0.843137
vt 0.940000 0.313726
vt 0.940000 0.823529
vt 0.940000 0.294118
vt 0.940000 0.803921
vt 0.940000 0.274510
vt 0.940000 0.784314
vt 0.940000 0.254902
vt 0.940000 0.764706
vt 0.940000 0.235294
vt 0.940000 0.745098
vt 0.940000 0.215686
vt 0.940000 0.725490
vt 0.940000 0.196079
vt 0.940000 0.705882
vt 0.940000 0.176471
vt 0.940000 0.686274
vt 0.940000 0.156863
vt 0.940000 0.666667
vt 0.940000 0.137255
vt 0.940000 0.647059
vt 0.940000 0.117647
vt 0.940000 0.627451
vt 0.940000 0.098039
vt 0.940000 0.607843
vt 0.940000 0.078431
vt 0.940000 0.588235
vt 0.940000 0.058824
vt 0.940000 0.568627
vt 0.940000 0.039216
vt 0.940000 0.549020
vt 0.940000 0.019608
vt 0.940000 0.529412
vt 0.950000 0.000000
vt 0.920000 0.490196
vt 0.920000 0.470588
vt 0.930000 1.000000
vt 0.920000 0.980392
vt 0.920000 0.450980
vt 0.920000 0.960784
vt 0.920000 0.431373
vt 0.920000 0.941176
vt 0.920000 0.411765
vt 0.920000 0.921569
vt 0.920000 0.392157
vt 0.920000 0.901961
vt 0.920000 0.372549
vt 0.920000 0.882353
vt 0.920000 0.352941
vt 0.920000 0.862745
vt 0.920000 0.333333
vt 0.920000 0.843137
vt 0.920000 0.313726
vt 0.920000 0.823529
vt 0.920000 0.294118
vt 0.920000 0.803921
vt 0.920000 0.274510
vt 0.920000 0.784314
vt 0.920000 0.254902
vt 0.920000 0.764706
vt 0.920000 0.235294
vt 0.920000 0.745098
vt 0.920000 0.215686
vt 0.920000 0.725490
vt 0.920000 0.196079
vt 0.920000 0.705882
vt 0.920000 0.176471
vt 0.920000 0.686274
vt 0.920000 0.156863
vt 0.920000 0.666667
vt 0.920000 0.137255
vt 0.920000 0.647059
vt 0.920000 0.117647
vt 0.920000 0.627451
vt 0.920000 0.098039
vt 0.920000 0.607843
vt 0.920000 0.078431
vt 0.920000 0.588235
vt 0.920000 0.058824
vt 0.920000 0.568627
vt 0.920000 0.039216
vt 0.920000 0.549020
vt 0.920000 0.019608
vt 0.920000 0.529412
vt 0.930000 0.000000
vt 0.920000 0.509804
vt 0.900000 0.450980
vt 0.900000 0.431373
vt 0.900000 0.960784
vt 0.900000 0.941176
vt 0.900000 0.411765
vt 0.900000 0.921569
vt 0.900000 0.392157
vt 0.900000 0.901961
vt 0.900000 0.372549
vt 0.900000 0.882353
vt 0.900000 0.352941
vt 0.900000 0.862745
vt 0.900000 0.333333
vt 0.900000 0.843137
vt 0.900000 0.313726
vt 0.900000 0.823529
vt 0.900000 0.294118
vt 0.900000 0.803921
vt 0.900000 0.274510
vt 0.900000 0.784314
vt 0.900000 0.254902
vt 0.900000 0.764706
vt 0.900000 0.235294
vt 0.900000 0.745098
vt 0.900000 0.215686
vt 0.900000 0.725490
vt 0.900000 0.196079
vt 0.900000 0.705882
vt 0.900000 0.176471
vt 0.900000 0.686274
vt 0.900000 0.156863
vt 0.900000 0.666667
vt 0.900000 0.137255
vt 0.900000 0.647059
vt 0.900000 0.117647
vt 0.900000 0.627451
vt 0.900000 0.098039
vt 0.900000 0.607843
vt 0.900000 0.078431
vt 0.900000 0.588235
vt 0.900000 0.058824
vt 0.900000 0.568627
vt 0.900000 0.039216
vt 0.900000 0.549020
vt 0.900000 0.019608
vt 0.900000 0.529412
vt 0.910000 0.000000
vt 0.900000 0.509804
vt 0.900000 0.490196
vt 0.900000 0.470588
vt 0.910000 1.000000
vt 0.900000 0.980392
vt 0.880000 0.411765
vt 0.880000 0.392157
vt 0.880000 0.921569
vt 0.880000 0.901961
vt 0.880000 0.372549
vt 0.880000 0.882353
vt 0.880000 0.352941
vt 0.880000 0.862745
vt 0.880000 0.333333
vt 0.880000 0.843137
vt 0.880000 0.313726
vt 0.880000 0.823529
vt 0.880000 0.294118
vt 0.880000 0.803921
vt 0.880000 0.274510
vt 0.880000 0.784314
vt 0.880000 0.254902
vt 0.880000 0.764706
vt 0.880000 0.235294
vt 0.880000 0.745098
vt 0.880000 0.215686
vt 0.880000 0.725490
vt 0.880000 0.196079
vt 0.880000 0.705882
vt 0.880000 0.176471
vt 0.880000 0.686274
vt 0.880000 0.156863
vt 0.880000 0.666667
vt 0.880000 0.137255
vt 0.880000 0.647059
vt 0.880000 0.117647
vt 0.880000 0.627451
vt 0.880000 0.098039
vt 0.880000 0.607843
vt 0.880000 0.078431
vt 0.880000 0.588235
vt 0.880000 0.058824
vt 0.880000 0.568627
vt 0.880000 0.039216
vt 0.880000 0.549020
vt 0.880000 0.019608
vt 0.880000 0.529412
vt 0.890000 0.000000
vt 0.880000 0.509804
vt 0.880000 0.490196
vt 0.880000 0.470588
vt 0.890000 1.000000
vt 0.880000 0.980392
vt 0.880000 0.450980
vt 0.880000 0.960784
vt 0.880000 0.431373
vt 0.880000 0.941176
vt 0.860000 0.372549
vt 0.860000 0.352941
vt 0.860000 0.882353
vt 0.860000 0.862745
vt 0.860000 0.333333
vt 0.860000 0.843137
vt 0.860000 0.313726
vt 0.860000 0.823529
vt 0.860000 0.294118
vt 0.860000 0.803921
vt 0.860000 0.274510
vt 0.860000 0.784314
vt 0.860000 0.254902
vt 0.860000 0.764706
vt 0.860000 0.235294
vt 0.860000 0.745098
vt 0.860000 0.215686
vt 0.860000 0.725490
vt 0.860000 0.196079
vt 0.860000 0.705882
vt 0.860000 0.176471
vt 0.860000 0.686274
vt 0.860000 0.156863
vt 0.860000 0.666667
vt 0.860000 0.137255
vt 0.860000 0.647059
vt 0.860000 0.117647
vt 0.860000 0.627451
vt 0.860000 0.098039
vt 0.860000 0.607843
vt 0.860000 0.078431
vt 0.860000 0.588235
vt 0.860000 0.058824
vt 0.860000 0.568627
vt 0.860000 0.039216
vt 0.860000 0.549020
vt 0.860000 0.019608
vt 0.860000 0.529412
vt 0.870000 0.000000
vt 0.860000 0.509804
vt 0.860000 0.490196
vt 0.860000 0.470588
vt 0.870000 1.000000
vt 0.860000 0.980392
vt 0.860000 0.450980
vt 0.860000 0.960784
vt 0.860000 0.431373
vt 0.860000 0.941176
vt 0.860000 0.411765
vt 0.860000 0.921569
vt 0.860000 0.392157
vt 0.860000 0.901961
vt 0.840000 0.862745
vt 0.840000 0.843137
vt 0.840000 0.333333
vt 0.840000 0.313726
vt 0.840000 0.823529
vt 0.840000 0.294118
vt 0.840000 0.803921
vt 0.840000 0.274510
vt 0.840000 0.784314
vt 0.840000 0.254902
vt 0.840000 0.764706
vt 0.840000 0.235294
vt 0.840000 0.745098
vt 0.840000 0.215686
vt 0.840000 0.725490
vt 0.840000 0.196079
vt 0.840000 0.705882
vt 0.840000 0.176471
vt 0.840000 0.686274
vt 0.840000 0.156863
vt 0.840000 0.666667
vt 0.840000 0.137255
vt 0.840000 0.647059
vt 0.840000 0.117647
vt 0.840000 0.627451
vt 0.840000 0.098039
vt 0.840000 0.607843
vt 0.840000 0.078431
vt 0.840000 0.588235
vt 0.840000 0.058824
vt 0.840000 0.568627
vt 0.840000 0.039216
vt 0.840000 0.549020
vt 0.840000 0.019608
vt 0.840000 0.529412
vt 0.850000 0.000000
vt 0.840000 0.509804
vt 0.840000 0.490196
vt 0.840000 0.470588
vt 0.850000 1.000000
vt 0.840000 0.980392
vt 0.840000 0.450980
vt 0.840000 0.960784
vt 0.840000 0.431373
vt 0.840000 0.941176
vt 0.840000 0.411765
vt 0.840000 0.921569
vt 0.840000 0.392157
vt 0.840000 0.901961
vt 0.840000 0.372549
vt 0.840000 0.882353
vt 0.840000 0.352941
vt 0.820000 0.313726
vt 0.820000 0.294118
vt 0.820000 0.823529
vt 0.820000 0.803921
vt 0.820000 0.274510
vt 0.820000 0.784314
vt 0.820000 0.254902
vt 0.820000 0.764706
vt 0.820000 0.235294
vt 0.820000 0.745098
vt 0.820000 0.215686
vt 0.820000 0.725490
vt 0.820000 0.196079
vt 0.820000 0.705882
vt 0.820000 0.176471
vt 0.820000 0.686274
vt 0.820000 0.156863
vt 0.820000 0.666667
vt 0.820000 0.137255
vt 0.820000 0.647059
vt 0.820000 0.117647
vt 0.820000 0.627451
vt 0.820000 0.098039
vt 0.820000 0.607843
vt 0.820000 0.078431
vt 0.820000 0.588235
vt 0.820000 0.058824
vt 0.820000 0.568627
vt 0.820000 0.039216
vt 0.820000 0.549020
vt 0.820000 0.019608
vt 0.820000 0.529412
vt 0.830000 0.000000
vt 0.820000 0.509804
vt 0.820000 0.490196
vt 0.820000 0.470588
vt 0.830000 1.000000
vt 0.820000 0.980392
vt 0.820000 0.450980
vt 0.820000 0.960784
vt 0.820000 0.431373
vt 0.820000 0.941176
vt 0.820000 0.411765
vt 0.820000 0.921569
vt 0.820000 0.392157
vt 0.820000 0.901961
vt 0.820000 0.372549
vt 0.820000 0.882353
vt 0.820000 0.352941
vt 0.820000 0.862745
vt 0.820000 0.333333
vt 0.820000 0.843137
vt 0.800000 0.274510
vt 0.800000 0.254902
vt 0.800000 0.784314
vt 0.800000 0.764706
vt 0.800000 0.235294
vt 0.800000 0.745098
vt 0.800000 0.215686
vt 0.800000 0.725490
vt 0.800000 0.196079
vt 0.800000 0.705882
vt 0.800000 0.176471
vt 0.800000 0.686274
vt 0.800000 0.156863
vt 0.800000 0.666667
vt 0.800000 0.137255
vt 0.800000 0.647059
vt 0.800000 0.117647
vt 0.800000 0.627451
vt 0.800000 0.098039
vt 0.800000 0.607843
vt 0.800000 0.078431
vt 0.800000 0.588235
vt 0.800000 0.058824
vt 0.800000 0.568627
vt 0.800000 0.039216
vt 0.800000 0.549020
vt 0.800000 0.019608
vt 0.800000 0.529412
vt 0.810000 0.000000
vt 0.800000 0.509804
vt 0.800000 0.490196
vt 0.800000 0.470588
vt 0.810000 1.000000
vt 0.800000 0.980392
vt 0.800000 0.450980
vt 0.800000 0.960784
vt 0.800000 0.431373
vt 0.800000 0.941176
vt 0.800000 0.411765
vt 0.800000 0.921569
vt 0.800000 0.392157
vt 0.800000 0.901961
vt 0.800000 0.372549
vt 0.800000 0.882353
vt 0.800000 0.352941
vt 0.800000 0.862745
vt 0.800000 0.333333
vt 0.800000 0.843137
vt 0.800000 0.313726
vt 0.800000 0.823529
vt 0.800000 0.294118
vt 0.800000 0.803921
vt 0.780000 0.235294
vt 0.780000 0.215686
vt 0.780000 0.745098
vt 0.780000 0.725490
vt 0.780000 0.196079
vt 0.780000 0.705882
vt 0.780000 0.176471
vt 0.780000 0.686274
vt 0.780000 0.156863
vt 0.780000 0.666667
vt 0.780000 0.137255
vt 0.780000 0.647059
vt 0.780000 0.117647
vt 0.780000 0.627451
vt 0.780000 0.098039
vt 0.780000 0.607843
vt 0.780000 0.078431
vt 0.780000 0.588235
vt 0.780000 0.058824
vt 0.780000 0.568627
vt 0.780000 0.039216
vt 0.780000 0.549020
vt 0.780000 0.019608
vt 0.780000 0.529412
vt 0.790000 0.000000
vt 0.780000 0.509804
vt 0.780000 0.490196
vt 0.780000 0.470588
vt 0.790000 1.000000
vt 0.780000 0.980392
vt 0.780000 0.450980
vt 0.780000 0.960784
vt 0.780000 0.431373
vt 0.780000 0.941176
vt 0.780000 0.411765
vt 0.780000 0.921569
vt 0.780000 0.392157
vt 0.780000 0.901961
vt 0.780000 0.372549
vt 0.780000 0.882353
vt 0.780000 0.352941
vt 0.780000 0.862745
vt 0.780000 0.333333
vt 0.780000 0.843137
vt 0.780000 0.313726
vt 0.780000 0.823529
vt 0.780000 0.294118
vt 0.780000 0.803921
vt 0.780000 0.274510
vt 0.780000 0.784314
vt 0.780000 0.254902
vt 0.780000 0.764706
vt 0.770000 0.000000
vt 0.760000 0.019608
vt 0.760000 0.529412
vt 0.760000 0.509804
vt 0.760000 0.705882
vt 0.760000 0.686274
vt 0.760000 0.490196
vt 0.760000 0.666667
vt 0.760000 0.470588
vt 0.760000 0.647059
vt 0.760000 0.450980
vt 0.760000 0.627451
vt 0.760000 0.431373
vt 0.760000 0.607843
vt 0.760000 0.411765
vt 0.760000 0.588235
vt 0.760000 0.392157
vt 0.760000 0.568627
vt 0.760000 0.372549
vt 0.760000 0.352941
vt 0.760000 0.333333
vt 0.760000 0.313726
vt 0.760000 0.294118
vt 0.770000 1.000000
vt 0.760000 0.980392
vt 0.760000 0.274510
vt 0.760000 0.960784
vt 0.760000 0.254902
vt 0.760000 0.941176
vt 0.760000 0.235294
vt 0.760000 0.921569
vt 0.760000 0.215686
vt 0.760000 0.901961
vt 0.760000 0.196079
vt 0.760000 0.882353
vt 0.760000 0.176471
vt 0.760000 0.862745
vt 0.760000 0.156863
vt 0.760000 0.843137
vt 0.760000 0.137255
vt 0.760000 0.823529
vt 0.760000 0.117647
vt 0.760000 0.803921
vt 0.760000 0.098039
vt 0.760000 0.784314
vt 0.760000 0.078431
vt 0.760000 0.764706
vt 0.760000 0.058824
vt 0.760000 0.745098
vt 0.760000 0.039216
vt 0.760000 0.549020
vt 0.760000 0.725490
vt 0.750000 1.000000
vt 0.750000 0.000000
s 0
f 10/1/1 2487/2/1 44/3/1 45/4/1
f 2/5/2 1/6/2 18/7/2 19/8/2
f 2488/9/3 10/1/3 45/4/3 46/10/3
f 2470/11/4 2/5/4 19/8/4 20/12/4
f 11/13/5 2488/9/5 46/10/5 47/14/5
f 2471/15/6 2470/11/6 20/12/6 21/16/6
f 2489/17/7 11/13/7 47/14/7 48/18/7
f 2472/19/8 2471/15/8 21/16/8 22/20/8
f 2490/21/9 2489/17/9 48/18/9 49/22/9
f 2473/23/10 2472/19/10 22/20/10 23/24/10
f 2491/25/11 2490/21/11 49/22/11 50/26/11
f 2474/27/12 2473/23/12 23/24/12 24/28/12
f 2492/29/13 2491/25/13 50/26/13 51/30/13
f 2475/31/14 2474/27/14 24/28/14 25/32/14
f 2493/33/15 2492/29/15 51/30/15 52/34/15
f 2476/35/16 2475/31/16 25/32/16 26/36/16
f 2494/37/17 2493/33/17 52/34/17 53/38/17
f 3/39/18 2476/35/18 26/36/18 27/40/18
f 12/41/19 2494/37/19 53/38/19 54/42/19
f 4/43/20 3/39/20 27/40/20 28/44/20
f 2495/45/21 12/41/21 54/42/21 55/46/21
f 2477/47/22 4/43/22 28/44/22 29/48/22
f 2496/49/23 2495/45/23 55/46/23 56/50/23
f 2478/51/24 2477/47/24 29/48/24 30/52/24
f 13/53/25 2496/49/25 56/50/25 57/54/25
f 5/55/26 2478/51/26 30/52/26 31/56/26
f 14/57/27 13/53/27 57/54/27 58/58/27
f 2479/59/28 5/55/28 31/56/28 32/60/28
f 2497/61/29 14/57/29 58/58/29 59/62/29
f 2480/63/30 2479/59/30 32/60/30 33/64/30
f 2498/65/31 2497/61/31 59/62/31 60/66/31
f 2481/67/32 2480/63/32 33/64/32 34/68/32
f 2499/69/33 2498/65/33 60/66/33 61/70/33
f 6/71/34 2481/67/34 34/68/34 35/72/34
f 2500/73/35 2499/69/35 61/70/35 62/74/35
f 2482/75/36 6/71/36 35/72/36 36/76/36
f 2501/77/37 2500/73/37 62/74/37 63/78/37
f 2483/79/38 2482/75/38 36/76/38 37/80/38
f 2502/81/39 2501/77/39 63/78/39 64/82/39
f 7/83/40 2483/79/40 37/80/40 38/84/40
f 15/85/41 2502/81/41 64/82/41 65/86/41
f 2484/87/42 7/83/42 38/84/42 39/88/42
f 16/89/43 15/85/43 65/86/43 66/90/43
f 2485/91/44 2484/87/44 39/88/44 40/92/44
f 17/93/45 16/89/45 66/90/45 67/94/45
f 2486/95/46 2485/91/46 40/92/46 41/96/46
f 1418/97/47 17/93/47 67/94/47
f 8/98/48 2486/95/48 41/96/48 42/99/48
f 9/100/49 8/98/49 42/99/49 43/101/49
f 2487/2/50 9/100/50 43/101/50 44/3/50
f 1/6/51 1469/102/51 18/7/51
f 47/14/52 46/10/52 96/103/52 97/104/52
f 21/16/53 20/12/53 70/105/53 71/106/53
f 48/18/54 47/14/54 97/104/54 98/107/54
f 22/20/55 21/16/55 71/106/55 72/108/55
f 49/22/56 48/18/56 98/107/56 99/109/56
f 23/24/57 22/20/57 72/108/57 73/110/57
f 50/26/58 49/22/58 99/109/58 100/111/58
f 24/28/59 23/24/59 73/110/59 74/112/59
f 51/30/60 50/26/60 100/111/60 101/113/60
f 25/32/61 24/28/61 74/112/61 75/114/61
f 52/34/62 51/30/62 101/113/62 102/115/62
f 26/36/63 25/32/63 75/114/63 76/116/63
f 53/38/64 52/34/64 102/115/64 103/117/64
f 27/40/65 26/36/65 76/116/65 77/118/65
f 54/42/66 53/38/66 103/117/66 104/119/66
f 28/44/67 27/40/67 77/118/67 78/120/67
f 55/46/68 54/42/68 104/119/68 105/121/68
f 29/48/69 28/44/69 78/120/69 79/122/69
f 56/50/70 55/46/70 105/121/70 106/123/70
f 30/52/71 29/48/71 79/122/71 80/124/71
f 57/54/72 56/50/72 106/123/72 107/125/72
f 31/56/73 30/52/73 80/124/73 81/126/73
f 58/58/74 57/54/74 107/125/74 108/127/74
f 32/60/75 31/56/75 81/126/75 82/128/75
f 59/62/76 58/58/76 108/127/76 109/129/76
f 33/64/77 32/60/77 82/128/77 83/130/77
f 60/66/78 59/62/78 109/129/78 110/131/78
f 34/68/79 33/64/79 83/130/79 84/132/79
f 61/70/80 60/66/80 110/131/80 111/133/80
f 35/72/81 34/68/81 84/132/81 85/134/81
f 62/74/82 61/70/82 111/133/82 112/135/82
f 36/76/83 35/72/83 85/134/83 86/136/83
f 63/78/84 62/74/84 112/135/84 113/137/84
f 37/80/85 36/76/85 86/136/85 87/138/85
f 64/82/86 63/78/86 113/137/86 114/139/86
f 38/84/87 37/80/87 87/138/87 88/140/87
f 65/86/88 64/82/88 114/139/88 115/141/88
f 39/88/89 38/84/89 88/140/89 89/142/89
f 66/90/90 65/86/90 115/141/90 116/143/90
f 40/92/91 39/88/91 89/142/91 90/144/91
f 67/94/92 66/90/92 116/143/92 117/145/92
f 41/96/93 40/92/93 90/144/93 91/146/93
f 1418/147/94 67/94/94 117/145/94
f 42/99/95 41/96/95 91/146/95 92/148/95
f 43/101/96 42/99/96 92/148/96 93/149/96
f 44/3/97 43/101/97 93/149/97 94/150/97
f 18/7/98 1469/151/98 68/152/98
f 45/4/99 44/3/99 94/150/99 95/153/99
f 19/8/100 18/7/100 68/152/100 69/154/100
f 46/10/101 45/4/101 95/153/101 96/103/101
f 20/12/102 19/8/102 69/154/102 70/105/102
f 72/108/103 71/106/103 121/155/103 122/156/103
f 99/109/104 98/107/104 148/157/104 149/158/104
f 73/110/105 72/108/105 122/156/105 123/159/105
f 100/111/106 99/109/106 149/158/106 150/160/106
f 74/112/107 73/110/107 123/159/107 124/161/107
f 101/113/108 100/111/108 150/160/108 151/162/108
f 75/114/109 74/112/109 124/161/109 125/163/109
f 102/115/110 101/113/110 151/162/110 152/164/110
f 76/116/111 75/114/111 125/163/111 126/165/111
f 103/117/112 102/115/112 152/164/112 153/166/112
f 77/118/113 76/116/113 126/165/113 127/167/113
f 104/119/114 103/117/114 153/166/114 154/168/114
f 78/120/115 77/118/115 127/167/115 128/169/115
f 105/121/116 104/119/116 154/168/116 155/170/116
f 79/122/117 78/120/117 128/169/117 129/171/117
f 106/123/118 105/121/118 155/170/118 156/172/118
f 80/124/119 79/122/119 129/171/119 130/173/119
f 107/125/120 106/123/120 156/172/120 157/174/120
f 81/126/121 80/124/121 130/173/121 131/175/121
f 108/127/122 107/125/122 157/174/122 158/176/122
f 82/128/123 81/126/123 131/175/123 132/177/123
f 109/129/124 108/127/124 158/176/124 159/178/124
f 83/130/125 82/128/125 132/177/125 133/179/125
f 110/131/126 109/129/126 159/178/126 160/180/126
f 84/132/127 83/130/127 133/179/127 134/181/127
f 111/133/128 110/131/128 160/180/128 161/182/128
f 85/134/129 84/132/129 134/181/129 135/183/129
f 112/135/130 111/133/130 161/182/130 162/184/130
f 86/136/131 85/134/131 135/183/131 136/185/131
f 113/137/132 112/135/132 162/184/132 163/186/132
f 87/138/133 86/136/133 136/185/133 137/187/133
f 114/139/134 113/137/134 163/186/134 164/188/134
f 88/140/135 87/138/135 137/187/135 138/189/135
f 115/141/136 114/139/136 164/188/136 165/190/136
f 89/142/137 88/140/137 138/189/137 139/191/137
f 116/143/138 115/141/138 165/190/138 166/192/138
f 90/144/139 89/142/139 139/191/139 140/193/139
f 117/145/140 116/143/140 166/192/140 167/194/140
f 91/146/141 90/144/141 140/193/141 141/195/141
f 1418/196/142 117/145/142 167/194/142
f 92/148/143 91/146/143 141/195/143 142/197/143
f 93/149/144 92/148/144 142/197/144 143/198/144
f 94/150/145 93/149/145 143/198/145 144/199/145
f 68/152/146 1469/200/146 118/201/146
f 95/153/147 94/150/147 144/199/147 145/202/147
f 69/154/148 68/152/148 118/201/148 119/203/148
f 96/103/149 95/153/149 145/202/149 146/204/149
f 70/105/150 69/154/150 119/203/150 120/205/150
f 97/104/151 96/103/151 146/204/151 147/206/151
f 71/106/152 70/105/152 120/205/152 121/155/152
f 98/107/153 97/104/153 147/206/153 148/157/153
f 150/160/154 149/158/154 199/207/154 200/208/154
f 124/161/155 123/159/155 173/209/155 174/210/155
f 151/162/156 150/160/156 200/208/156 201/211/156
f 125/163/157 124/161/157 174/210/157 175/212/157
f 152/164/158 151/162/158 201/211/158 202/213/158
f 126/165/159 125/163/159 175/212/159 176/214/159
f 153/166/160 152/164/160 202/213/160 203/215/160
f 127/167/161 126/165/161 176/214/161 177/216/161
f 154/168/162 153/166/162 203/215/162 204/217/162
f 128/169/163 127/167/163 177/216/163 178/218/163
f 155/170/164 154/168/164 204/217/164 205/219/164
f 129/171/165 128/169/165 178/218/165 179/220/165
f 156/172/166 155/170/166 205/219/166 206/221/166
f 130/173/167 129/171/167 179/220/167 180/222/167
f 157/174/168 156/172/168 206/221/168 207/223/168
f 131/175/169 130/173/169 180/222/169 181/224/169
f 158/176/170 157/174/170 207/223/170 208/225/170
f 132/177/171 131/175/171 181/224/171 182/226/171
f 159/178/172 158/176/172 208/225/172 209/227/172
f 133/179/173 132/177/173 182/226/173 183/228/173
f 160/180/174 159/178/174 209/227/174 210/229/174
f 134/181/175 133/179/175 183/228/175 184/230/175
f 161/182/176 160/180/176 210/229/176 211/231/176
f 135/183/177 134/181/177 184/230/177 185/232/177
f 162/184/178 161/182/178 211/231/178 212/233/178
f 136/185/179 135/183/179 185/232/179 186/234/179
f 163/186/180 162/184/180 212/233/180 213/235/180
f 137/187/181 136/185/181 186/234/181 187/236/181
f 164/188/182 163/186/182 213/235/182 214/237/182
f 138/189/183 137/187/183 187/236/183 188/238/183
f 165/190/184 164/188/184 214/237/184 215/239/184
f 139/191/185 138/189/185 188/238/185 189/240/185
f 166/192/186 165/190/186 215/239/186 216/241/186
f 140/193/187 139/191/187 189/240/187 190/242/187
f 167/194/188 166/192/188 216/241/188 217/243/188
f 141/195/189 140/193/189 190/242/189 191/244/189
f 1418/245/190 167/194/190 217/243/190
f 142/197/191 141/195/191 191/244/191 192/246/191
f 143/198/192 142/197/192 192/246/192 193/247/192
f 144/199/193 143/198/193 193/247/193 194/248/193
f 118/201/194 1469/249/194 168/250/194
f 145/202/195 144/199/195 194/248/195 195/251/195
f 119/203/196 118/201/196 168/250/196 169/252/196
f 146/204/197 145/202/197 195/251/197 196/253/197
f 120/205/198 119/203/198 169/252/198 170/254/198
f 147/206/199 146/204/199 196/253/199 197/255/199
f 121/155/200 120/205/200 170/254/200 171/256/200
f 148/157/201 147/206/201 197/255/201 198/257/201
f 122/156/202 121/155/202 171/256/202 172/258/202
f 149/158/203 148/157/203 198/257/203 199/207/203
f 123/159/204 122/156/204 172/258/204 173/209/204
f 202/213/205 201/211/205 251/259/205 252/260/205
f 176/214/206 175/212/206 225/261/206 226/262/206
f 203/215/207 202/213/207 252/260/207 253/263/207
f 177/216/208 176/214/208 226/262/208 227/264/208
f 204/217/209 203/215/209 253/263/209 254/265/209
f 178/218/210 177/216/210 227/264/210 228/266/210
f 205/219/211 204/217/211 254/265/211 255/267/211
f 179/220/212 178/218/212 228/266/212 229/268/212
f 206/221/213 205/219/213 255/267/213 256/269/213
f 180/222/214 179/220/214 229/268/214 230/270/214
f 207/223/215 206/221/215 256/269/215 257/271/215
f 181/224/216 180/222/216 230/270/216 231/272/216
f 208/225/217 207/223/217 257/271/217 258/273/217
f 182/226/218 181/224/218 231/272/218 232/274/218
f 209/227/219 208/225/219 258/273/219 259/275/219
f 183/228/220 182/226/220 232/274/220 233/276/220
f 210/229/221 209/227/221 259/275/221 260/277/221
f 184/230/222 183/228/222 233/276/222 234/278/222
f 211/231/223 210/229/223 260/277/223 261/279/223
f 185/232/224 184/230/224 234/278/224 235/280/224
f 212/233/225 211/231/225 261/279/225 262/281/225
f 186/234/226 185/232/226 235/280/226 236/282/226
f 213/235/227 212/233/227 262/281/227 263/283/227
f 187/236/228 186/234/228 236/282/228 237/284/228
f 214/237/229 213/235/229 263/283/229 264/285/229
f 188/238/230 187/236/230 237/284/230 238/286/230
f 215/239/231 214/237/231 264/285/231 265/287/231
f 189/240/232 188/238/232 238/286/232 239/288/232
f 216/241/233 215/239/233 265/287/233 266/289/233
f 190/242/234 189/240/234 239/288/234 240/290/234
f 217/243/235 216/241/235 266/289/235 267/291/235
f 191/244/236 190/242/236 240/290/236 241/292/236
f 1418/293/237 217/243/237 267/291/237
f 192/246/238 191/244/238 241/292/238 242/294/238
f 193/247/239 192/246/239 242/294/239 243/295/239
f 194/248/240 193/247/240 243/295/240 244/296/240
f 168/250/241 1469/297/241 218/298/241
f 195/251/242 194/248/242 244/296/242 245/299/242
f 169/252/243 168/250/243 218/298/243 219/300/243
f 196/253/244 195/251/244 245/299/244 246/301/244
f 170/254/245 169/252/245 219/300/245 220/302/245
f 197/255/246 196/253/246 246/301/246 247/303/246
f 171/256/247 170/254/247 220/302/247 221/304/247
f 198/257/248 197/255/248 247/303/248 248/305/248
f 172/258/249 171/256/249 221/304/249 222/306/249
f 199/207/250 198/257/250 248/305/250 249/307/250
f 173/209/251 172/258/251 222/306/251 223/308/251
f 200/208/252 199/207/252 249/307/252 250/309/252
f 174/210/253 173/209/253 223/308/253 224/310/253
f 201/211/254 200/208/254 250/309/254 251/259/254
f 175/212/255 174/210/255 224/310/255 225/261/255
f 254/265/256 253/263/256 303/311/256 304/312/256
f 228/266/257 227/264/257 277/313/257 278/314/257
f 255/267/258 254/265/258 304/312/258 305/315/258
f 229/268/259 228/266/259 278/314/259 279/316/259
f 256/269/260 255/267/260 305/315/260 306/317/260
f 230/270/261 229/268/261 279/316/261 280/318/261
f 257/271/262 256/269/262 306/317/262 307/319/262
f 231/272/263 230/270/263 280/318/263 281/320/263
f 258/273/264 257/271/264 307/319/264 308/321/264
f 232/274/265 231/272/265 281/320/265 282/322/265
f 259/275/266 258/273/266 308/321/266 309/323/266
f 233/276/267 232/274/267 282/322/267 283/324/267
f 260/277/268 259/275/268 309/323/268 310/325/268
f 234/278/269 233/276/269 283/324/269 284/326/269
f 261/279/270 260/277/270 310/325/270 311/327/270
f 235/280/271 234/278/271 284/326/271 285/328/271
f 262/281/272 261/279/272 311/327/272 312/329/272
f 236/282/273 235/280/273 285/328/273 286/330/273
f 263/283/274 262/281/274 312/329/274 313/331/274
f 237/284/275 236/282/275 286/330/275 287/332/275
f 264/285/276 263/283/276 313/331/276 314/333/276
f 238/286/277 237/284/277 287/332/277 288/334/277
f 265/287/278 264/285/278 314/333/278 315/335/278
f 239/288/279 238/286/279 288/334/279 289/336/279
f 266/289/280 265/287/280 315/335/280 316/337/280
f 240/290/281 239/288/281 289/336/281 290/338/281
f 267/291/282 266/289/282 316/337/282 317/339/282
f 241/292/283 240/290/283 290/338/283 291/340/283
f 1418/341/284 267/291/284 317/339/284
f 242/294/285 241/292/285 291/340/285 292/342/285
f 243/295/286 242/294/286 292/342/286 293/343/286
f 244/296/287 243/295/287 293/343/287 294/344/287
f 218/298/288 1469/345/288 268/346/288
f 245/299/289 244/296/289 294/344/289 295/347/289
f 219/300/290 218/298/290 268/346/290 269/348/290
f 246/301/291 245/299/291 295/347/291 296/349/291
f 220/302/292 219/300/292 269/348/292 270/350/292
f 247/303/293 246/301/293 296/349/293 297/351/293
f 221/304/294 220/302/294 270/350/294 271/352/294
f 248/305/295 247/303/295 297/351/295 298/353/295
f 222/306/296 221/304/296 271/352/296 272/354/296
f 249/307/297 248/305/297 298/353/297 299/355/297
f 223/308/298 222/306/298 272/354/298 273/356/298
f 250/309/299 249/307/299 299/355/299 300/357/299
f 224/310/300 223/308/300 273/356/300 274/358/300
f 251/259/301 250/309/301 300/357/301 301/359/301
f 225/261/302 224/310/302 274/358/302 275/360/302
f 252/260/303 251/259/303 301/359/303 302/361/303
f 226/262/304 225/261/304 275/360/304 276/362/304
f 253/263/305 252/260/305 302/361/305 303/311/305
f 227/264/306 226/262/306 276/362/306 277/313/306
f 306/317/307 305/315/307 355/363/307 356/364/307
f 280/318/308 279/316/308 329/365/308 330/366/308
f 307/319/309 306/317/309 356/364/309 357/367/309
f 281/320/310 280/318/310 330/366/310 331/368/310
f 308/321/311 307/319/311 357/367/311 358/369/311
f 282/322/312 281/320/312 331/368/312 332/370/312
f 309/323/313 308/321/313 358/369/313 359/371/313
f 283/324/314 282/322/314 332/370/314 333/372/314
f 310/325/315 309/323/315 359/371/315 360/373/315
f 284/326/316 283/324/316 333/372/316 334/374/316
f 311/327/317 310/325/317 360/373/317 361/375/317
f 285/328/318 284/326/318 334/374/318 335/376/318
f 312/329/319 311/327/319 361/375/319 362/377/319
f 286/330/320 285/328/320 335/376/320 336/378/320
f 313/331/321 312/329/321 362/377/321 363/379/321
f 287/332/322 286/330/322 336/378/322 337/380/322
f 314/333/323 313/331/323 363/379/323 364/381/323
f 288/334/324 287/332/324 337/380/324 338/382/324
f 315/335/325 314/333/325 364/381/325 365/383/325
f 289/336/326 288/334/326 338/382/326 339/384/326
f 316/337/327 315/335/327 365/383/327 366/385/327
f 290/338/328 289/336/328 339/384/328 340/386/328
f 317/339/329 316/337/329 366/385/329 367/387/329
f 291/340/330 290/338/330 340/386/330 341/388/330
f 1418/389/331 317/339/331 367/387/331
f 292/342/332 291/340/332 341/388/332 342/390/332
f 293/343/333 292/342/333 342/390/333 343/391/333
f 294/344/334 293/343/334 343/391/334 344/392/334
f 268/346/335 1469/393/335 318/394/335
f 295/347/336 294/344/336 344/392/336 345/395/336
f 269/348/337 268/346/337 318/394/337 319/396/337
f 296/349/338 295/347/338 345/395/338 346/397/338
f 270/350/339 269/348/339 319/396/339 320/398/339
f 297/351/340 296/349/340 346/397/340 347/399/340
f 271/352/341 270/350/341 320/398/341 321/400/341
f 298/353/342 297/351/342 347/399/342 348/401/342
f 272/354/343 271/352/343 321/400/343 322/402/343
f 299/355/344 298/353/344 348/401/344 349/403/344
f 273/356/345 272/354/345 322/402/345 323/404/345
f 300/357/346 299/355/346 349/403/346 350/405/346
f 274/358/347 273/356/347 323/404/347 324/406/347
f 301/359/348 300/357/348 350/405/348 351/407/348
f 275/360/349 274/358/349 324/406/349 325/408/349
f 302/361/350 301/359/350 351/407/350 352/409/350
f 276/362/351 275/360/351 325/408/351 326/410/351
f 303/311/352 302/361/352 352/409/352 353/411/352
f 277/313/353 276/362/353 326/410/353 327/412/353
f 304/312/354 303/311/354 353/411/354 354/413/354
f 278/314/355 277/313/355 327/412/355 328/414/355
f 305/315/356 304/312/356 354/413/356 355/363/356
f 279/316/357 278/314/357 328/414/357 329/365/357
f 331/368/358 330/366/358 380/415/358 381/416/358
f 358/369/359 357/367/359 407/417/359 408/418/359
f 332/370/360 331/368/360 381/416/360 382/419/360
f 359/371/361 358/369/361 408/418/361 409/420/361
f 333/372/362 332/370/362 382/419/362 383/421/362
f 360/373/363 359/371/363 409/420/363 410/422/363
f 334/374/364 333/372/364 383/421/364 384/423/364
f 361/375/365 360/373/365 410/422/365 411/424/365
f 335/376/366 334/374/366 384/423/366 385/425/366
f 362/377/367 361/375/367 411/424/367 412/426/367
f 336/378/368 335/376/368 385/425/368 386/427/368
f 363/379/369 362/377/369 412/426/369 413/428/369
f 337/380/370 336/378/370 386/427/370 387/429/370
f 364/381/371 363/379/371 413/428/371 414/430/371
f 338/382/372 337/380/372 387/429/372 388/431/372
f 365/383/373 364/381/373 414/430/373 415/432/373
f 339/384/374 338/382/374 388/431/374 389/433/374
f 366/385/375 365/383/375 415/432/375 416/434/375
f 340/386/376 339/384/376 389/433/376 390/435/376
f 367/387/377 366/385/377 416/434/377 417/436/377
f 341/388/378 340/386/378 390/435/378 391/437/378
f 1418/438/379 367/387/379 417/436/379
f 342/390/380 341/388/380 391/437/380 392/439/380
f 343/391/381 342/390/381 392/439/381 393/440/381
f 344/392/382 343/391/382 393/440/382 394/441/382
f 318/394/383 1469/442/383 368/443/383
f 345/395/384 344/392/384 394/441/384 395/444/384
f 319/396/385 318/394/385 368/443/385 369/445/385
f 346/397/386 345/395/386 395/444/386 396/446/386
f 320/398/387 319/396/387 369/445/387 370/447/387
f 347/399/388 346/397/388 396/446/388 397/448/388
f 321/400/389 320/398/389 370/447/389 371/449/389
f 348/401/390 347/399/390 397/448/390 398/450/390
f 322/402/391 321/400/391 371/449/391 372/451/391
f 349/403/392 348/401/392 398/450/392 399/452/392
f 323/404/393 322/402/393 372/451/393 373/453/393
f 350/405/394 349/403/394 399/452/394 400/454/394
f 324/406/395 323/404/395 373/453/395 374/455/395
f 351/407/396 350/405/396 400/454/396 401/456/396
f 325/408/397 324/406/397 374/455/397 375/457/397
f 352/409/398 351/407/398 401/456/398 402/458/398
f 326/410/399 325/408/399 375/457/399 376/459/399
f 353/411/400 352/409/400 402/458/400 403/460/400
f 327/412/401 326/410/401 376/459/401 377/461/401
f 354/413/402 353/411/402 403/460/402 404/462/402
f 328/414/403 327/412/403 377/461/403 378/463/403
f 355/363/404 354/413/404 404/462/404 405/464/404
f 329/365/405 328/414/405 378/463/405 379/465/405
f 356/364/406 355/363/406 405/464/406 406/466/406
f 330/366/407 329/365/407 379/465/407 380/415/407
f 357/367/408 356/364/408 406/466/408 407/417/408
f 409/420/409 408/418/409 458/467/409 459/468/409
f 383/421/410 382/419/410 432/469/410 433/470/410
f 410/422/411 409/420/411 459/468/411 460/471/411
f 384/423/412 383/421/412 433/470/412 434/472/412
f 411/424/413 410/422/413 460/471/413 461/473/413
f 385/425/414 384/423/414 434/472/414 435/474/414
f 412/426/415 411/424/415 461/473/415 462/475/415
f 386/427/416 385/425/416 435/474/416 436/476/416
f 413/428/417 412/426/417 462/475/417 463/477/417
f 387/429/418 386/427/418 436/476/418 437/478/418
f 414/430/419 413/428/419 463/477/419 464/479/419
f 388/431/420 387/429/420 437/478/420 438/480/420
f 415/432/421 414/430/421 464/479/421 465/481/421
f 389/433/422 388/431/422 438/480/422 439/482/422
f 416/434/423 415/432/423 465/481/423 466/483/423
f 390/435/424 389/433/424 439/482/424 440/484/424
f 417/436/425 416/434/425 466/483/425 467/485/425
f 391/437/426 390/435/426 440/484/426 441/486/426
f 1418/487/427 417/436/427 467/485/427
f 392/439/428 391/437/428 441/486/428 442/488/428
f 393/440/429 392/439/429 442/488/429 443/489/429
f 394/441/430 393/440/430 443/489/430 444/490/430
f 368/443/431 1469/491/431 418/492/431
f 395/444/432 394/441/432 444/490/432 445/493/432
f 369/445/433 368/443/433 418/492/433 419/494/433
f 396/446/434 395/444/434 445/493/434 446/495/434
f 370/447/435 369/445/435 419/494/435 420/496/435
f 397/448/436 396/446/436 446/495/436 447/497/436
f 371/449/437 370/447/437 420/496/437 421/498/437
f 398/450/438 397/448/438 447/497/438 448/499/438
f 372/451/439 371/449/439 421/498/439 422/500/439
f 399/452/440 398/450/440 448/499/440 449/501/440
f 373/453/441 372/451/441 422/500/441 423/502/441
f 400/454/442 399/452/442 449/501/442 450/503/442
f 374/455/443 373/453/443 423/502/443 424/504/443
f 401/456/444 400/454/444 450/503/444 451/505/444
f 375/457/445 374/455/445 424/504/445 425/506/445
f 402/458/446 401/456/446 451/505/446 452/507/446
f 376/459/447 375/457/447 425/506/447 426/508/447
f 403/460/448 402/458/448 452/507/448 453/509/448
f 377/461/449 376/459/449 426/508/449 427/510/449
f 404/462/450 403/460/450 453/509/450 454/511/450
f 378/463/451 377/461/451 427/510/451 428/512/451
f 405/464/452 404/462/452 454/511/452 455/513/452
f 379/465/453 378/463/453 428/512/453 429/514/453
f 406/466/454 405/464/454 455/513/454 456/515/454
f 380/415/455 379/465/455 429/514/455 430/516/455
f 407/417/456 406/466/456 456/515/456 457/517/456
f 381/416/457 380/415/457 430/516/457 431/518/457
f 408/418/458 407/417/458 457/517/458 458/467/458
f 382/419/459 381/416/459 431/518/459 432/469/459
f 461/473/460 460/471/460 510/519/460 511/520/460
f 435/474/461 434/472/461 484/521/461 485/522/461
f 462/475/462 461/473/462 511/520/462 512/523/462
f 436/476/463 435/474/463 485/522/463 486/524/463
f 463/477/464 462/475/464 512/523/464 513/525/464
f 437/478/465 436/476/465 486/524/465 487/526/465
f 464/479/466 463/477/466 513/525/466 514/527/466
f 438/480/467 437/478/467 487/526/467 488/528/467
f 465/481/468 464/479/468 514/527/468 515/529/468
f 439/482/469 438/480/469 488/528/469 489/530/469
f 466/483/470 465/481/470 515/529/470 516/531/470
f 440/484/471 439/482/471 489/530/471 490/532/471
f 467/485/472 466/483/472 516/531/472 517/533/472
f 441/486/473 440/484/473 490/532/473 491/534/473
f 1418/535/474 467/485/474 517/533/474
f 442/488/475 441/486/475 491/534/475 492/536/475
f 443/489/476 442/488/476 492/536/476 493/537/476
f 444/490/477 443/489/477 493/537/477 494/538/477
f 418/492/478 1469/539/478 468/540/478
f 445/493/479 444/490/479 494/538/479 495/541/479
f 419/494/480 418/492/480 468/540/480 469/542/480
f 446/495/481 445/493/481 495/541/481 496/543/481
f 420/496/482 419/494/482 469/542/482 470/544/482
f 447/497/483 446/495/483 496/543/483 497/545/483
f 421/498/484 420/496/484 470/544/484 471/546/484
f 448/499/485 447/497/485 497/545/485 498/547/485
f 422/500/486 421/498/486 471/546/486 472/548/486
f 449/501/487 448/499/487 498/547/487 499/549/487
f 423/502/488 422/500/488 472/548/488 473/550/488
f 450/503/489 449/501/489 499/549/489 500/551/489
f 424/504/490 423/502/490 473/550/490 474/552/490
f 451/505/491 450/503/491 500/551/491 501/553/491
f 425/506/492 424/504/492 474/552/492 475/554/492
f 452/507/493 451/505/493 501/553/493 502/555/493
f 426/508/494 425/506/494 475/554/494 476/556/494
f 453/509/495 452/507/495 502/555/495 503/557/495
f 427/510/496 426/508/496 476/556/496 477/558/496
f 454/511/497 453/509/497 503/557/497 504/559/497
f 428/512/498 427/510/498 477/558/498 478/560/498
f 455/513/499 454/511/499 504/559/499 505/561/499
f 429/514/500 428/512/500 478/560/500 479/562/500
f 456/515/501 455/513/501 505/561/501 506/563/501
f 430/516/502 429/514/502 479/562/502 480/564/502
f 457/517/503 456/515/503 506/563/503 507/565/503
f 431/518/504 430/516/504 480/564/504 481/566/504
f 458/467/505 457/517/505 507/565/505 508/567/505
f 432/469/506 431/518/506 481/566/506 482/568/506
f 459/468/507 458/467/507 508/567/507 509/569/507
f 433/470/508 432/469/508 482/568/508 483/570/508
f 460/471/509 459/468/509 509/569/509 510/519/509
f 434/472/510 433/470/510 483/570/510 484/521/510
f 513/525/511 512/523/511 562/571/511 563/572/511
f 487/526/512 486/524/512 536/573/512 537/574/512
f 514/527/513 513/525/513 563/572/513 564/575/513
f 488/528/514 487/526/514 537/574/514 538/576/514
f 515/529/515 514/527/515 564/575/515 565/577/515
f 489/530/516 488/528/516 538/576/516 539/578/516
f 516/531/517 515/529/517 565/577/517 566/579/517
f 490/532/518 489/530/518 539/578/518 540/580/518
f 517/533/519 516/531/519 566/579/519 567/581/519
f 491/534/520 490/532/520 540/580/520 541/582/520
f 1418/583/521 517/533/521 567/581/521
f 492/536/522 491/534/522 541/582/522 542/584/522
f 493/537/523 492/536/523 542/584/523 543/585/523
f 494/538/524 493/537/524 543/585/524 544/586/524
f 468/540/525 1469/587/525 518/588/525
f 495/541/526 494/538/526 544/586/526 545/589/526
f 469/542/527 468/540/527 518/588/527 519/590/527
f 496/543/528 495/541/528 545/589/528 546/591/528
f 470/544/529 469/542/529 519/590/529 520/592/529
f 497/545/530 496/543/530 546/591/530 547/593/530
f 471/546/531 470/544/531 520/592/531 521/594/531
f 498/547/532 497/545/532 547/593/532 548/595/532
f 472/548/533 471/546/533 521/594/533 522/596/533
f 499/549/534 498/547/534 548/595/534 549/597/534
f 473/550/535 472/548/535 522/596/535 523/598/535
f 500/551/536 499/549/536 549/597/536 550/599/536
f 474/552/537 473/550/537 523/598/537 524/600/537
f 501/553/538 500/551/538 550/599/538 551/601/538
f 475/554/539 474/552/539 524/600/539 525/602/539
f 502/555/540 501/553/540 551/601/540 552/603/540
f 476/556/541 475/554/541 525/602/541 526/604/541
f 503/557/542 502/555/542 552/603/542 553/605/542
f 477/558/543 476/556/543 526/604/543 527/606/543
f 504/559/544 503/557/544 553/605/544 554/607/544
f 478/560/545 477/558/545 527/606/545 528/608/545
f 505/561/546 504/559/546 554/607/546 555/609/546
f 479/562/547 478/560/547 528/608/547 529/610/547
f 506/563/548 505/561/548 555/609/548 556/611/548
f 480/564/549 479/562/549 529/610/549 530/612/549
f 507/565/550 506/563/550 556/611/550 557/613/550
f 481/566/551 480/564/551 530/612/551 531/614/551
f 508/567/552 507/565/552 557/613/552 558/615/552
f 482/568/553 481/566/553 531/614/553 532/616/553
f 509/569/554 508/567/554 558/615/554 559/617/554
f 483/570/555 482/568/555 532/616/555 533/618/555
f 510/519/556 509/569/556 559/617/556 560/619/556
f 484/521/557 483/570/557 533/618/557 534/620/557
f 511/520/558 510/519/558 560/619/558 561/621/558
f 485/522/559 484/521/559 534/620/559 535/622/559
f 512/523/560 511/520/560 561/621/560 562/571/560
f 486/524/561 485/522/561 535/622/561 536/573/561
f 565/577/562 564/575/562 614/623/562 615/624/562
f 539/578/563 538/576/563 588/625/563 589/626/563
f 566/579/564 565/577/564 615/624/564 616/627/564
f 540/580/565 539/578/565 589/626/565 590/628/565
f 567/581/566 566/579/566 616/627/566 617/629/566
f 541/582/567 540/580/567 590/628/567 591/630/567
f 1418/631/568 567/581/568 617/629/568
f 542/584/569 541/582/569 591/630/569 592/632/569
f 543/585/570 542/584/570 592/632/570 593/633/570
f 544/586/571 543/585/571 593/633/571 594/634/571
f 518/588/572 1469/635/572 568/636/572
f 545/589/573 544/586/573 594/634/573 595/637/573
f 519/590/574 518/588/574 568/636/574 569/638/574
f 546/591/575 545/589/575 595/637/575 596/639/575
f 520/592/576 519/590/576 569/638/576 570/640/576
f 547/593/577 546/591/577 596/639/577 597/641/577
f 521/594/578 520/592/578 570/640/578 571/642/578
f 548/595/579 547/593/579 597/641/579 598/643/579
f 522/596/580 521/594/580 571/642/580 572/644/580
f 549/597/581 548/595/581 598/643/581 599/645/581
f 523/598/582 522/596/582 572/644/582 573/646/582
f 550/599/583 549/597/583 599/645/583 600/647/583
f 524/600/584 523/598/584 573/646/584 574/648/584
f 551/601/585 550/599/585 600/647/585 601/649/585
f 525/602/586 524/600/586 574/648/586 575/650/586
f 552/603/587 551/601/587 601/649/587 602/651/587
f 526/604/588 525/602/588 575/650/588 576/652/588
f 553/605/589 552/603/589 602/651/589 603/653/589
f 527/606/590 526/604/590 576/652/590 577/654/590
f 554/607/591 553/605/591 603/653/591 604/655/591
f 528/608/592 527/606/592 577/654/592 578/656/592
f 555/609/593 554/607/593 604/655/593 605/657/593
f 529/610/594 528/608/594 578/656/594 579/658/594
f 556/611/595 555/609/595 605/657/595 606/659/595
f 530/612/596 529/610/596 579/658/596 580/660/596
f 557/613/597 556/611/597 606/659/597 607/661/597
f 531/614/598 530/612/598 580/660/598 581/662/598
f 558/615/599 557/613/599 607/661/599 608/663/599
f 532/616/600 531/614/600 581/662/600 582/664/600
f 559/617/601 558/615/601 608/663/601 609/665/601
f 533/618/602 532/616/602 582/664/602 583/666/602
f 560/619/603 559/617/603 609/665/603 610/667/603
f 534/620/604 533/618/604 583/666/604 584/668/604
f 561/621/605 560/619/605 610/667/605 611/669/605
f 535/622/606 534/620/606 584/668/606 585/670/606
f 562/571/607 561/621/607 611/669/607 612/671/607
f 536/573/608 535/622/608 585/670/608 586/672/608
f 563/572/609 562/571/609 612/671/609 613/673/609
f 537/574/610 536/573/610 586/672/610 587/674/610
f 564/575/611 563/572/611 613/673/611 614/623/611
f 538/576/612 537/574/612 587/674/612 588/625/612
f 590/628/613 589/626/613 639/675/613 640/676/613
f 617/629/614 616/627/614 666/677/614 667/678/614
f 591/630/615 590/628/615 640/676/615 641/679/615
f 1418/680/616 617/629/616 667/678/616
f 592/632/617 591/630/617 641/679/617 642/681/617
f 593/633/618 592/632/618 642/681/618 643/682/618
f 594/634/619 593/633/619 643/682/619 644/683/619
f 568/636/620 1469/684/620 618/685/620
f 595/637/621 594/634/621 644/683/621 645/686/621
f 569/638/622 568/636/622 618/685/622 619/687/622
f 596/639/623 595/637/623 645/686/623 646/688/623
f 570/640/624 569/638/624 619/687/624 620/689/624
f 597/641/625 596/639/625 646/688/625 647/690/625
f 571/642/626 570/640/626 620/689/626 621/691/626
f 598/643/627 597/641/627 647/690/627 648/692/627
f 572/644/628 571/642/628 621/691/628 622/693/628
f 599/645/629 598/643/629 648/692/629 649/694/629
f 573/646/630 572/644/630 622/693/630 623/695/630
f 600/647/631 599/645/631 649/694/631 650/696/631
f 574/648/632 573/646/632 623/695/632 624/697/632
f 601/649/633 600/647/633 650/696/633 651/698/633
f 575/650/634 574/648/634 624/697/634 625/699/634
f 602/651/635 601/649/635 651/698/635 652/700/635
f 576/652/636 575/650/636 625/699/636 626/701/636
f 603/653/637 602/651/637 652/700/637 653/702/637
f 577/654/638 576/652/638 626/701/638 627/703/638
f 604/655/639 603/653/639 653/702/639 654/704/639
f 578/656/640 577/654/640 627/703/640 628/705/640
f 605/657/641 604/655/641 654/704/641 655/706/641
f 579/658/642 578/656/642 628/705/642 629/707/642
f 606/659/643 605/657/643 655/706/643 656/708/643
f 580/660/644 579/658/644 629/707/644 630/709/644
f 607/661/645 606/659/645 656/708/645 657/710/645
f 581/662/646 580/660/646 630/709/646 631/711/646
f 608/663/647 607/661/647 657/710/647 658/712/647
f 582/664/648 581/662/648 631/711/648 632/713/648
f 609/665/649 608/663/649 658/712/649 659/714/649
f 583/666/650 582/664/650 632/713/650 633/715/650
f 610/667/651 609/665/651 659/714/651 660/716/651
f 584/668/652 583/666/652 633/715/652 634/717/652
f 611/669/653 610/667/653 660/716/653 661/718/653
f 585/670/654 584/668/654 634/717/654 635/719/654
f 612/671/655 611/669/655 661/718/655 662/720/655
f 586/672/656 585/670/656 635/719/656 636/721/656
f 613/673/657 612/671/657 662/720/657 663/722/657
f 587/674/658 586/672/658 636/721/658 637/723/658
f 614/623/659 613/673/659 663/722/659 664/724/659
f 588/625/660 587/674/660 637/723/660 638/725/660
f 615/624/661 614/623/661 664/724/661 665/726/661
f 589/626/662 588/625/662 638/725/662 639/675/662
f 616/627/663 615/624/663 665/726/663 666/677/663
f 1418/727/664 667/678/664 717/728/664
f 642/681/665 641/679/665 691/729/665 692/730/665
f 643/682/666 642/681/666 692/730/666 693/731/666
f 644/683/667 643/682/667 693/731/667 694/732/667
f 618/685/668 1469/733/668 668/734/668
f 645/686/669 644/683/669 694/732/669 695/735/669
f 619/687/670 618/685/670 668/734/670 669/736/670
f 646/688/671 645/686/671 695/735/671 696/737/671
f 620/689/672 619/687/672 669/736/672 670/738/672
f 647/690/673 646/688/673 696/737/673 697/739/673
f 621/691/674 620/689/674 670/738/674 671/740/674
f 648/692/675 647/690/675 697/739/675 698/741/675
f 622/693/676 621/691/676 671/740/676 672/742/676
f 649/694/677 648/692/677 698/741/677 699/743/677
f 623/695/678 622/693/678 672/742/678 673/744/678
f 650/696/679 649/694/679 699/743/679 700/745/679
f 624/697/680 623/695/680 673/744/680 674/746/680
f 651/698/681 650/696/681 700/745/681 701/747/681
f 625/699/682 624/697/682 674/746/682 675/748/682
f 652/700/683 651/698/683 701/747/683 702/749/683
f 626/701/684 625/699/684 675/748/684 676/750/684
f 653/702/685 652/700/685 702/749/685 703/751/685
f 627/703/686 626/701/686 676/750/686 677/752/686
f 654/704/687 653/702/687 703/751/687 704/753/687
f 628/705/688 627/703/688 677/752/688 678/754/688
f 655/706/689 654/704/689 704/753/689 705/755/689
f 629/707/690 628/705/690 678/754/690 679/756/690
f 656/708/691 655/706/691 705/755/691 706/757/691
f 630/709/692 629/707/692 679/756/692 680/758/692
f 657/710/693 656/708/693 706/757/693 707/759/693
f 631/711/694 630/709/694 680/758/694 681/760/694
f 658/712/695 657/710/695 707/759/695 708/761/695
f 632/713/696 631/711/696 681/760/696 682/762/696
f 659/714/697 658/712/697 708/761/697 709/763/697
f 633/715/698 632/713/698 682/762/698 683/764/698
f 660/716/699 659/714/699 709/763/699 710/765/699
f 634/717/700 633/715/700 683/764/700 684/766/700
f 661/718/701 660/716/701 710/765/701 711/767/701
f 635/719/702 634/717/702 684/766/702 685/768/702
f 662/720/703 661/718/703 711/767/703 712/769/703
f 636/721/704 635/719/704 685/768/704 686/770/704
f 663/722/705 662/720/705 712/769/705 713/771/705
f 637/723/706 636/721/706 686/770/706 687/772/706
f 664/724/707 663/722/707 713/771/707 714/773/707
f 638/725/708 637/723/708 687/772/708 688/774/708
f 665/726/709 664/724/709 714/773/709 715/775/709
f 639/675/710 638/725/710 688/774/710 689/776/710
f 666/677/711 665/726/711 715/775/711 716/777/711
f 640/676/712 639/675/712 689/776/712 690/778/712
f 667/678/713 666/677/713 716/777/713 717/728/713
f 641/679/714 640/676/714 690/778/714 691/729/714
f 694/732/715 693/731/715 743/779/715 744/780/715
f 668/734/716 1469/781/716 718/782/716
f 695/735/717 694/732/717 744/780/717 745/783/717
f 669/736/718 668/734/718 718/782/718 719/784/718
f 696/737/719 695/735/719 745/783/719 746/785/719
f 670/738/720 669/736/720 719/784/720 720/786/720
f 697/739/721 696/737/721 746/785/721 747/787/721
f 671/740/722 670/738/722 720/786/722 721/788/722
f 698/741/723 697/739/723 747/787/723 748/789/723
f 672/742/724 671/740/724 721/788/724 722/790/724
f 699/743/725 698/741/725 748/789/725 749/791/725
f 673/744/726 672/742/726 722/790/726 723/792/726
f 700/745/727 699/743/727 749/791/727 750/793/727
f 674/746/728 673/744/728 723/792/728 724/794/728
f 701/747/729 700/745/729 750/793/729 751/795/729
f 675/748/730 674/746/730 724/794/730 725/796/730
f 702/749/731 701/747/731 751/795/731 752/797/731
f 676/750/732 675/748/732 725/796/732 726/798/732
f 703/751/733 702/749/733 752/797/733 753/799/733
f 677/752/734 676/750/734 726/798/734 727/800/734
f 704/753/735 703/751/735 753/799/735 754/801/735
f 678/754/736 677/752/736 727/800/736 728/802/736
f 705/755/737 704/753/737 754/801/737 755/803/737
f 679/756/738 678/754/738 728/802/738 729/804/738
f 706/757/739 705/755/739 755/803/739 756/805/739
f 680/758/740 679/756/740 729/804/740 730/806/740
f 707/759/741 706/757/741 756/805/741 757/807/741
f 681/760/742 680/758/742 730/806/742 731/808/742
f 708/761/743 707/759/743 757/807/743 758/809/743
f 682/762/744 681/760/744 731/808/744 732/810/744
f 709/763/745 708/761/745 758/809/745 759/811/745
f 683/764/746 682/762/746 732/810/746 733/812/746
f 710/765/747 709/763/747 759/811/747 760/813/747
f 684/766/748 683/764/748 733/812/748 734/814/748
f 711/767/749 710/765/749 760/813/749 761/815/749
f 685/768/750 684/766/750 734/814/750 735/816/750
f 712/769/751 711/767/751 761/815/751 762/817/751
f 686/770/752 685/768/752 735/816/752 736/818/752
f 713/771/753 712/769/753 762/817/753 763/819/753
f 687/772/754 686/770/754 736/818/754 737/820/754
f 714/773/755 713/771/755 763/819/755 764/821/755
f 688/774/756 687/772/756 737/820/756 738/822/756
f 715/775/757 714/773/757 764/821/757 765/823/757
f 689/776/758 688/774/758 738/822/758 739/824/758
f 716/777/759 715/775/759 765/823/759 766/825/759
f 690/778/760 689/776/760 739/824/760 740/826/760
f 717/728/761 716/777/761 766/825/761 767/827/761
f 691/729/762 690/778/762 740/826/762 741/828/762
f 1418/829/763 717/728/763 767/827/763
f 692/730/764 691/729/764 741/828/764 742/830/764
f 693/731/765 692/730/765 742/830/765 743/779/765
f 746/785/766 745/783/766 795/831/766 796/832/766
f 720/786/767 719/784/767 769/833/767 770/834/767
f 747/787/768 746/785/768 796/832/768 797/835/768
f 721/788/769 720/786/769 770/834/769 771/836/769
f 748/789/770 747/787/770 797/835/770 798/837/770
f 722/790/771 721/788/771 771/836/771 772/838/771
f 749/791/772 748/789/772 798/837/772 799/839/772
f 723/792/773 722/790/773 772/838/773 773/840/773
f 750/793/774 749/791/774 799/839/774 800/841/774
f 724/794/775 723/792/775 773/840/775 774/842/775
f 751/795/776 750/793/776 800/841/776 801/843/776
f 725/796/777 724/794/777 774/842/777 775/844/777
f 752/797/778 751/795/778 801/843/778 802/845/778
f 726/798/779 725/796/779 775/844/779 776/846/779
f 753/799/780 752/797/780 802/845/780 803/847/780
f 727/800/781 726/798/781 776/846/781 777/848/781
f 754/801/782 753/799/782 803/847/782 804/849/782
f 728/802/783 727/800/783 777/848/783 778/850/783
f 755/803/784 754/801/784 804/849/784 805/851/784
f 729/804/785 728/802/785 778/850/785 779/852/785
f 756/805/786 755/803/786 805/851/786 806/853/786
f 730/806/787 729/804/787 779/852/787 780/854/787
f 757/807/788 756/805/788 806/853/788 807/855/788
f 731/808/789 730/806/789 780/854/789 781/856/789
f 758/809/790 757/807/790 807/855/790 808/857/790
f 732/810/791 731/808/791 781/856/791 782/858/791
f 759/811/792 758/809/792 808/857/792 809/859/792
f 733/812/793 732/810/793 782/858/793 783/860/793
f 760/813/794 759/811/794 809/859/794 810/861/794
f 734/814/795 733/812/795 783/860/795 784/862/795
f 761/815/796 760/813/796 810/861/796 811/863/796
f 735/816/797 734/814/797 784/862/797 785/864/797
f 762/817/798 761/815/798 811/863/798 812/865/798
f 736/818/799 735/816/799 785/864/799 786/866/799
f 763/819/800 762/817/800 812/865/800 813/867/800
f 737/820/801 736/818/801 786/866/801 787/868/801
f 764/821/802 763/819/802 813/867/802 814/869/802
f 738/822/803 737/820/803 787/868/803 788/870/803
f 765/823/804 764/821/804 814/869/804 815/871/804
f 739/824/805 738/822/805 788/870/805 789/872/805
f 766/825/806 765/823/806 815/871/806 816/873/806
f 740/826/807 739/824/807 789/872/807 790/874/807
f 767/827/808 766/825/808 816/873/808 817/875/808
f 741/828/809 740/826/809 790/874/809 791/876/809
f 1418/877/810 767/827/810 817/875/810
f 742/830/811 741/828/811 791/876/811 792/878/811
f 743/779/812 742/830/812 792/878/812 793/879/812
f 744/780/813 743/779/813 793/879/813 794/880/813
f 718/782/814 1469/881/814 768/882/814
f 745/783/815 744/780/815 794/880/815 795/831/815
f 719/784/816 718/782/816 768/882/816 769/833/816
f 813/867/817 812/865/817 862/883/817 863/884/817
f 771/836/818 770/834/818 820/885/818 821/886/818
f 798/837/819 797/835/819 847/887/819 848/888/819
f 772/838/820 771/836/820 821/886/820 822/889/820
f 814/869/821 813/867/821 863/884/821 864/890/821
f 799/839/822 798/837/822 848/888/822 849/891/822
f 773/840/823 772/838/823 822/889/823 823/892/823
f 815/871/824 814/869/824 864/890/824 865/893/824
f 800/841/825 799/839/825 849/891/825 850/894/825
f 774/842/826 773/840/826 823/892/826 824/895/826
f 816/873/827 815/871/827 865/893/827 866/896/827
f 801/843/828 800/841/828 850/894/828 851/897/828
f 775/844/829 774/842/829 824/895/829 825/898/829
f 817/875/830 816/873/830 866/896/830 867/899/830
f 802/845/831 801/843/831 851/897/831 852/900/831
f 1418/901/832 817/875/832 867/899/832
f 776/846/833 775/844/833 825/898/833 826/902/833
f 803/847/834 802/845/834 852/900/834 853/903/834
f 777/848/835 776/846/835 826/902/835 827/904/835
f 804/849/836 803/847/836 853/903/836 854/905/836
f 778/850/837 777/848/837 827/904/837 828/906/837
f 805/851/838 804/849/838 854/905/838 855/907/838
f 779/852/839 778/850/839 828/906/839 829/908/839
f 806/853/840 805/851/840 855/907/840 856/909/840
f 780/854/841 779/852/841 829/908/841 830/910/841
f 807/855/842 806/853/842 856/909/842 857/911/842
f 781/856/843 780/854/843 830/910/843 831/912/843
f 808/857/844 807/855/844 857/911/844 858/913/844
f 782/858/845 781/856/845 831/912/845 832/914/845
f 809/859/846 808/857/846 858/913/846 859/915/846
f 783/860/847 782/858/847 832/914/847 833/916/847
f 784/862/848 783/860/848 833/916/848 834/917/848
f 785/864/849 784/862/849 834/917/849 835/918/849
f 786/866/850 785/864/850 835/918/850 836/919/850
f 787/868/851 786/866/851 836/919/851 837/920/851
f 788/870/852 787/868/852 837/920/852 838/921/852
f 789/872/853 788/870/853 838/921/853 839/922/853
f 790/874/854 789/872/854 839/922/854 840/923/854
f 791/876/855 790/874/855 840/923/855 841/924/855
f 792/878/856 791/876/856 841/924/856 842/925/856
f 793/879/857 792/878/857 842/925/857 843/926/857
f 794/880/858 793/879/858 843/926/858 844/927/858
f 810/861/859 809/859/859 859/915/859 860/928/859
f 768/882/860 1469/929/860 818/930/860
f 795/831/861 794/880/861 844/927/861 845/931/861
f 811/863/862 810/861/862 860/928/862 861/932/862
f 769/833/863 768/882/863 818/930/863 819/933/863
f 796/832/864 795/831/864 845/931/864 846/934/864
f 812/865/865 811/863/865 861/932/865 862/883/865
f 770/834/866 769/833/866 819/933/866 820/885/866
f 797/835/867 796/832/867 846/934/867 847/887/867
f 865/893/868 864/890/868 914/935/868 915/936/868
f 839/922/869 838/921/869 888/937/869 889/938/869
f 866/896/870 865/893/870 915/936/870 916/939/870
f 840/923/871 839/922/871 889/938/871 890/940/871
f 867/899/872 866/896/872 916/939/872 917/941/872
f 841/924/873 840/923/873 890/940/873 891/942/873
f 1418/943/874 867/899/874 917/941/874
f 842/925/875 841/924/875 891/942/875 892/944/875
f 843/926/876 842/925/876 892/944/876 893/945/876
f 844/927/877 843/926/877 893/945/877 894/946/877
f 818/930/878 1469/947/878 868/948/878
f 845/931/879 844/927/879 894/946/879 895/949/879
f 819/933/880 818/930/880 868/948/880 869/950/880
f 846/934/881 845/931/881 895/949/881 896/951/881
f 820/885/882 819/933/882 869/950/882 870/952/882
f 847/887/883 846/934/883 896/951/883 897/953/883
f 821/886/884 820/885/884 870/952/884 871/954/884
f 848/888/885 847/887/885 897/953/885 898/955/885
f 822/889/886 821/886/886 871/954/886 872/956/886
f 849/891/887 848/888/887 898/955/887 899/957/887
f 823/892/888 822/889/888 872/956/888 873/958/888
f 850/894/889 849/891/889 899/957/889 900/959/889
f 824/895/890 823/892/890 873/958/890 874/960/890
f 851/897/891 850/894/891 900/959/891 901/961/891
f 825/898/892 824/895/892 874/960/892 875/962/892
f 852/900/893 851/897/893 901/961/893 902/963/893
f 826/902/894 825/898/894 875/962/894 876/964/894
f 853/903/895 852/900/895 902/963/895 903/965/895
f 827/904/896 826/902/896 876/964/896 877/966/896
f 854/905/897 853/903/897 903/965/897 904/967/897
f 828/906/898 827/904/898 877/966/898 878/968/898
f 855/907/899 854/905/899 904/967/899 905/969/899
f 829/908/900 828/906/900 878/968/900 879/970/900
f 856/909/901 855/907/901 905/969/901 906/971/901
f 830/910/902 829/908/902 879/970/902 880/972/902
f 857/911/903 856/909/903 906/971/903 907/973/903
f 831/912/904 830/910/904 880/972/904 881/974/904
f 858/913/905 857/911/905 907/973/905 908/975/905
f 832/914/906 831/912/906 881/974/906 882/976/906
f 859/915/907 858/913/907 908/975/907 909/977/907
f 833/916/908 832/914/908 882/976/908 883/978/908
f 860/928/909 859/915/909 909/977/909 910/979/909
f 834/917/910 833/916/910 883/978/910 884/980/910
f 861/932/911 860/928/911 910/979/911 911/981/911
f 835/918/912 834/917/912 884/980/912 885/982/912
f 862/883/913 861/932/913 911/981/913 912/983/913
f 836/919/914 835/918/914 885/982/914 886/984/914
f 863/884/915 862/883/915 912/983/915 913/985/915
f 837/920/916 836/919/916 886/984/916 887/986/916
f 864/890/917 863/884/917 913/985/917 914/935/917
f 838/921/918 837/920/918 887/986/918 888/937/918
f 917/941/919 916/939/919 966/987/919 967/988/919
f 891/942/920 890/940/920 940/989/920 941/990/920
f 1418/991/921 917/941/921 967/988/921
f 892/944/922 891/942/922 941/990/922 942/992/922
f 893/945/923 892/944/923 942/992/923 943/993/923
f 894/946/924 893/945/924 943/993/924 944/994/924
f 868/948/925 1469/995/925 918/996/925
f 895/949/926 894/946/926 944/994/926 945/997/926
f 869/950/927 868/948/927 918/996/927 919/998/927
f 896/951/928 895/949/928 945/997/928 946/999/928
f 870/952/929 869/950/929 919/998/929 920/1000/929
f 897/953/930 896/951/930 946/999/930 947/1001/930
f 871/954/931 870/952/931 920/1000/931 921/1002/931
f 898/955/932 897/953/932 947/1001/932 948/1003/932
f 872/956/933 871/954/933 921/1002/933 922/1004/933
f 899/957/934 898/955/934 948/1003/934 949/1005/934
f 873/958/935 872/956/935 922/1004/935 923/1006/935
f 900/959/936 899/957/936 949/1005/936 950/1007/936
f 874/960/937 873/958/937 923/1006/937 924/1008/937
f 901/961/938 900/959/938 950/1007/938 951/1009/938
f 875/962/939 874/960/939 924/1008/939 925/1010/939
f 902/963/940 901/961/940 951/1009/940 952/1011/940
f 876/964/941 875/962/941 925/1010/941 926/1012/941
f 903/965/942 902/963/942 952/1011/942 953/1013/942
f 877/966/943 876/964/943 926/1012/943 927/1014/943
f 904/967/944 903/965/944 953/1013/944 954/1015/944
f 878/968/945 877/966/945 927/1014/945 928/1016/945
f 905/969/946 904/967/946 954/1015/946 955/1017/946
f 879/970/947 878/968/947 928/1016/947 929/1018/947
f 906/971/948 905/969/948 955/1017/948 956/1019/948
f 880/972/949 879/970/949 929/1018/949 930/1020/949
f 907/973/950 906/971/950 956/1019/950 957/1021/950
f 881/974/951 880/972/951 930/1020/951 931/1022/951
f 908/975/952 907/973/952 957/1021/952 958/1023/952
f 882/976/953 881/974/953 931/1022/953 932/1024/953
f 909/977/954 908/975/954 958/1023/954 959/1025/954
f 883/978/955 882/976/955 932/1024/955 933/1026/955
f 910/979/956 909/977/956 959/1025/956 960/1027/956
f 884/980/957 883/978/957 933/1026/957 934/1028/957
f 911/981/958 910/979/958 960/1027/958 961/1029/958
f 885/982/959 884/980/959 934/1028/959 935/1030/959
f 912/983/960 911/981/960 961/1029/960 962/1031/960
f 886/984/961 885/982/961 935/1030/961 936/1032/961
f 913/985/962 912/983/962 962/1031/962 963/1033/962
f 887/986/963 886/984/963 936/1032/963 937/1034/963
f 914/935/964 913/985/964 963/1033/964 964/1035/964
f 888/937/965 887/986/965 937/1034/965 938/1036/965
f 915/936/966 914/935/966 964/1035/966 965/1037/966
f 889/938/967 888/937/967 938/1036/967 939/1038/967
f 916/939/968 915/936/968 965/1037/968 966/987/968
f 890/940/969 889/938/969 939/1038/969 940/989/969
f 943/993/970 942/992/970 992/1039/970 993/1040/970
f 944/994/971 943/993/971 993/1040/971 994/1041/971
f 918/996/972 1469/1042/972 968/1043/972
f 945/997/973 944/994/973 994/1041/973 995/1044/973
f 919/998/974 918/996/974 968/1043/974 969/1045/974
f 946/999/975 945/997/975 995/1044/975 996/1046/975
f 920/1000/976 919/998/976 969/1045/976 970/1047/976
f 947/1001/977 946/999/977 996/1046/977 997/1048/977
f 921/1002/978 920/1000/978 970/1047/978 971/1049/978
f 948/1003/979 947/1001/979 997/1048/979 998/1050/979
f 922/1004/980 921/1002/980 971/1049/980 972/1051/980
f 949/1005/981 948/1003/981 998/1050/981 999/1052/981
f 923/1006/982 922/1004/982 972/1051/982 973/1053/982
f 950/1007/983 949/1005/983 999/1052/983 1000/1054/983
f 924/1008/984 923/1006/984 973/1053/984 974/1055/984
f 951/1009/985 950/1007/985 1000/1054/985 1001/1056/985
f 925/1010/986 924/1008/986 974/1055/986 975/1057/986
f 952/1011/987 951/1009/987 1001/1056/987 1002/1058/987
f 926/1012/988 925/1010/988 975/1057/988 976/1059/988
f 953/1013/989 952/1011/989 1002/1058/989 1003/1060/989
f 927/1014/990 926/1012/990 976/1059/990 977/1061/990
f 954/1015/991 953/1013/991 1003/1060/991 1004/1062/991
f 928/1016/992 927/1014/992 977/1061/992 978/1063/992
f 955/1017/993 954/1015/993 1004/1062/993 1005/1064/993
f 929/1018/994 928/1016/994 978/1063/994 979/1065/994
f 956/1019/995 955/1017/995 1005/1064/995 1006/1066/995
f 930/1020/996 929/1018/996 979/1065/996 980/1067/996
f 957/1021/997 956/1019/997 1006/1066/997 1007/1068/997
f 931/1022/998 930/1020/998 980/1067/998 981/1069/998
f 958/1023/999 957/1021/999 1007/1068/999 1008/1070/999
f 932/1024/1000 931/1022/1000 981/1069/1000 982/1071/1000
f 959/1025/1001 958/1023/1001 1008/1070/1001 1009/1072/1001
f 933/1026/1002 932/1024/1002 982/1071/1002 983/1073/1002
f 960/1027/1003 959/1025/1003 1009/1072/1003 1010/1074/1003
f 934/1028/1004 933/1026/1004 983/1073/1004 984/1075/1004
f 961/1029/1005 960/1027/1005 1010/1074/1005 1011/1076/1005
f 935/1030/1006 934/1028/1006 984/1075/1006 985/1077/1006
f 962/1031/1007 961/1029/1007 1011/1076/1007 1012/1078/1007
f 936/1032/1008 935/1030/1008 985/1077/1008 986/1079/1008
f 963/1033/1009 962/1031/1009 1012/1078/1009 1013/1080/1009
f 937/1034/1010 936/1032/1010 986/1079/1010 987/1081/1010
f 964/1035/1011 963/1033/1011 1013/1080/1011 1014/1082/1011
f 938/1036/1012 937/1034/1012 987/1081/1012 988/1083/1012
f 965/1037/1013 964/1035/1013 1014/1082/1013 1015/1084/1013
f 939/1038/1014 938/1036/1014 988/1083/1014 989/1085/1014
f 966/987/1015 965/1037/1015 1015/1084/1015 1016/1086/1015
f 940/989/1016 939/1038/1016 989/1085/1016 990/1087/1016
f 967/988/1017 966/987/1017 1016/1086/1017 1017/1088/1017
f 941/990/1018 940/989/1018 990/1087/1018 991/1089/1018
f 1418/1090/1019 967/988/1019 1017/1088/1019
f 942/992/1020 941/990/1020 991/1089/1020 992/1039/1020
f 994/1041/1021 993/1040/1021 1043/1091/1021 1044/1092/1021
f 968/1043/1022 1469/1093/1022 1018/1094/1022
f 995/1044/1023 994/1041/1023 1044/1092/1023 1045/1095/1023
f 969/1045/1024 968/1043/1024 1018/1094/1024 1019/1096/1024
f 996/1046/1025 995/1044/1025 1045/1095/1025 1046/1097/1025
f 970/1047/1026 969/1045/1026 1019/1096/1026 1020/1098/1026
f 997/1048/1027 996/1046/1027 1046/1097/1027 1047/1099/1027
f 971/1049/1028 970/1047/1028 1020/1098/1028 1021/1100/1028
f 998/1050/1029 997/1048/1029 1047/1099/1029 1048/1101/1029
f 972/1051/1030 971/1049/1030 1021/1100/1030 1022/1102/1030
f 999/1052/1031 998/1050/1031 1048/1101/1031 1049/1103/1031
f 973/1053/1032 972/1051/1032 1022/1102/1032 1023/1104/1032
f 1000/1054/1033 999/1052/1033 1049/1103/1033 1050/1105/1033
f 974/1055/1034 973/1053/1034 1023/1104/1034 1024/1106/1034
f 1001/1056/1035 1000/1054/1035 1050/1105/1035 1051/1107/1035
f 975/1057/1036 974/1055/1036 1024/1106/1036 1025/1108/1036
f 1002/1058/1037 1001/1056/1037 1051/1107/1037 1052/1109/1037
f 976/1059/1038 975/1057/1038 1025/1108/1038 1026/1110/1038
f 1003/1060/1039 1002/1058/1039 1052/1109/1039 1053/1111/1039
f 977/1061/1040 976/1059/1040 1026/1110/1040 1027/1112/1040
f 1004/1062/1041 1003/1060/1041 1053/1111/1041 1054/1113/1041
f 978/1063/1042 977/1061/1042 1027/1112/1042 1028/1114/1042
f 1005/1064/1043 1004/1062/1043 1054/1113/1043 1055/1115/1043
f 979/1065/1044 978/1063/1044 1028/1114/1044 1029/1116/1044
f 1006/1066/1045 1005/1064/1045 1055/1115/1045 1056/1117/1045
f 980/1067/1046 979/1065/1046 1029/1116/1046 1030/1118/1046
f 1007/1068/1047 1006/1066/1047 1056/1117/1047 1057/1119/1047
f 981/1069/1048 980/1067/1048 1030/1118/1048 1031/1120/1048
f 1008/1070/1049 1007/1068/1049 1057/1119/1049 1058/1121/1049
f 982/1071/1050 981/1069/1050 1031/1120/1050 1032/1122/1050
f 1009/1072/1051 1008/1070/1051 1058/1121/1051 1059/1123/1051
f 983/1073/1052 982/1071/1052 1032/1122/1052 1033/1124/1052
f 1010/1074/1053 1009/1072/1053 1059/1123/1053 1060/1125/1053
f 984/1075/1054 983/1073/1054 1033/1124/1054 1034/1126/1054
f 1011/1076/1055 1010/1074/1055 1060/1125/1055 1061/1127/1055
f 985/1077/1056 984/1075/1056 1034/1126/1056 1035/1128/1056
f 1012/1078/1057 1011/1076/1057 1061/1127/1057 1062/1129/1057
f 986/1079/1058 985/1077/1058 1035/1128/1058 1036/1130/1058
f 1013/1080/1059 1012/1078/1059 1062/1129/1059 1063/1131/1059
f 987/1081/1060 986/1079/1060 1036/1130/1060 1037/1132/1060
f 1014/1082/1061 1013/1080/1061 1063/1131/1061 1064/1133/1061
f 988/1083/1062 987/1081/1062 1037/1132/1062 1038/1134/1062
f 1015/1084/1063 1014/1082/1063 1064/1133/1063 1065/1135/1063
f 989/1085/1064 988/1083/1064 1038/1134/1064 1039/1136/1064
f 1016/1086/1065 1015/1084/1065 1065/1135/1065 1066/1137/1065
f 990/1087/1066 989/1085/1066 1039/1136/1066 1040/1138/1066
f 1017/1088/1067 1016/1086/1067 1066/1137/1067 1067/1139/1067
f 991/1089/1068 990/1087/1068 1040/1138/1068 1041/1140/1068
f 1418/1141/1069 1017/1088/1069 1067/1139/1069
f 992/1039/1070 991/1089/1070 1041/1140/1070 1042/1142/1070
f 993/1040/1071 992/1039/1071 1042/1142/1071 1043/1091/1071
f 1046/1097/1072 1045/1095/1072 1095/1143/1072 1096/1144/1072
f 1020/1098/1073 1019/1096/1073 1069/1145/1073 1070/1146/1073
f 1047/1099/1074 1046/1097/1074 1096/1144/1074 1097/1147/1074
f 1021/1100/1075 1020/1098/1075 1070/1146/1075 1071/1148/1075
f 1048/1101/1076 1047/1099/1076 1097/1147/1076 1098/1149/1076
f 1022/1102/1077 1021/1100/1077 1071/1148/1077 1072/1150/1077
f 1049/1103/1078 1048/1101/1078 1098/1149/1078 1099/1151/1078
f 1023/1104/1079 1022/1102/1079 1072/1150/1079 1073/1152/1079
f 1050/1105/1080 1049/1103/1080 1099/1151/1080 1100/1153/1080
f 1024/1106/1081 1023/1104/1081 1073/1152/1081 1074/1154/1081
f 1051/1107/1082 1050/1105/1082 1100/1153/1082 1101/1155/1082
f 1025/1108/1083 1024/1106/1083 1074/1154/1083 1075/1156/1083
f 1052/1109/1084 1051/1107/1084 1101/1155/1084 1102/1157/1084
f 1026/1110/1085 1025/1108/1085 1075/1156/1085 1076/1158/1085
f 1053/1111/1086 1052/1109/1086 1102/1157/1086 1103/1159/1086
f 1027/1112/1087 1026/1110/1087 1076/1158/1087 1077/1160/1087
f 1054/1113/1088 1053/1111/1088 1103/1159/1088 1104/1161/1088
f 1028/1114/1089 1027/1112/1089 1077/1160/1089 1078/1162/1089
f 1055/1115/1090 1054/1113/1090 1104/1161/1090 1105/1163/1090
f 1029/1116/1091 1028/1114/1091 1078/1162/1091 1079/1164/1091
f 1056/1117/1092 1055/1115/1092 1105/1163/1092 1106/1165/1092
f 1030/1118/1093 1029/1116/1093 1079/1164/1093 1080/1166/1093
f 1057/1119/1094 1056/1117/1094 1106/1165/1094 1107/1167/1094
f 1031/1120/1095 1030/1118/1095 1080/1166/1095 1081/1168/1095
f 1058/1121/1096 1057/1119/1096 1107/1167/1096 1108/1169/1096
f 1032/1122/1097 1031/1120/1097 1081/1168/1097 1082/1170/1097
f 1059/1123/1098 1058/1121/1098 1108/1169/1098 1109/1171/1098
f 1033/1124/1099 1032/1122/1099 1082/1170/1099 1083/1172/1099
f 1060/1125/1100 1059/1123/1100 1109/1171/1100 1110/1173/1100
f 1034/1126/1101 1033/1124/1101 1083/1172/1101 1084/1174/1101
f 1061/1127/1102 1060/1125/1102 1110/1173/1102 1111/1175/1102
f 1035/1128/1103 1034/1126/1103 1084/1174/1103 1085/1176/1103
f 1062/1129/1104 1061/1127/1104 1111/1175/1104 1112/1177/1104
f 1036/1130/1105 1035/1128/1105 1085/1176/1105 1086/1178/1105
f 1063/1131/1106 1062/1129/1106 1112/1177/1106 1113/1179/1106
f 1037/1132/1107 1036/1130/1107 1086/1178/1107 1087/1180/1107
f 1064/1133/1108 1063/1131/1108 1113/1179/1108 1114/1181/1108
f 1038/1134/1109 1037/1132/1109 1087/1180/1109 1088/1182/1109
f 1065/1135/1110 1064/1133/1110 1114/1181/1110 1115/1183/1110
f 1039/1136/1111 1038/1134/1111 1088/1182/1111 1089/1184/1111
f 1066/1137/1112 1065/1135/1112 1115/1183/1112 1116/1185/1112
f 1040/1138/1113 1039/1136/1113 1089/1184/1113 1090/1186/1113
f 1067/1139/1114 1066/1137/1114 1116/1185/1114 1117/1187/1114
f 1041/1140/1115 1040/1138/1115 1090/1186/1115 1091/1188/1115
f 1418/1189/1116 1067/1139/1116 1117/1187/1116
f 1042/1142/1117 1041/1140/1117 1091/1188/1117 1092/1190/1117
f 1043/1091/1118 1042/1142/1118 1092/1190/1118 1093/1191/1118
f 1044/1092/1119 1043/1091/1119 1093/1191/1119 1094/1192/1119
f 1018/1094/1120 1469/1193/1120 1068/1194/1120
f 1045/1095/1121 1044/1092/1121 1094/1192/1121 1095/1143/1121
f 1019/1096/1122 1018/1094/1122 1068/1194/1122 1069/1145/1122
f 1098/1149/1123 1097/1147/1123 1147/1195/1123 1148/1196/1123
f 1072/1150/1124 1071/1148/1124 1121/1197/1124 1122/1198/1124
f 1099/1151/1125 1098/1149/1125 1148/1196/1125 1149/1199/1125
f 1073/1152/1126 1072/1150/1126 1122/1198/1126 1123/1200/1126
f 1100/1153/1127 1099/1151/1127 1149/1199/1127 1150/1201/1127
f 1074/1154/1128 1073/1152/1128 1123/1200/1128 1124/1202/1128
f 1101/1155/1129 1100/1153/1129 1150/1201/1129 1151/1203/1129
f 1075/1156/1130 1074/1154/1130 1124/1202/1130 1125/1204/1130
f 1102/1157/1131 1101/1155/1131 1151/1203/1131 1152/1205/1131
f 1076/1158/1132 1075/1156/1132 1125/1204/1132 1126/1206/1132
f 1103/1159/1133 1102/1157/1133 1152/1205/1133 1153/1207/1133
f 1077/1160/1134 1076/1158/1134 1126/1206/1134 1127/1208/1134
f 1104/1161/1135 1103/1159/1135 1153/1207/1135 1154/1209/1135
f 1078/1162/1136 1077/1160/1136 1127/1208/1136 1128/1210/1136
f 1105/1163/1137 1104/1161/1137 1154/1209/1137 1155/1211/1137
f 1079/1164/1138 1078/1162/1138 1128/1210/1138 1129/1212/1138
f 1106/1165/1139 1105/1163/1139 1155/1211/1139 1156/1213/1139
f 1080/1166/1140 1079/1164/1140 1129/1212/1140 1130/1214/1140
f 1107/1167/1141 1106/1165/1141 1156/1213/1141 1157/1215/1141
f 1081/1168/1142 1080/1166/1142 1130/1214/1142 1131/1216/1142
f 1108/1169/1143 1107/1167/1143 1157/1215/1143 1158/1217/1143
f 1082/1170/1144 1081/1168/1144 1131/1216/1144 1132/1218/1144
f 1109/1171/1145 1108/1169/1145 1158/1217/1145 1159/1219/1145
f 1083/1172/1146 1082/1170/1146 1132/1218/1146 1133/1220/1146
f 1110/1173/1147 1109/1171/1147 1159/1219/1147 1160/1221/1147
f 1084/1174/1148 1083/1172/1148 1133/1220/1148 1134/1222/1148
f 1111/1175/1149 1110/1173/1149 1160/1221/1149 1161/1223/1149
f 1085/1176/1150 1084/1174/1150 1134/1222/1150 1135/1224/1150
f 1112/1177/1151 1111/1175/1151 1161/1223/1151 1162/1225/1151
f 1086/1178/1152 1085/1176/1152 1135/1224/1152 1136/1226/1152
f 1113/1179/1153 1112/1177/1153 1162/1225/1153 1163/1227/1153
f 1087/1180/1154 1086/1178/1154 1136/1226/1154 1137/1228/1154
f 1114/1181/1155 1113/1179/1155 1163/1227/1155 1164/1229/1155
f 1088/1182/1156 1087/1180/1156 1137/1228/1156 1138/1230/1156
f 1115/1183/1157 1114/1181/1157 1164/1229/1157 1165/1231/1157
f 1089/1184/1158 1088/1182/1158 1138/1230/1158 1139/1232/1158
f 1116/1185/1159 1115/1183/1159 1165/1231/1159 1166/1233/1159
f 1090/1186/1160 1089/1184/1160 1139/1232/1160 1140/1234/1160
f 1117/1187/1161 1116/1185/1161 1166/1233/1161 1167/1235/1161
f 1091/1188/1162 1090/1186/1162 1140/1234/1162 1141/1236/1162
f 1418/1237/1163 1117/1187/1163 1167/1235/1163
f 1092/1190/1164 1091/1188/1164 1141/1236/1164 1142/1238/1164
f 1093/1191/1165 1092/1190/1165 1142/1238/1165 1143/1239/1165
f 1094/1192/1166 1093/1191/1166 1143/1239/1166 1144/1240/1166
f 1068/1194/1167 1469/1241/1167 1118/1242/1167
f 1095/1143/1168 1094/1192/1168 1144/1240/1168 1145/1243/1168
f 1069/1145/1169 1068/1194/1169 1118/1242/1169 1119/1244/1169
f 1096/1144/1170 1095/1143/1170 1145/1243/1170 1146/1245/1170
f 1070/1146/1171 1069/1145/1171 1119/1244/1171 1120/1246/1171
f 1097/1147/1172 1096/1144/1172 1146/1245/1172 1147/1195/1172
f 1071/1148/1173 1070/1146/1173 1120/1246/1173 1121/1197/1173
f 1150/1201/1174 1149/1199/1174 1199/1247/1174 1200/1248/1174
f 1124/1202/1175 1123/1200/1175 1173/1249/1175 1174/1250/1175
f 1151/1203/1176 1150/1201/1176 1200/1248/1176 1201/1251/1176
f 1125/1204/1177 1124/1202/1177 1174/1250/1177 1175/1252/1177
f 1152/1205/1178 1151/1203/1178 1201/1251/1178 1202/1253/1178
f 1126/1206/1179 1125/1204/1179 1175/1252/1179 1176/1254/1179
f 1153/1207/1180 1152/1205/1180 1202/1253/1180 1203/1255/1180
f 1127/1208/1181 1126/1206/1181 1176/1254/1181 1177/1256/1181
f 1154/1209/1182 1153/1207/1182 1203/1255/1182 1204/1257/1182
f 1128/1210/1183 1127/1208/1183 1177/1256/1183 1178/1258/1183
f 1155/1211/1184 1154/1209/1184 1204/1257/1184 1205/1259/1184
f 1129/1212/1185 1128/1210/1185 1178/1258/1185 1179/1260/1185
f 1156/1213/1186 1155/1211/1186 1205/1259/1186 1206/1261/1186
f 1130/1214/1187 1129/1212/1187 1179/1260/1187 1180/1262/1187
f 1157/1215/1188 1156/1213/1188 1206/1261/1188 1207/1263/1188
f 1131/1216/1189 1130/1214/1189 1180/1262/1189 1181/1264/1189
f 1158/1217/1190 1157/1215/1190 1207/1263/1190 1208/1265/1190
f 1132/1218/1191 1131/1216/1191 1181/1264/1191 1182/1266/1191
f 1159/1219/1192 1158/1217/1192 1208/1265/1192 1209/1267/1192
f 1133/1220/1193 1132/1218/1193 1182/1266/1193 1183/1268/1193
f 1160/1221/1194 1159/1219/1194 1209/1267/1194 1210/1269/1194
f 1134/1222/1195 1133/1220/1195 1183/1268/1195 1184/1270/1195
f 1161/1223/1196 1160/1221/1196 1210/1269/1196 1211/1271/1196
f 1135/1224/1197 1134/1222/1197 1184/1270/1197 1185/1272/1197
f 1162/1225/1198 1161/1223/1198 1211/1271/1198 1212/1273/1198
f 1136/1226/1199 1135/1224/1199 1185/1272/1199 1186/1274/1199
f 1163/1227/1200 1162/1225/1200 1212/1273/1200 1213/1275/1200
f 1137/1228/1201 1136/1226/1201 1186/1274/1201 1187/1276/1201
f 1164/1229/1202 1163/1227/1202 1213/1275/1202 1214/1277/1202
f 1138/1230/1203 1137/1228/1203 1187/1276/1203 1188/1278/1203
f 1165/1231/1204 1164/1229/1204 1214/1277/1204 1215/1279/1204
f 1139/1232/1205 1138/1230/1205 1188/1278/1205 1189/1280/1205
f 1166/1233/1206 1165/1231/1206 1215/1279/1206 1216/1281/1206
f 1140/1234/1207 1139/1232/1207 1189/1280/1207 1190/1282/1207
f 1167/1235/1208 1166/1233/1208 1216/1281/1208 1217/1283/1208
f 1141/1236/1209 1140/1234/1209 1190/1282/1209 1191/1284/1209
f 1418/1285/1210 1167/1235/1210 1217/1283/1210
f 1142/1238/1211 1141/1236/1211 1191/1284/1211 1192/1286/1211
f 1143/1239/1212 1142/1238/1212 1192/1286/1212 1193/1287/1212
f 1144/1240/1213 1143/1239/1213 1193/1287/1213 1194/1288/1213
f 1118/1242/1214 1469/1289/1214 1168/1290/1214
f 1145/1243/1215 1144/1240/1215 1194/1288/1215 1195/1291/1215
f 1119/1244/1216 1118/1242/1216 1168/1290/1216 1169/1292/1216
f 1146/1245/1217 1145/1243/1217 1195/1291/1217 1196/1293/1217
f 1120/1246/1218 1119/1244/1218 1169/1292/1218 1170/1294/1218
f 1147/1195/1219 1146/1245/1219 1196/1293/1219 1197/1295/1219
f 1121/1197/1220 1120/1246/1220 1170/1294/1220 1171/1296/1220
f 1148/1196/1221 1147/1195/1221 1197/1295/1221 1198/1297/1221
f 1122/1198/1222 1121/1197/1222 1171/1296/1222 1172/1298/1222
f 1149/1199/1223 1148/1196/1223 1198/1297/1223 1199/1247/1223
f 1123/1200/1224 1122/1198/1224 1172/1298/1224 1173/1249/1224
f 1175/1252/1225 1174/1250/1225 1224/1299/1225 1225/1300/1225
f 1202/1253/1226 1201/1251/1226 1251/1301/1226 1252/1302/1226
f 1176/1254/1227 1175/1252/1227 1225/1300/1227 1226/1303/1227
f 1203/1255/1228 1202/1253/1228 1252/1302/1228 1253/1304/1228
f 1177/1256/1229 1176/1254/1229 1226/1303/1229 1227/1305/1229
f 1204/1257/1230 1203/1255/1230 1253/1304/1230 1254/1306/1230
f 1178/1258/1231 1177/1256/1231 1227/1305/1231 1228/1307/1231
f 1205/1259/1232 1204/1257/1232 1254/1306/1232 1255/1308/1232
f 1179/1260/1233 1178/1258/1233 1228/1307/1233 1229/1309/1233
f 1206/1261/1234 1205/1259/1234 1255/1308/1234 1256/1310/1234
f 1180/1262/1235 1179/1260/1235 1229/1309/1235 1230/1311/1235
f 1207/1263/1236 1206/1261/1236 1256/1310/1236 1257/1312/1236
f 1181/1264/1237 1180/1262/1237 1230/1311/1237 1231/1313/1237
f 1208/1265/1238 1207/1263/1238 1257/1312/1238 1258/1314/1238
f 1182/1266/1239 1181/1264/1239 1231/1313/1239 1232/1315/1239
f 1209/1267/1240 1208/1265/1240 1258/1314/1240 1259/1316/1240
f 1183/1268/1241 1182/1266/1241 1232/1315/1241 1233/1317/1241
f 1210/1269/1242 1209/1267/1242 1259/1316/1242 1260/1318/1242
f 1184/1270/1243 1183/1268/1243 1233/1317/1243 1234/1319/1243
f 1211/1271/1244 1210/1269/1244 1260/1318/1244 1261/1320/1244
f 1185/1272/1245 1184/1270/1245 1234/1319/1245 1235/1321/1245
f 1212/1273/1246 1211/1271/1246 1261/1320/1246 1262/1322/1246
f 1186/1274/1247 1185/1272/1247 1235/1321/1247 1236/1323/1247
f 1213/1275/1248 1212/1273/1248 1262/1322/1248 1263/1324/1248
f 1187/1276/1249 1186/1274/1249 1236/1323/1249 1237/1325/1249
f 1214/1277/1250 1213/1275/1250 1263/1324/1250 1264/1326/1250
f 1188/1278/1251 1187/1276/1251 1237/1325/1251 1238/1327/1251
f 1215/1279/1252 1214/1277/1252 1264/1326/1252 1265/1328/1252
f 1189/1280/1253 1188/1278/1253 1238/1327/1253 1239/1329/1253
f 1216/1281/1254 1215/1279/1254 1265/1328/1254 1266/1330/1254
f 1190/1282/1255 1189/1280/1255 1239/1329/1255 1240/1331/1255
f 1217/1283/1256 1216/1281/1256 1266/1330/1256 1267/1332/1256
f 1191/1284/1257 1190/1282/1257 1240/1331/1257 1241/1333/1257
f 1418/1334/1258 1217/1283/1258 1267/1332/1258
f 1192/1286/1259 1191/1284/1259 1241/1333/1259 1242/1335/1259
f 1193/1287/1260 1192/1286/1260 1242/1335/1260 1243/1336/1260
f 1194/1288/1261 1193/1287/1261 1243/1336/1261 1244/1337/1261
f 1168/1290/1262 1469/1338/1262 1218/1339/1262
f 1195/1291/1263 1194/1288/1263 1244/1337/1263 1245/1340/1263
f 1169/1292/1264 1168/1290/1264 1218/1339/1264 1219/1341/1264
f 1196/1293/1265 1195/1291/1265 1245/1340/1265 1246/1342/1265
f 1170/1294/1266 1169/1292/1266 1219/1341/1266 1220/1343/1266
f 1197/1295/1267 1196/1293/1267 1246/1342/1267 1247/1344/1267
f 1171/1296/1268 1170/1294/1268 1220/1343/1268 1221/1345/1268
f 1198/1297/1269 1197/1295/1269 1247/1344/1269 1248/1346/1269
f 1172/1298/1270 1171/1296/1270 1221/1345/1270 1222/1347/1270
f 1199/1247/1271 1198/1297/1271 1248/1346/1271 1249/1348/1271
f 1173/1249/1272 1172/1298/1272 1222/1347/1272 1223/1349/1272
f 1200/1248/1273 1199/1247/1273 1249/1348/1273 1250/1350/1273
f 1174/1250/1274 1173/1249/1274 1223/1349/1274 1224/1299/1274
f 1201/1251/1275 1200/1248/1275 1250/1350/1275 1251/1301/1275
f 1253/1304/1276 1252/1302/1276 1302/1351/1276 1303/1352/1276
f 1227/1305/1277 1226/1303/1277 1276/1353/1277 1277/1354/1277
f 1254/1306/1278 1253/1304/1278 1303/1352/1278 1304/1355/1278
f 1228/1307/1279 1227/1305/1279 1277/1354/1279 1278/1356/1279
f 1255/1308/1280 1254/1306/1280 1304/1355/1280 1305/1357/1280
f 1229/1309/1281 1228/1307/1281 1278/1356/1281 1279/1358/1281
f 1256/1310/1282 1255/1308/1282 1305/1357/1282 1306/1359/1282
f 1230/1311/1283 1229/1309/1283 1279/1358/1283 1280/1360/1283
f 1257/1312/1284 1256/1310/1284 1306/1359/1284 1307/1361/1284
f 1231/1313/1285 1230/1311/1285 1280/1360/1285 1281/1362/1285
f 1258/1314/1286 1257/1312/1286 1307/1361/1286 1308/1363/1286
f 1232/1315/1287 1231/1313/1287 1281/1362/1287 1282/1364/1287
f 1259/1316/1288 1258/1314/1288 1308/1363/1288 1309/1365/1288
f 1233/1317/1289 1232/1315/1289 1282/1364/1289 1283/1366/1289
f 1260/1318/1290 1259/1316/1290 1309/1365/1290 1310/1367/1290
f 1234/1319/1291 1233/1317/1291 1283/1366/1291 1284/1368/1291
f 1261/1320/1292 1260/1318/1292 1310/1367/1292 1311/1369/1292
f 1235/1321/1293 1234/1319/1293 1284/1368/1293 1285/1370/1293
f 1262/1322/1294 1261/1320/1294 1311/1369/1294 1312/1371/1294
f 1236/1323/1295 1235/1321/1295 1285/1370/1295 1286/1372/1295
f 1263/1324/1296 1262/1322/1296 1312/1371/1296 1313/1373/1296
f 1237/1325/1297 1236/1323/1297 1286/1372/1297 1287/1374/1297
f 1264/1326/1298 1263/1324/1298 1313/1373/1298 1314/1375/1298
f 1238/1327/1299 1237/1325/1299 1287/1374/1299 1288/1376/1299
f 1265/1328/1300 1264/1326/1300 1314/1375/1300 1315/1377/1300
f 1239/1329/1301 1238/1327/1301 1288/1376/1301 1289/1378/1301
f 1266/1330/1302 1265/1328/1302 1315/1377/1302 1316/1379/1302
f 1240/1331/1303 1239/1329/1303 1289/1378/1303 1290/1380/1303
f 1267/1332/1304 1266/1330/1304 1316/1379/1304 1317/1381/1304
f 1241/1333/1305 1240/1331/1305 1290/1380/1305 1291/1382/1305
f 1418/1383/1306 1267/1332/1306 1317/1381/1306
f 1242/1335/1307 1241/1333/1307 1291/1382/1307 1292/1384/1307
f 1243/1336/1308 1242/1335/1308 1292/1384/1308 1293/1385/1308
f 1244/1337/1309 1243/1336/1309 1293/1385/1309 1294/1386/1309
f 1218/1339/1310 1469/1387/1310 1268/1388/1310
f 1245/1340/1311 1244/1337/1311 1294/1386/1311 1295/1389/1311
f 1219/1341/1312 1218/1339/1312 1268/1388/1312 1269/1390/1312
f 1246/1342/1313 1245/1340/1313 1295/1389/1313 1296/1391/1313
f 1220/1343/1314 1219/1341/1314 1269/1390/1314 1270/1392/1314
f 1247/1344/1315 1246/1342/1315 1296/1391/1315 1297/1393/1315
f 1221/1345/1316 1220/1343/1316 1270/1392/1316 1271/1394/1316
f 1248/1346/1317 1247/1344/1317 1297/1393/1317 1298/1395/1317
f 1222/1347/1318 1221/1345/1318 1271/1394/1318 1272/1396/1318
f 1249/1348/1319 1248/1346/1319 1298/1395/1319 1299/1397/1319
f 1223/1349/1320 1222/1347/1320 1272/1396/1320 1273/1398/1320
f 1250/1350/1321 1249/1348/1321 1299/1397/1321 1300/1399/1321
f 1224/1299/1322 1223/1349/1322 1273/1398/1322 1274/1400/1322
f 1251/1301/1323 1250/1350/1323 1300/1399/1323 1301/1401/1323
f 1225/1300/1324 1224/1299/1324 1274/1400/1324 1275/1402/1324
f 1252/1302/1325 1251/1301/1325 1301/1401/1325 1302/1351/1325
f 1226/1303/1326 1225/1300/1326 1275/1402/1326 1276/1353/1326
f 1305/1357/1327 1304/1355/1327 1354/1403/1327 1355/1404/1327
f 1279/1358/1328 1278/1356/1328 1328/1405/1328 1329/1406/1328
f 1306/1359/1329 1305/1357/1329 1355/1404/1329 1356/1407/1329
f 1280/1360/1330 1279/1358/1330 1329/1406/1330 1330/1408/1330
f 1307/1361/1331 1306/1359/1331 1356/1407/1331 1357/1409/1331
f 1281/1362/1332 1280/1360/1332 1330/1408/1332 1331/1410/1332
f 1308/1363/1333 1307/1361/1333 1357/1409/1333 1358/1411/1333
f 1282/1364/1334 1281/1362/1334 1331/1410/1334 1332/1412/1334
f 1309/1365/1335 1308/1363/1335 1358/1411/1335 1359/1413/1335
f 1283/1366/1336 1282/1364/1336 1332/1412/1336 1333/1414/1336
f 1310/1367/1337 1309/1365/1337 1359/1413/1337 1360/1415/1337
f 1284/1368/1338 1283/1366/1338 1333/1414/1338 1334/1416/1338
f 1311/1369/1339 1310/1367/1339 1360/1415/1339 1361/1417/1339
f 1285/1370/1340 1284/1368/1340 1334/1416/1340 1335/1418/1340
f 1312/1371/1341 1311/1369/1341 1361/1417/1341 1362/1419/1341
f 1286/1372/1342 1285/1370/1342 1335/1418/1342 1336/1420/1342
f 1313/1373/1343 1312/1371/1343 1362/1419/1343 1363/1421/1343
f 1287/1374/1344 1286/1372/1344 1336/1420/1344 1337/1422/1344
f 1314/1375/1345 1313/1373/1345 1363/1421/1345 1364/1423/1345
f 1288/1376/1346 1287/1374/1346 1337/1422/1346 1338/1424/1346
f 1315/1377/1347 1314/1375/1347 1364/1423/1347 1365/1425/1347
f 1289/1378/1348 1288/1376/1348 1338/1424/1348 1339/1426/1348
f 1316/1379/1349 1315/1377/1349 1365/1425/1349 1366/1427/1349
f 1290/1380/1350 1289/1378/1350 1339/1426/1350 1340/1428/1350
f 1317/1381/1351 1316/1379/1351 1366/1427/1351 1367/1429/1351
f 1291/1382/1352 1290/1380/1352 1340/1428/1352 1341/1430/1352
f 1418/1431/1353 1317/1381/1353 1367/1429/1353
f 1292/1384/1354 1291/1382/1354 1341/1430/1354 1342/1432/1354
f 1293/1385/1355 1292/1384/1355 1342/1432/1355 1343/1433/1355
f 1294/1386/1356 1293/1385/1356 1343/1433/1356 1344/1434/1356
f 1268/1388/1357 1469/1435/1357 1318/1436/1357
f 1295/1389/1358 1294/1386/1358 1344/1434/1358 1345/1437/1358
f 1269/1390/1359 1268/1388/1359 1318/1436/1359 1319/1438/1359
f 1296/1391/1360 1295/1389/1360 1345/1437/1360 1346/1439/1360
f 1270/1392/1361 1269/1390/1361 1319/1438/1361 1320/1440/1361
f 1297/1393/1362 1296/1391/1362 1346/1439/1362 1347/1441/1362
f 1271/1394/1363 1270/1392/1363 1320/1440/1363 1321/1442/1363
f 1298/1395/1364 1297/1393/1364 1347/1441/1364 1348/1443/1364
f 1272/1396/1365 1271/1394/1365 1321/1442/1365 1322/1444/1365
f 1299/1397/1366 1298/1395/1366 1348/1443/1366 1349/1445/1366
f 1273/1398/1367 1272/1396/1367 1322/1444/1367 1323/1446/1367
f 1300/1399/1368 1299/1397/1368 1349/1445/1368 1350/1447/1368
f 1274/1400/1369 1273/1398/1369 1323/1446/1369 1324/1448/1369
f 1301/1401/1370 1300/1399/1370 1350/1447/1370 1351/1449/1370
f 1275/1402/1371 1274/1400/1371 1324/1448/1371 1325/1450/1371
f 1302/1351/1372 1301/1401/1372 1351/1449/1372 1352/1451/1372
f 1276/1353/1373 1275/1402/1373 1325/1450/1373 1326/1452/1373
f 1303/1352/1374 1302/1351/1374 1352/1451/1374 1353/1453/1374
f 1277/1354/1375 1276/1353/1375 1326/1452/1375 1327/1454/1375
f 1304/1355/1376 1303/1352/1376 1353/1453/1376 1354/1403/1376
f 1278/1356/1377 1277/1354/1377 1327/1454/1377 1328/1405/1377
f 1357/1409/1378 1356/1407/1378 1406/1455/1378 1407/1456/1378
f 1331/1410/1379 1330/1408/1379 1380/1457/1379 1381/1458/1379
f 1358/1411/1380 1357/1409/1380 1407/1456/1380 1408/1459/1380
f 1332/1412/1381 1331/1410/1381 1381/1458/1381 1382/1460/1381
f 1359/1413/1382 1358/1411/1382 1408/1459/1382 1409/1461/1382
f 1333/1414/1383 1332/1412/1383 1382/1460/1383 1383/1462/1383
f 1360/1415/1384 1359/1413/1384 1409/1461/1384 1410/1463/1384
f 1334/1416/1385 1333/1414/1385 1383/1462/1385 1384/1464/1385
f 1361/1417/1386 1360/1415/1386 1410/1463/1386 1411/1465/1386
f 1335/1418/1387 1334/1416/1387 1384/1464/1387 1385/1466/1387
f 1362/1419/1388 1361/1417/1388 1411/1465/1388 1412/1467/1388
f 1336/1420/1389 1335/1418/1389 1385/1466/1389 1386/1468/1389
f 1363/1421/1390 1362/1419/1390 1412/1467/1390 1413/1469/1390
f 1337/1422/1391 1336/1420/1391 1386/1468/1391 1387/1470/1391
f 1364/1423/1392 1363/1421/1392 1413/1469/1392 1414/1471/1392
f 1338/1424/1393 1337/1422/1393 1387/1470/1393 1388/1472/1393
f 1365/1425/1394 1364/1423/1394 1414/1471/1394 1415/1473/1394
f 1339/1426/1395 1338/1424/1395 1388/1472/1395 1389/1474/1395
f 1366/1427/1396 1365/1425/1396 1415/1473/1396 1416/1475/1396
f 1340/1428/1397 1339/1426/1397 1389/1474/1397 1390/1476/1397
f 1367/1429/1398 1366/1427/1398 1416/1475/1398 1417/1477/1398
f 1341/1430/1399 1340/1428/1399 1390/1476/1399 1391/1478/1399
f 1418/1479/1400 1367/1429/1400 1417/1477/1400
f 1342/1432/1401 1341/1430/1401 1391/1478/1401 1392/1480/1401
f 1343/1433/1402 1342/1432/1402 1392/1480/1402 1393/1481/1402
f 1344/1434/1403 1343/1433/1403 1393/1481/1403 1394/1482/1403
f 1318/1436/1404 1469/1483/1404 1368/1484/1404
f 1345/1437/1405 1344/1434/1405 1394/1482/1405 1395/1485/1405
f 1319/1438/1406 1318/1436/1406 1368/1484/1406 1369/1486/1406
f 1346/1439/1407 1345/1437/1407 1395/1485/1407 1396/1487/1407
f 1320/1440/1408 1319/1438/1408 1369/1486/1408 1370/1488/1408
f 1347/1441/1409 1346/1439/1409 1396/1487/1409 1397/1489/1409
f 1321/1442/1410 1320/1440/1410 1370/1488/1410 1371/1490/1410
f 1348/1443/1411 1347/1441/1411 1397/1489/1411 1398/1491/1411
f 1322/1444/1412 1321/1442/1412 1371/1490/1412 1372/1492/1412
f 1349/1445/1413 1348/1443/1413 1398/1491/1413 1399/1493/1413
f 1323/1446/1414 1322/1444/1414 1372/1492/1414 1373/1494/1414
f 1350/1447/1415 1349/1445/1415 1399/1493/1415 1400/1495/1415
f 1324/1448/1416 1323/1446/1416 1373/1494/1416 1374/1496/1416
f 1351/1449/1417 1350/1447/1417 1400/1495/1417 1401/1497/1417
f 1325/1450/1418 1324/1448/1418 1374/1496/1418 1375/1498/1418
f 1352/1451/1419 1351/1449/1419 1401/1497/1419 1402/1499/1419
f 1326/1452/1420 1325/1450/1420 1375/1498/1420 1376/1500/1420
f 1353/1453/1421 1352/1451/1421 1402/1499/1421 1403/1501/1421
f 1327/1454/1422 1326/1452/1422 1376/1500/1422 1377/1502/1422
f 1354/1403/1423 1353/1453/1423 1403/1501/1423 1404/1503/1423
f 1328/1405/1424 1327/1454/1424 1377/1502/1424 1378/1504/1424
f 1355/1404/1425 1354/1403/1425 1404/1503/1425 1405/1505/1425
f 1329/1406/1426 1328/1405/1426 1378/1504/1426 1379/1506/1426
f 1356/1407/1427 1355/1404/1427 1405/1505/1427 1406/1455/1427
f 1330/1408/1428 1329/1406/1428 1379/1506/1428 1380/1457/1428
f 1409/1461/1429 1408/1459/1429 1459/1507/1429 1460/1508/1429
f 1383/1462/1430 1382/1460/1430 1433/1509/1430 1434/1510/1430
f 1410/1463/1431 1409/1461/1431 1460/1508/1431 1461/1511/1431
f 1384/1464/1432 1383/1462/1432 1434/1510/1432 1435/1512/1432
f 1411/1465/1433 1410/1463/1433 1461/1511/1433 1462/1513/1433
f 1385/1466/1434 1384/1464/1434 1435/1512/1434 1436/1514/1434
f 1412/1467/1435 1411/1465/1435 1462/1513/1435 1463/1515/1435
f 1386/1468/1436 1385/1466/1436 1436/1514/1436 1437/1516/1436
f 1413/1469/1437 1412/1467/1437 1463/1515/1437 1464/1517/1437
f 1387/1470/1438 1386/1468/1438 1437/1516/1438 1438/1518/1438
f 1414/1471/1439 1413/1469/1439 1464/1517/1439 1465/1519/1439
f 1388/1472/1440 1387/1470/1440 1438/1518/1440 1439/1520/1440
f 1415/1473/1441 1414/1471/1441 1465/1519/1441 1466/1521/1441
f 1389/1474/1442 1388/1472/1442 1439/1520/1442 1440/1522/1442
f 1416/1475/1443 1415/1473/1443 1466/1521/1443 1467/1523/1443
f 1390/1476/1444 1389/1474/1444 1440/1522/1444 1441/1524/1444
f 1417/1477/1445 1416/1475/1445 1467/1523/1445 1468/1525/1445
f 1391/1478/1446 1390/1476/1446 1441/1524/1446 1442/1526/1446
f 1418/1527/1447 1417/1477/1447 1468/1525/1447
f 1392/1480/1448 1391/1478/1448 1442/1526/1448 1443/1528/1448
f 1393/1481/1449 1392/1480/1449 1443/1528/1449 1444/1529/1449
f 1394/1482/1450 1393/1481/1450 1444/1529/1450 1445/1530/1450
f 1368/1484/1451 1469/1531/1451 1419/1532/1451
f 1395/1485/1452 1394/1482/1452 1445/1530/1452 1446/1533/1452
f 1369/1486/1453 1368/1484/1453 1419/1532/1453 1420/1534/1453
f 1396/1487/1454 1395/1485/1454 1446/1533/1454 1447/1535/1454
f 1370/1488/1455 1369/1486/1455 1420/1534/1455 1421/1536/1455
f 1397/1489/1456 1396/1487/1456 1447/1535/1456 1448/1537/1456
f 1371/1490/1457 1370/1488/1457 1421/1536/1457 1422/1538/1457
f 1398/1491/1458 1397/1489/1458 1448/1537/1458 1449/1539/1458
f 1372/1492/1459 1371/1490/1459 1422/1538/1459 1423/1540/1459
f 1399/1493/1460 1398/1491/1460 1449/1539/1460 1450/1541/1460
f 1373/1494/1461 1372/1492/1461 1423/1540/1461 1424/1542/1461
f 1400/1495/1462 1399/1493/1462 1450/1541/1462 1451/1543/1462
f 1374/1496/1463 1373/1494/1463 1424/1542/1463 1425/1544/1463
f 1401/1497/1464 1400/1495/1464 1451/1543/1464 1452/1545/1464
f 1375/1498/1465 1374/1496/1465 1425/1544/1465 1426/1546/1465
f 1402/1499/1466 1401/1497/1466 1452/1545/1466 1453/1547/1466
f 1376/1500/1467 1375/1498/1467 1426/1546/1467 1427/1548/1467
f 1403/1501/1468 1402/1499/1468 1453/1547/1468 1454/1549/1468
f 1377/1502/1469 1376/1500/1469 1427/1548/1469 1428/1550/1469
f 1404/1503/1470 1403/1501/1470 1454/1549/1470 1455/1551/1470
f 1378/1504/1471 1377/1502/1471 1428/1550/1471 1429/1552/1471
f 1405/1505/1472 1404/1503/1472 1455/1551/1472 1456/1553/1472
f 1379/1506/1473 1378/1504/1473 1429/1552/1473 1430/1554/1473
f 1406/1455/1474 1405/1505/1474 1456/1553/1474 1457/1555/1474
f 1380/1457/1475 1379/1506/1475 1430/1554/1475 1431/1556/1475
f 1407/1456/1476 1406/1455/1476 1457/1555/1476 1458/1557/1476
f 1381/1458/1477 1380/1457/1477 1431/1556/1477 1432/1558/1477
f 1408/1459/1478 1407/1456/1478 1458/1557/1478 1459/1507/1478
f 1382/1460/1479 1381/1458/1479 1432/1558/1479 1433/1509/1479
f 1435/1512/1480 1434/1510/1480 1485/1559/1480 1486/1560/1480
f 1462/1513/1481 1461/1511/1481 1512/1561/1481 1513/1562/1481
f 1436/1514/1482 1435/1512/1482 1486/1560/1482 1487/1563/1482
f 1463/1515/1483 1462/1513/1483 1513/1562/1483 1514/1564/1483
f 1437/1516/1484 1436/1514/1484 1487/1563/1484 1488/1565/1484
f 1464/1517/1485 1463/1515/1485 1514/1564/1485 1515/1566/1485
f 1438/1518/1486 1437/1516/1486 1488/1565/1486 1489/1567/1486
f 1465/1519/1487 1464/1517/1487 1515/1566/1487 1516/1568/1487
f 1439/1520/1488 1438/1518/1488 1489/1567/1488 1490/1569/1488
f 1466/1521/1489 1465/1519/1489 1516/1568/1489 1517/1570/1489
f 1440/1522/1490 1439/1520/1490 1490/1569/1490 1491/1571/1490
f 1467/1523/1491 1466/1521/1491 1517/1570/1491 1518/1572/1491
f 1441/1524/1492 1440/1522/1492 1491/1571/1492 1492/1573/1492
f 1468/1525/1493 1467/1523/1493 1518/1572/1493 1519/1574/1493
f 1442/1526/1494 1441/1524/1494 1492/1573/1494 1493/1575/1494
f 1418/1576/1495 1468/1525/1495 1519/1574/1495
f 1443/1528/1496 1442/1526/1496 1493/1575/1496 1494/1577/1496
f 1444/1529/1497 1443/1528/1497 1494/1577/1497 1495/1578/1497
f 1445/1530/1498 1444/1529/1498 1495/1578/1498 1496/1579/1498
f 1419/1532/1499 1469/1580/1499 1470/1581/1499
f 1446/1533/1500 1445/1530/1500 1496/1579/1500 1497/1582/1500
f 1420/1534/1501 1419/1532/1501 1470/1581/1501 1471/1583/1501
f 1447/1535/1502 1446/1533/1502 1497/1582/1502 1498/1584/1502
f 1421/1536/1503 1420/1534/1503 1471/1583/1503 1472/1585/1503
f 1448/1537/1504 1447/1535/1504 1498/1584/1504 1499/1586/1504
f 1422/1538/1505 1421/1536/1505 1472/1585/1505 1473/1587/1505
f 1449/1539/1506 1448/1537/1506 1499/1586/1506 1500/1588/1506
f 1423/1540/1507 1422/1538/1507 1473/1587/1507 1474/1589/1507
f 1450/1541/1508 1449/1539/1508 1500/1588/1508 1501/1590/1508
f 1424/1542/1509 1423/1540/1509 1474/1589/1509 1475/1591/1509
f 1451/1543/1510 1450/1541/1510 1501/1590/1510 1502/1592/1510
f 1425/1544/1511 1424/1542/1511 1475/1591/1511 1476/1593/1511
f 1452/1545/1512 1451/1543/1512 1502/1592/1512 1503/1594/1512
f 1426/1546/1513 1425/1544/1513 1476/1593/1513 1477/1595/1513
f 1453/1547/1514 1452/1545/1514 1503/1594/1514 1504/1596/1514
f 1427/1548/1515 1426/1546/1515 1477/1595/1515 1478/1597/1515
f 1454/1549/1516 1453/1547/1516 1504/1596/1516 1505/1598/1516
f 1428/1550/1517 1427/1548/1517 1478/1597/1517 1479/1599/1517
f 1455/1551/1518 1454/1549/1518 1505/1598/1518 1506/1600/1518
f 1429/1552/1519 1428/1550/1519 1479/1599/1519 1480/1601/1519
f 1456/1553/1520 1455/1551/1520 1506/1600/1520 1507/1602/1520
f 1430/1554/1521 1429/1552/1521 1480/1601/1521 1481/1603/1521
f 1457/1555/1522 1456/1553/1522 1507/1602/1522 1508/1604/1522
f 1431/1556/1523 1430/1554/1523 1481/1603/1523 1482/1605/1523
f 1458/1557/1524 1457/1555/1524 1508/1604/1524 1509/1606/1524
f 1432/1558/1525 1431/1556/1525 1482/1605/1525 1483/1607/1525
f 1459/1507/1526 1458/1557/1526 1509/1606/1526 1510/1608/1526
f 1433/1509/1527 1432/1558/1527 1483/1607/1527 1484/1609/1527
f 1460/1508/1528 1459/1507/1528 1510/1608/1528 1511/1610/1528
f 1434/1510/1529 1433/1509/1529 1484/1609/1529 1485/1559/1529
f 1461/1511/1530 1460/1508/1530 1511/1610/1530 1512/1561/1530
f 1514/1564/1531 1513/1562/1531 1563/1611/1531 1564/1612/1531
f 1488/1565/1532 1487/1563/1532 1537/1613/1532 1538/1614/1532
f 1515/1566/1533 1514/1564/1533 1564/1612/1533 1565/1615/1533
f 1489/1567/1534 1488/1565/1534 1538/1614/1534 1539/1616/1534
f 1516/1568/1535 1515/1566/1535 1565/1615/1535 1566/1617/1535
f 1490/1569/1536 1489/1567/1536 1539/1616/1536 1540/1618/1536
f 1517/1570/1537 1516/1568/1537 1566/1617/1537 1567/1619/1537
f 1491/1571/1538 1490/1569/1538 1540/1618/1538 1541/1620/1538
f 1518/1572/1539 1517/1570/1539 1567/1619/1539 1568/1621/1539
f 1492/1573/1540 1491/1571/1540 1541/1620/1540 1542/1622/1540
f 1519/1574/1541 1518/1572/1541 1568/1621/1541 1569/1623/1541
f 1493/1575/1542 1492/1573/1542 1542/1622/1542 1543/1624/1542
f 1418/1625/1543 1519/1574/1543 1569/1623/1543
f 1494/1577/1544 1493/1575/1544 1543/1624/1544 1544/1626/1544
f 1495/1578/1545 1494/1577/1545 1544/1626/1545 1545/1627/1545
f 1496/1579/1546 1495/1578/1546 1545/1627/1546 1546/1628/1546
f 1470/1581/1547 1469/1629/1547 1520/1630/1547
f 1497/1582/1548 1496/1579/1548 1546/1628/1548 1547/1631/1548
f 1471/1583/1549 1470/1581/1549 1520/1630/1549 1521/1632/1549
f 1498/1584/1550 1497/1582/1550 1547/1631/1550 1548/1633/1550
f 1472/1585/1551 1471/1583/1551 1521/1632/1551 1522/1634/1551
f 1499/1586/1552 1498/1584/1552 1548/1633/1552 1549/1635/1552
f 1473/1587/1553 1472/1585/1553 1522/1634/1553 1523/1636/1553
f 1500/1588/1554 1499/1586/1554 1549/1635/1554 1550/1637/1554
f 1474/1589/1555 1473/1587/1555 1523/1636/1555 1524/1638/1555
f 1501/1590/1556 1500/1588/1556 1550/1637/1556 1551/1639/1556
f 1475/1591/1557 1474/1589/1557 1524/1638/1557 1525/1640/1557
f 1502/1592/1558 1501/1590/1558 1551/1639/1558 1552/1641/1558
f 1476/1593/1559 1475/1591/1559 1525/1640/1559 1526/1642/1559
f 1503/1594/1560 1502/1592/1560 1552/1641/1560 1553/1643/1560
f 1477/1595/1561 1476/1593/1561 1526/1642/1561 1527/1644/1561
f 1504/1596/1562 1503/1594/1562 1553/1643/1562 1554/1645/1562
f 1478/1597/1563 1477/1595/1563 1527/1644/1563 1528/1646/1563
f 1505/1598/1564 1504/1596/1564 1554/1645/1564 1555/1647/1564
f 1479/1599/1565 1478/1597/1565 1528/1646/1565 1529/1648/1565
f 1506/1600/1566 1505/1598/1566 1555/1647/1566 1556/1649/1566
f 1480/1601/1567 1479/1599/1567 1529/1648/1567 1530/1650/1567
f 1507/1602/1568 1506/1600/1568 1556/1649/1568 1557/1651/1568
f 1481/1603/1569 1480/1601/1569 1530/1650/1569 1531/1652/1569
f 1508/1604/1570 1507/1602/1570 1557/1651/1570 1558/1653/1570
f 1482/1605/1571 1481/1603/1571 1531/1652/1571 1532/1654/1571
f 1509/1606/1572 1508/1604/1572 1558/1653/1572 1559/1655/1572
f 1483/1607/1573 1482/1605/1573 1532/1654/1573 1533/1656/1573
f 1510/1608/1574 1509/1606/1574 1559/1655/1574 1560/1657/1574
f 1484/1609/1575 1483/1607/1575 1533/1656/1575 1534/1658/1575
f 1511/1610/1576 1510/1608/1576 1560/1657/1576 1561/1659/1576
f 1485/1559/1577 1484/1609/1577 1534/1658/1577 1535/1660/1577
f 1512/1561/1578 1511/1610/1578 1561/1659/1578 1562/1661/1578
f 1486/1560/1579 1485/1559/1579 1535/1660/1579 1536/1662/1579
f 1513/1562/1580 1512/1561/1580 1562/1661/1580 1563/1611/1580
f 1487/1563/1581 1486/1560/1581 1536/1662/1581 1537/1613/1581
f 1566/1617/1582 1565/1615/1582 1615/1663/1582 1616/1664/1582
f 1540/1618/1583 1539/1616/1583 1589/1665/1583 1590/1666/1583
f 1567/1619/1584 1566/1617/1584 1616/1664/1584 1617/1667/1584
f 1541/1620/1585 1540/1618/1585 1590/1666/1585 1591/1668/1585
f 1568/1621/1586 1567/1619/1586 1617/1667/1586 1618/1669/1586
f 1542/1622/1587 1541/1620/1587 1591/1668/1587 1592/1670/1587
f 1569/1623/1588 1568/1621/1588 1618/1669/1588 1619/1671/1588
f 1543/1624/1589 1542/1622/1589 1592/1670/1589 1593/1672/1589
f 1418/1673/1590 1569/1623/1590 1619/1671/1590
f 1544/1626/1591 1543/1624/1591 1593/1672/1591 1594/1674/1591
f 1545/1627/1592 1544/1626/1592 1594/1674/1592 1595/1675/1592
f 1546/1628/1593 1545/1627/1593 1595/1675/1593 1596/1676/1593
f 1520/1630/1594 1469/1677/1594 1570/1678/1594
f 1547/1631/1595 1546/1628/1595 1596/1676/1595 1597/1679/1595
f 1521/1632/1596 1520/1630/1596 1570/1678/1596 1571/1680/1596
f 1548/1633/1597 1547/1631/1597 1597/1679/1597 1598/1681/1597
f 1522/1634/1598 1521/1632/1598 1571/1680/1598 1572/1682/1598
f 1549/1635/1599 1548/1633/1599 1598/1681/1599 1599/1683/1599
f 1523/1636/1600 1522/1634/1600 1572/1682/1600 1573/1684/1600
f 1550/1637/1601 1549/1635/1601 1599/1683/1601 1600/1685/1601
f 1524/1638/1602 1523/1636/1602 1573/1684/1602 1574/1686/1602
f 1551/1639/1603 1550/1637/1603 1600/1685/1603 1601/1687/1603
f 1525/1640/1604 1524/1638/1604 1574/1686/1604 1575/1688/1604
f 1552/1641/1605 1551/1639/1605 1601/1687/1605 1602/1689/1605
f 1526/1642/1606 1525/1640/1606 1575/1688/1606 1576/1690/1606
f 1553/1643/1607 1552/1641/1607 1602/1689/1607 1603/1691/1607
f 1527/1644/1608 1526/1642/1608 1576/1690/1608 1577/1692/1608
f 1554/1645/1609 1553/1643/1609 1603/1691/1609 1604/1693/1609
f 1528/1646/1610 1527/1644/1610 1577/1692/1610 1578/1694/1610
f 1555/1647/1611 1554/1645/1611 1604/1693/1611 1605/1695/1611
f 1529/1648/1612 1528/1646/1612 1578/1694/1612 1579/1696/1612
f 1556/1649/1613 1555/1647/1613 1605/1695/1613 1606/1697/1613
f 1530/1650/1614 1529/1648/1614 1579/1696/1614 1580/1698/1614
f 1557/1651/1615 1556/1649/1615 1606/1697/1615 1607/1699/1615
f 1531/1652/1616 1530/1650/1616 1580/1698/1616 1581/1700/1616
f 1558/1653/1617 1557/1651/1617 1607/1699/1617 1608/1701/1617
f 1532/1654/1618 1531/1652/1618 1581/1700/1618 1582/1702/1618
f 1559/1655/1619 1558/1653/1619 1608/1701/1619 1609/1703/1619
f 1533/1656/1620 1532/1654/1620 1582/1702/1620 1583/1704/1620
f 1560/1657/1621 1559/1655/1621 1609/1703/1621 1610/1705/1621
f 1534/1658/1622 1533/1656/1622 1583/1704/1622 1584/1706/1622
f 1561/1659/1623 1560/1657/1623 1610/1705/1623 1611/1707/1623
f 1535/1660/1624 1534/1658/1624 1584/1706/1624 1585/1708/1624
f 1562/1661/1625 1561/1659/1625 1611/1707/1625 1612/1709/1625
f 1536/1662/1626 1535/1660/1626 1585/1708/1626 1586/1710/1626
f 1563/1611/1627 1562/1661/1627 1612/1709/1627 1613/1711/1627
f 1537/1613/1628 1536/1662/1628 1586/1710/1628 1587/1712/1628
f 1564/1612/1629 1563/1611/1629 1613/1711/1629 1614/1713/1629
f 1538/1614/1630 1537/1613/1630 1587/1712/1630 1588/1714/1630
f 1565/1615/1631 1564/1612/1631 1614/1713/1631 1615/1663/1631
f 1539/1616/1632 1538/1614/1632 1588/1714/1632 1589/1665/1632
f 1608/1701/1633 1607/1699/1633 1657/1715/1633 1658/1716/1633
f 1592/1670/1634 1591/1668/1634 1641/1717/1634 1642/1718/1634
f 1609/1703/1635 1608/1701/1635 1658/1716/1635 1659/1719/1635
f 1593/1672/1636 1592/1670/1636 1642/1718/1636 1643/1720/1636
f 1610/1705/1637 1609/1703/1637 1659/1719/1637 1660/1721/1637
f 1594/1674/1638 1593/1672/1638 1643/1720/1638 1644/1722/1638
f 1611/1707/1639 1610/1705/1639 1660/1721/1639 1661/1723/1639
f 1595/1675/1640 1594/1674/1640 1644/1722/1640 1645/1724/1640
f 1612/1709/1641 1611/1707/1641 1661/1723/1641 1662/1725/1641
f 1596/1676/1642 1595/1675/1642 1645/1724/1642 1646/1726/1642
f 1570/1678/1643 1469/1727/1643 1620/1728/1643
f 1613/1711/1644 1612/1709/1644 1662/1725/1644 1663/1729/1644
f 1597/1679/1645 1596/1676/1645 1646/1726/1645 1647/1730/1645
f 1571/1680/1646 1570/1678/1646 1620/1728/1646 1621/1731/1646
f 1614/1713/1647 1613/1711/1647 1663/1729/1647 1664/1732/1647
f 1598/1681/1648 1597/1679/1648 1647/1730/1648 1648/1733/1648
f 1572/1682/1649 1571/1680/1649 1621/1731/1649 1622/1734/1649
f 1615/1663/1650 1614/1713/1650 1664/1732/1650 1665/1735/1650
f 1599/1683/1651 1598/1681/1651 1648/1733/1651 1649/1736/1651
f 1573/1684/1652 1572/1682/1652 1622/1734/1652 1623/1737/1652
f 1616/1664/1653 1615/1663/1653 1665/1735/1653 1666/1738/1653
f 1600/1685/1654 1599/1683/1654 1649/1736/1654 1650/1739/1654
f 1574/1686/1655 1573/1684/1655 1623/1737/1655 1624/1740/1655
f 1617/1667/1656 1616/1664/1656 1666/1738/1656 1667/1741/1656
f 1601/1687/1657 1600/1685/1657 1650/1739/1657 1651/1742/1657
f 1575/1688/1658 1574/1686/1658 1624/1740/1658 1625/1743/1658
f 1618/1669/1659 1617/1667/1659 1667/1741/1659 1668/1744/1659
f 1576/1690/1660 1575/1688/1660 1625/1743/1660 1626/1745/1660
f 1619/1671/1661 1618/1669/1661 1668/1744/1661 1669/1746/1661
f 1577/1692/1662 1576/1690/1662 1626/1745/1662 1627/1747/1662
f 1418/1748/1663 1619/1671/1663 1669/1746/1663
f 1578/1694/1664 1577/1692/1664 1627/1747/1664 1628/1749/1664
f 1579/1696/1665 1578/1694/1665 1628/1749/1665 1629/1750/1665
f 1580/1698/1666 1579/1696/1666 1629/1750/1666 1630/1751/1666
f 1581/1700/1667 1580/1698/1667 1630/1751/1667 1631/1752/1667
f 1582/1702/1668 1581/1700/1668 1631/1752/1668 1632/1753/1668
f 1583/1704/1669 1582/1702/1669 1632/1753/1669 1633/1754/1669
f 1584/1706/1670 1583/1704/1670 1633/1754/1670 1634/1755/1670
f 1585/1708/1671 1584/1706/1671 1634/1755/1671 1635/1756/1671
f 1602/1689/1672 1601/1687/1672 1651/1742/1672 1652/1757/1672
f 1586/1710/1673 1585/1708/1673 1635/1756/1673 1636/1758/1673
f 1603/1691/1674 1602/1689/1674 1652/1757/1674 1653/1759/1674
f 1587/1712/1675 1586/1710/1675 1636/1758/1675 1637/1760/1675
f 1604/1693/1676 1603/1691/1676 1653/1759/1676 1654/1761/1676
f 1588/1714/1677 1587/1712/1677 1637/1760/1677 1638/1762/1677
f 1605/1695/1678 1604/1693/1678 1654/1761/1678 1655/1763/1678
f 1589/1665/1679 1588/1714/1679 1638/1762/1679 1639/1764/1679
f 1606/1697/1680 1605/1695/1680 1655/1763/1680 1656/1765/1680
f 1590/1666/1681 1589/1665/1681 1639/1764/1681 1640/1766/1681
f 1607/1699/1682 1606/1697/1682 1656/1765/1682 1657/1715/1682
f 1591/1668/1683 1590/1666/1683 1640/1766/1683 1641/1717/1683
f 1660/1721/1684 1659/1719/1684 1709/1767/1684 1710/1768/1684
f 1634/1755/1685 1633/1754/1685 1683/1769/1685 1684/1770/1685
f 1661/1723/1686 1660/1721/1686 1710/1768/1686 1711/1771/1686
f 1635/1756/1687 1634/1755/1687 1684/1770/1687 1685/1772/1687
f 1662/1725/1688 1661/1723/1688 1711/1771/1688 1712/1773/1688
f 1636/1758/1689 1635/1756/1689 1685/1772/1689 1686/1774/1689
f 1663/1729/1690 1662/1725/1690 1712/1773/1690 1713/1775/1690
f 1637/1760/1691 1636/1758/1691 1686/1774/1691 1687/1776/1691
f 1664/1732/1692 1663/1729/1692 1713/1775/1692 1714/1777/1692
f 1638/1762/1693 1637/1760/1693 1687/1776/1693 1688/1778/1693
f 1665/1735/1694 1664/1732/1694 1714/1777/1694 1715/1779/1694
f 1639/1764/1695 1638/1762/1695 1688/1778/1695 1689/1780/1695
f 1666/1738/1696 1665/1735/1696 1715/1779/1696 1716/1781/1696
f 1640/1766/1697 1639/1764/1697 1689/1780/1697 1690/1782/1697
f 1667/1741/1698 1666/1738/1698 1716/1781/1698 1717/1783/1698
f 1641/1717/1699 1640/1766/1699 1690/1782/1699 1691/1784/1699
f 1668/1744/1700 1667/1741/1700 1717/1783/1700 1718/1785/1700
f 1642/1718/1701 1641/1717/1701 1691/1784/1701 1692/1786/1701
f 1669/1746/1702 1668/1744/1702 1718/1785/1702 1719/1787/1702
f 1643/1720/1703 1642/1718/1703 1692/1786/1703 1693/1788/1703
f 1418/1789/1704 1669/1746/1704 1719/1787/1704
f 1644/1722/1705 1643/1720/1705 1693/1788/1705 1694/1790/1705
f 1645/1724/1706 1644/1722/1706 1694/1790/1706 1695/1791/1706
f 1646/1726/1707 1645/1724/1707 1695/1791/1707 1696/1792/1707
f 1620/1728/1708 1469/1793/1708 1670/1794/1708
f 1647/1730/1709 1646/1726/1709 1696/1792/1709 1697/1795/1709
f 1621/1731/1710 1620/1728/1710 1670/1794/1710 1671/1796/1710
f 1648/1733/1711 1647/1730/1711 1697/1795/1711 1698/1797/1711
f 1622/1734/1712 1621/1731/1712 1671/1796/1712 1672/1798/1712
f 1649/1736/1713 1648/1733/1713 1698/1797/1713 1699/1799/1713
f 1623/1737/1714 1622/1734/1714 1672/1798/1714 1673/1800/1714
f 1650/1739/1715 1649/1736/1715 1699/1799/1715 1700/1801/1715
f 1624/1740/1716 1623/1737/1716 1673/1800/1716 1674/1802/1716
f 1651/1742/1717 1650/1739/1717 1700/1801/1717 1701/1803/1717
f 1625/1743/1718 1624/1740/1718 1674/1802/1718 1675/1804/1718
f 1652/1757/1719 1651/1742/1719 1701/1803/1719 1702/1805/1719
f 1626/1745/1720 1625/1743/1720 1675/1804/1720 1676/1806/1720
f 1653/1759/1721 1652/1757/1721 1702/1805/1721 1703/1807/1721
f 1627/1747/1722 1626/1745/1722 1676/1806/1722 1677/1808/1722
f 1654/1761/1723 1653/1759/1723 1703/1807/1723 1704/1809/1723
f 1628/1749/1724 1627/1747/1724 1677/1808/1724 1678/1810/1724
f 1655/1763/1725 1654/1761/1725 1704/1809/1725 1705/1811/1725
f 1629/1750/1726 1628/1749/1726 1678/1810/1726 1679/1812/1726
f 1656/1765/1727 1655/1763/1727 1705/1811/1727 1706/1813/1727
f 1630/1751/1728 1629/1750/1728 1679/1812/1728 1680/1814/1728
f 1657/1715/1729 1656/1765/1729 1706/1813/1729 1707/1815/1729
f 1631/1752/1730 1630/1751/1730 1680/1814/1730 1681/1816/1730
f 1658/1716/1731 1657/1715/1731 1707/1815/1731 1708/1817/1731
f 1632/1753/1732 1631/1752/1732 1681/1816/1732 1682/1818/1732
f 1659/1719/1733 1658/1716/1733 1708/1817/1733 1709/1767/1733
f 1633/1754/1734 1632/1753/1734 1682/1818/1734 1683/1769/1734
f 1712/1773/1735 1711/1771/1735 1761/1819/1735 1762/1820/1735
f 1686/1774/1736 1685/1772/1736 1735/1821/1736 1736/1822/1736
f 1713/1775/1737 1712/1773/1737 1762/1820/1737 1763/1823/1737
f 1687/1776/1738 1686/1774/1738 1736/1822/1738 1737/1824/1738
f 1714/1777/1739 1713/1775/1739 1763/1823/1739 1764/1825/1739
f 1688/1778/1740 1687/1776/1740 1737/1824/1740 1738/1826/1740
f 1715/1779/1741 1714/1777/1741 1764/1825/1741 1765/1827/1741
f 1689/1780/1742 1688/1778/1742 1738/1826/1742 1739/1828/1742
f 1716/1781/1743 1715/1779/1743 1765/1827/1743 1766/1829/1743
f 1690/1782/1744 1689/1780/1744 1739/1828/1744 1740/1830/1744
f 1717/1783/1745 1716/1781/1745 1766/1829/1745 1767/1831/1745
f 1691/1784/1746 1690/1782/1746 1740/1830/1746 1741/1832/1746
f 1718/1785/1747 1717/1783/1747 1767/1831/1747 1768/1833/1747
f 1692/1786/1748 1691/1784/1748 1741/1832/1748 1742/1834/1748
f 1719/1787/1749 1718/1785/1749 1768/1833/1749 1769/1835/1749
f 1693/1788/1750 1692/1786/1750 1742/1834/1750 1743/1836/1750
f 1418/1837/1751 1719/1787/1751 1769/1835/1751
f 1694/1790/1752 1693/1788/1752 1743/1836/1752 1744/1838/1752
f 1695/1791/1753 1694/1790/1753 1744/1838/1753 1745/1839/1753
f 1696/1792/1754 1695/1791/1754 1745/1839/1754 1746/1840/1754
f 1670/1794/1755 1469/1841/1755 1720/1842/1755
f 1697/1795/1756 1696/1792/1756 1746/1840/1756 1747/1843/1756
f 1671/1796/1757 1670/1794/1757 1720/1842/1757 1721/1844/1757
f 1698/1797/1758 1697/1795/1758 1747/1843/1758 1748/1845/1758
f 1672/1798/1759 1671/1796/1759 1721/1844/1759 1722/1846/1759
f 1699/1799/1760 1698/1797/1760 1748/1845/1760 1749/1847/1760
f 1673/1800/1761 1672/1798/1761 1722/1846/1761 1723/1848/1761
f 1700/1801/1762 1699/1799/1762 1749/1847/1762 1750/1849/1762
f 1674/1802/1763 1673/1800/1763 1723/1848/1763 1724/1850/1763
f 1701/1803/1764 1700/1801/1764 1750/1849/1764 1751/1851/1764
f 1675/1804/1765 1674/1802/1765 1724/1850/1765 1725/1852/1765
f 1702/1805/1766 1701/1803/1766 1751/1851/1766 1752/1853/1766
f 1676/1806/1767 1675/1804/1767 1725/1852/1767 1726/1854/1767
f 1703/1807/1768 1702/1805/1768 1752/1853/1768 1753/1855/1768
f 1677/1808/1769 1676/1806/1769 1726/1854/1769 1727/1856/1769
f 1704/1809/1770 1703/1807/1770 1753/1855/1770 1754/1857/1770
f 1678/1810/1771 1677/1808/1771 1727/1856/1771 1728/1858/1771
f 1705/1811/1772 1704/1809/1772 1754/1857/1772 1755/1859/1772
f 1679/1812/1773 1678/1810/1773 1728/1858/1773 1729/1860/1773
f 1706/1813/1774 1705/1811/1774 1755/1859/1774 1756/1861/1774
f 1680/1814/1775 1679/1812/1775 1729/1860/1775 1730/1862/1775
f 1707/1815/1776 1706/1813/1776 1756/1861/1776 1757/1863/1776
f 1681/1816/1777 1680/1814/1777 1730/1862/1777 1731/1864/1777
f 1708/1817/1778 1707/1815/1778 1757/1863/1778 1758/1865/1778
f 1682/1818/1779 1681/1816/1779 1731/1864/1779 1732/1866/1779
f 1709/1767/1780 1708/1817/1780 1758/1865/1780 1759/1867/1780
f 1683/1769/1781 1682/1818/1781 1732/1866/1781 1733/1868/1781
f 1710/1768/1782 1709/1767/1782 1759/1867/1782 1760/1869/1782
f 1684/1770/1783 1683/1769/1783 1733/1868/1783 1734/1870/1783
f 1711/1771/1784 1710/1768/1784 1760/1869/1784 1761/1819/1784
f 1685/1772/1785 1684/1770/1785 1734/1870/1785 1735/1821/1785
f 1737/1824/1786 1736/1822/1786 1786/1871/1786 1787/1872/1786
f 1764/1825/1787 1763/1823/1787 1813/1873/1787 1814/1874/1787
f 1738/1826/1788 1737/1824/1788 1787/1872/1788 1788/1875/1788
f 1765/1827/1789 1764/1825/1789 1814/1874/1789 1815/1876/1789
f 1739/1828/1790 1738/1826/1790 1788/1875/1790 1789/1877/1790
f 1766/1829/1791 1765/1827/1791 1815/1876/1791 1816/1878/1791
f 1740/1830/1792 1739/1828/1792 1789/1877/1792 1790/1879/1792
f 1767/1831/1793 1766/1829/1793 1816/1878/1793 1817/1880/1793
f 1741/1832/1794 1740/1830/1794 1790/1879/1794 1791/1881/1794
f 1768/1833/1795 1767/1831/1795 1817/1880/1795 1818/1882/1795
f 1742/1834/1796 1741/1832/1796 1791/1881/1796 1792/1883/1796
f 1769/1835/1797 1768/1833/1797 1818/1882/1797 1819/1884/1797
f 1743/1836/1798 1742/1834/1798 1792/1883/1798 1793/1885/1798
f 1418/1886/1799 1769/1835/1799 1819/1884/1799
f 1744/1838/1800 1743/1836/1800 1793/1885/1800 1794/1887/1800
f 1745/1839/1801 1744/1838/1801 1794/1887/1801 1795/1888/1801
f 1746/1840/1802 1745/1839/1802 1795/1888/1802 1796/1889/1802
f 1720/1842/1803 1469/1890/1803 1770/1891/1803
f 1747/1843/1804 1746/1840/1804 1796/1889/1804 1797/1892/1804
f 1721/1844/1805 1720/1842/1805 1770/1891/1805 1771/1893/1805
f 1748/1845/1806 1747/1843/1806 1797/1892/1806 1798/1894/1806
f 1722/1846/1807 1721/1844/1807 1771/1893/1807 1772/1895/1807
f 1749/1847/1808 1748/1845/1808 1798/1894/1808 1799/1896/1808
f 1723/1848/1809 1722/1846/1809 1772/1895/1809 1773/1897/1809
f 1750/1849/1810 1749/1847/1810 1799/1896/1810 1800/1898/1810
f 1724/1850/1811 1723/1848/1811 1773/1897/1811 1774/1899/1811
f 1751/1851/1812 1750/1849/1812 1800/1898/1812 1801/1900/1812
f 1725/1852/1813 1724/1850/1813 1774/1899/1813 1775/1901/1813
f 1752/1853/1814 1751/1851/1814 1801/1900/1814 1802/1902/1814
f 1726/1854/1815 1725/1852/1815 1775/1901/1815 1776/1903/1815
f 1753/1855/1816 1752/1853/1816 1802/1902/1816 1803/1904/1816
f 1727/1856/1817 1726/1854/1817 1776/1903/1817 1777/1905/1817
f 1754/1857/1818 1753/1855/1818 1803/1904/1818 1804/1906/1818
f 1728/1858/1819 1727/1856/1819 1777/1905/1819 1778/1907/1819
f 1755/1859/1820 1754/1857/1820 1804/1906/1820 1805/1908/1820
f 1729/1860/1821 1728/1858/1821 1778/1907/1821 1779/1909/1821
f 1756/1861/1822 1755/1859/1822 1805/1908/1822 1806/1910/1822
f 1730/1862/1823 1729/1860/1823 1779/1909/1823 1780/1911/1823
f 1757/1863/1824 1756/1861/1824 1806/1910/1824 1807/1912/1824
f 1731/1864/1825 1730/1862/1825 1780/1911/1825 1781/1913/1825
f 1758/1865/1826 1757/1863/1826 1807/1912/1826 1808/1914/1826
f 1732/1866/1827 1731/1864/1827 1781/1913/1827 1782/1915/1827
f 1759/1867/1828 1758/1865/1828 1808/1914/1828 1809/1916/1828
f 1733/1868/1829 1732/1866/1829 1782/1915/1829 1783/1917/1829
f 1760/1869/1830 1759/1867/1830 1809/1916/1830 1810/1918/1830
f 1734/1870/1831 1733/1868/1831 1783/1917/1831 1784/1919/1831
f 1761/1819/1832 1760/1869/1832 1810/1918/1832 1811/1920/1832
f 1735/1821/1833 1734/1870/1833 1784/1919/1833 1785/1921/1833
f 1762/1820/1834 1761/1819/1834 1811/1920/1834 1812/1922/1834
f 1736/1822/1835 1735/1821/1835 1785/1921/1835 1786/1871/1835
f 1763/1823/1836 1762/1820/1836 1812/1922/1836 1813/1873/1836
f 1815/1876/1837 1814/1874/1837 1864/1923/1837 1865/1924/1837
f 1789/1877/1838 1788/1875/1838 1838/1925/1838 1839/1926/1838
f 1816/1878/1839 1815/1876/1839 1865/1924/1839 1866/1927/1839
f 1790/1879/1840 1789/1877/1840 1839/1926/1840 1840/1928/1840
f 1817/1880/1841 1816/1878/1841 1866/1927/1841 1867/1929/1841
f 1791/1881/1842 1790/1879/1842 1840/1928/1842 1841/1930/1842
f 1818/1882/1843 1817/1880/1843 1867/1929/1843 1868/1931/1843
f 1792/1883/1844 1791/1881/1844 1841/1930/1844 1842/1932/1844
f 1819/1884/1845 1818/1882/1845 1868/1931/1845 1869/1933/1845
f 1793/1885/1846 1792/1883/1846 1842/1932/1846 1843/1934/1846
f 1418/1935/1847 1819/1884/1847 1869/1933/1847
f 1794/1887/1848 1793/1885/1848 1843/1934/1848 1844/1936/1848
f 1795/1888/1849 1794/1887/1849 1844/1936/1849 1845/1937/1849
f 1796/1889/1850 1795/1888/1850 1845/1937/1850 1846/1938/1850
f 1770/1891/1851 1469/1939/1851 1820/1940/1851
f 1797/1892/1852 1796/1889/1852 1846/1938/1852 1847/1941/1852
f 1771/1893/1853 1770/1891/1853 1820/1940/1853 1821/1942/1853
f 1798/1894/1854 1797/1892/1854 1847/1941/1854 1848/1943/1854
f 1772/1895/1855 1771/1893/1855 1821/1942/1855 1822/1944/1855
f 1799/1896/1856 1798/1894/1856 1848/1943/1856 1849/1945/1856
f 1773/1897/1857 1772/1895/1857 1822/1944/1857 1823/1946/1857
f 1800/1898/1858 1799/1896/1858 1849/1945/1858 1850/1947/1858
f 1774/1899/1859 1773/1897/1859 1823/1946/1859 1824/1948/1859
f 1801/1900/1860 1800/1898/1860 1850/1947/1860 1851/1949/1860
f 1775/1901/1861 1774/1899/1861 1824/1948/1861 1825/1950/1861
f 1802/1902/1862 1801/1900/1862 1851/1949/1862 1852/1951/1862
f 1776/1903/1863 1775/1901/1863 1825/1950/1863 1826/1952/1863
f 1803/1904/1864 1802/1902/1864 1852/1951/1864 1853/1953/1864
f 1777/1905/1865 1776/1903/1865 1826/1952/1865 1827/1954/1865
f 1804/1906/1866 1803/1904/1866 1853/1953/1866 1854/1955/1866
f 1778/1907/1867 1777/1905/1867 1827/1954/1867 1828/1956/1867
f 1805/1908/1868 1804/1906/1868 1854/1955/1868 1855/1957/1868
f 1779/1909/1869 1778/1907/1869 1828/1956/1869 1829/1958/1869
f 1806/1910/1870 1805/1908/1870 1855/1957/1870 1856/1959/1870
f 1780/1911/1871 1779/1909/1871 1829/1958/1871 1830/1960/1871
f 1807/1912/1872 1806/1910/1872 1856/1959/1872 1857/1961/1872
f 1781/1913/1873 1780/1911/1873 1830/1960/1873 1831/1962/1873
f 1808/1914/1874 1807/1912/1874 1857/1961/1874 1858/1963/1874
f 1782/1915/1875 1781/1913/1875 1831/1962/1875 1832/1964/1875
f 1809/1916/1876 1808/1914/1876 1858/1963/1876 1859/1965/1876
f 1783/1917/1877 1782/1915/1877 1832/1964/1877 1833/1966/1877
f 1810/1918/1878 1809/1916/1878 1859/1965/1878 1860/1967/1878
f 1784/1919/1879 1783/1917/1879 1833/1966/1879 1834/1968/1879
f 1811/1920/1880 1810/1918/1880 1860/1967/1880 1861/1969/1880
f 1785/1921/1881 1784/1919/1881 1834/1968/1881 1835/1970/1881
f 1812/1922/1882 1811/1920/1882 1861/1969/1882 1862/1971/1882
f 1786/1871/1883 1785/1921/1883 1835/1970/1883 1836/1972/1883
f 1813/1873/1884 1812/1922/1884 1862/1971/1884 1863/1973/1884
f 1787/1872/1885 1786/1871/1885 1836/1972/1885 1837/1974/1885
f 1814/1874/1886 1813/1873/1886 1863/1973/1886 1864/1923/1886
f 1788/1875/1887 1787/1872/1887 1837/1974/1887 1838/1925/1887
f 1867/1975/1888 1866/1976/1888 1916/1977/1888 1917/1978/1888
f 1841/1979/1889 1840/1980/1889 1890/1981/1889 1891/1982/1889
f 1868/1983/1890 1867/1975/1890 1917/1978/1890 1918/1984/1890
f 1842/1985/1891 1841/1979/1891 1891/1982/1891 1892/1986/1891
f 1869/1987/1892 1868/1983/1892 1918/1984/1892 1919/1988/1892
f 1843/1989/1893 1842/1985/1893 1892/1986/1893 1893/1990/1893
f 1418/1991/1894 1869/1987/1894 1919/1988/1894
f 1844/1992/1895 1843/1989/1895 1893/1990/1895 1894/1993/1895
f 1845/1994/1896 1844/1992/1896 1894/1993/1896 1895/1995/1896
f 1846/1996/1897 1845/1994/1897 1895/1995/1897 1896/1997/1897
f 1820/1998/1898 1469/1999/1898 1870/2000/1898
f 1847/2001/1899 1846/1996/1899 1896/1997/1899 1897/2002/1899
f 1821/2003/1900 1820/1998/1900 1870/2000/1900 1871/2004/1900
f 1848/2005/1901 1847/2001/1901 1897/2002/1901 1898/2006/1901
f 1822/2007/1902 1821/2003/1902 1871/2004/1902 1872/2008/1902
f 1849/2009/1903 1848/2005/1903 1898/2006/1903 1899/2010/1903
f 1823/2011/1904 1822/2007/1904 1872/2008/1904 1873/2012/1904
f 1850/2013/1905 1849/2009/1905 1899/2010/1905 1900/2014/1905
f 1824/2015/1906 1823/2011/1906 1873/2012/1906 1874/2016/1906
f 1851/2017/1907 1850/2013/1907 1900/2014/1907 1901/2018/1907
f 1825/2019/1908 1824/2015/1908 1874/2016/1908 1875/2020/1908
f 1852/2021/1909 1851/2017/1909 1901/2018/1909 1902/2022/1909
f 1826/2023/1910 1825/2019/1910 1875/2020/1910 1876/2024/1910
f 1853/2025/1911 1852/2021/1911 1902/2022/1911 1903/2026/1911
f 1827/2027/1912 1826/2023/1912 1876/2024/1912 1877/2028/1912
f 1854/2029/1913 1853/2025/1913 1903/2026/1913 1904/2030/1913
f 1828/2031/1914 1827/2027/1914 1877/2028/1914 1878/2032/1914
f 1855/2033/1915 1854/2029/1915 1904/2030/1915 1905/2034/1915
f 1829/2035/1916 1828/2031/1916 1878/2032/1916 1879/2036/1916
f 1856/2037/1917 1855/2033/1917 1905/2034/1917 1906/2038/1917
f 1830/2039/1918 1829/2035/1918 1879/2036/1918 1880/2040/1918
f 1857/2041/1919 1856/2037/1919 1906/2038/1919 1907/2042/1919
f 1831/2043/1920 1830/2039/1920 1880/2040/1920 1881/2044/1920
f 1858/2045/1921 1857/2041/1921 1907/2042/1921 1908/2046/1921
f 1832/2047/1922 1831/2043/1922 1881/2044/1922 1882/2048/1922
f 1859/2049/1923 1858/2045/1923 1908/2046/1923 1909/2050/1923
f 1833/2051/1924 1832/2047/1924 1882/2048/1924 1883/2052/1924
f 1860/2053/1925 1859/2049/1925 1909/2050/1925 1910/2054/1925
f 1834/2055/1926 1833/2051/1926 1883/2052/1926 1884/2056/1926
f 1861/2057/1927 1860/2053/1927 1910/2054/1927 1911/2058/1927
f 1835/2059/1928 1834/2055/1928 1884/2056/1928 1885/2060/1928
f 1862/2061/1929 1861/2057/1929 1911/2058/1929 1912/2062/1929
f 1836/2063/1930 1835/2059/1930 1885/2060/1930 1886/2064/1930
f 1863/2065/1931 1862/2061/1931 1912/2062/1931 1913/2066/1931
f 1837/2067/1932 1836/2063/1932 1886/2064/1932 1887/2068/1932
f 1864/2069/1933 1863/2065/1933 1913/2066/1933 1914/2070/1933
f 1838/2071/1934 1837/2067/1934 1887/2068/1934 1888/2072/1934
f 1865/2073/1935 1864/2069/1935 1914/2070/1935 1915/2074/1935
f 1839/2075/1936 1838/2071/1936 1888/2072/1936 1889/2076/1936
f 1866/1976/1937 1865/2073/1937 1915/2074/1937 1916/1977/1937
f 1840/1980/1938 1839/2075/1938 1889/2076/1938 1890/1981/1938
f 1919/1988/1939 1918/1984/1939 1968/2077/1939 1969/2078/1939
f 1893/1990/1940 1892/1986/1940 1942/2079/1940 1943/2080/1940
f 1418/2081/1941 1919/1988/1941 1969/2078/1941
f 1894/1993/1942 1893/1990/1942 1943/2080/1942 1944/2082/1942
f 1895/1995/1943 1894/1993/1943 1944/2082/1943 1945/2083/1943
f 1896/1997/1944 1895/1995/1944 1945/2083/1944 1946/2084/1944
f 1870/2000/1945 1469/2085/1945 1920/2086/1945
f 1897/2002/1946 1896/1997/1946 1946/2084/1946 1947/2087/1946
f 1871/2004/1947 1870/2000/1947 1920/2086/1947 1921/2088/1947
f 1898/2006/1948 1897/2002/1948 1947/2087/1948 1948/2089/1948
f 1872/2008/1949 1871/2004/1949 1921/2088/1949 1922/2090/1949
f 1899/2010/1950 1898/2006/1950 1948/2089/1950 1949/2091/1950
f 1873/2012/1951 1872/2008/1951 1922/2090/1951 1923/2092/1951
f 1900/2014/1952 1899/2010/1952 1949/2091/1952 1950/2093/1952
f 1874/2016/1953 1873/2012/1953 1923/2092/1953 1924/2094/1953
f 1901/2018/1954 1900/2014/1954 1950/2093/1954 1951/2095/1954
f 1875/2020/1955 1874/2016/1955 1924/2094/1955 1925/2096/1955
f 1902/2022/1956 1901/2018/1956 1951/2095/1956 1952/2097/1956
f 1876/2024/1957 1875/2020/1957 1925/2096/1957 1926/2098/1957
f 1903/2026/1958 1902/2022/1958 1952/2097/1958 1953/2099/1958
f 1877/2028/1959 1876/2024/1959 1926/2098/1959 1927/2100/1959
f 1904/2030/1960 1903/2026/1960 1953/2099/1960 1954/2101/1960
f 1878/2032/1961 1877/2028/1961 1927/2100/1961 1928/2102/1961
f 1905/2034/1962 1904/2030/1962 1954/2101/1962 1955/2103/1962
f 1879/2036/1963 1878/2032/1963 1928/2102/1963 1929/2104/1963
f 1906/2038/1964 1905/2034/1964 1955/2103/1964 1956/2105/1964
f 1880/2040/1965 1879/2036/1965 1929/2104/1965 1930/2106/1965
f 1907/2042/1966 1906/2038/1966 1956/2105/1966 1957/2107/1966
f 1881/2044/1967 1880/2040/1967 1930/2106/1967 1931/2108/1967
f 1908/2046/1968 1907/2042/1968 1957/2107/1968 1958/2109/1968
f 1882/2048/1969 1881/2044/1969 1931/2108/1969 1932/2110/1969
f 1909/2050/1970 1908/2046/1970 1958/2109/1970 1959/2111/1970
f 1883/2052/1971 1882/2048/1971 1932/2110/1971 1933/2112/1971
f 1910/2054/1972 1909/2050/1972 1959/2111/1972 1960/2113/1972
f 1884/2056/1973 1883/2052/1973 1933/2112/1973 1934/2114/1973
f 1911/2058/1974 1910/2054/1974 1960/2113/1974 1961/2115/1974
f 1885/2060/1975 1884/2056/1975 1934/2114/1975 1935/2116/1975
f 1912/2062/1976 1911/2058/1976 1961/2115/1976 1962/2117/1976
f 1886/2064/1977 1885/2060/1977 1935/2116/1977 1936/2118/1977
f 1913/2066/1978 1912/2062/1978 1962/2117/1978 1963/2119/1978
f 1887/2068/1979 1886/2064/1979 1936/2118/1979 1937/2120/1979
f 1914/2070/1980 1913/2066/1980 1963/2119/1980 1964/2121/1980
f 1888/2072/1981 1887/2068/1981 1937/2120/1981 1938/2122/1981
f 1915/2074/1982 1914/2070/1982 1964/2121/1982 1965/2123/1982
f 1889/2076/1983 1888/2072/1983 1938/2122/1983 1939/2124/1983
f 1916/1977/1984 1915/2074/1984 1965/2123/1984 1966/2125/1984
f 1890/1981/1985 1889/2076/1985 1939/2124/1985 1940/2126/1985
f 1917/1978/1986 1916/1977/1986 1966/2125/1986 1967/2127/1986
f 1891/1982/1987 1890/1981/1987 1940/2126/1987 1941/2128/1987
f 1918/1984/1988 1917/1978/1988 1967/2127/1988 1968/2077/1988
f 1892/1986/1989 1891/1982/1989 1941/2128/1989 1942/2079/1989
f 1945/2083/1990 1944/2082/1990 1994/2129/1990 1995/2130/1990
f 1946/2084/1991 1945/2083/1991 1995/2130/1991 1996/2131/1991
f 1920/2086/1992 1469/2132/1992 1970/2133/1992
f 1947/2087/1993 1946/2084/1993 1996/2131/1993 1997/2134/1993
f 1921/2088/1994 1920/2086/1994 1970/2133/1994 1971/2135/1994
f 1948/2089/1995 1947/2087/1995 1997/2134/1995 1998/2136/1995
f 1922/2090/1996 1921/2088/1996 1971/2135/1996 1972/2137/1996
f 1949/2091/1997 1948/2089/1997 1998/2136/1997 1999/2138/1997
f 1923/2092/1998 1922/2090/1998 1972/2137/1998 1973/2139/1998
f 1950/2093/1999 1949/2091/1999 1999/2138/1999 2000/2140/1999
f 1924/2094/2000 1923/2092/2000 1973/2139/2000 1974/2141/2000
f 1951/2095/2001 1950/2093/2001 2000/2140/2001 2001/2142/2001
f 1925/2096/2002 1924/2094/2002 1974/2141/2002 1975/2143/2002
f 1952/2097/2003 1951/2095/2003 2001/2142/2003 2002/2144/2003
f 1926/2098/2004 1925/2096/2004 1975/2143/2004 1976/2145/2004
f 1953/2099/2005 1952/2097/2005 2002/2144/2005 2003/2146/2005
f 1927/2100/2006 1926/2098/2006 1976/2145/2006 1977/2147/2006
f 1954/2101/2007 1953/2099/2007 2003/2146/2007 2004/2148/2007
f 1928/2102/2008 1927/2100/2008 1977/2147/2008 1978/2149/2008
f 1955/2103/2009 1954/2101/2009 2004/2148/2009 2005/2150/2009
f 1929/2104/2010 1928/2102/2010 1978/2149/2010 1979/2151/2010
f 1956/2105/2011 1955/2103/2011 2005/2150/2011 2006/2152/2011
f 1930/2106/2012 1929/2104/2012 1979/2151/2012 1980/2153/2012
f 1957/2107/2013 1956/2105/2013 2006/2152/2013 2007/2154/2013
f 1931/2108/2014 1930/2106/2014 1980/2153/2014 1981/2155/2014
f 1958/2109/2015 1957/2107/2015 2007/2154/2015 2008/2156/2015
f 1932/2110/2016 1931/2108/2016 1981/2155/2016 1982/2157/2016
f 1959/2111/2017 1958/2109/2017 2008/2156/2017 2009/2158/2017
f 1933/2112/2018 1932/2110/2018 1982/2157/2018 1983/2159/2018
f 1960/2113/2019 1959/2111/2019 2009/2158/2019 2010/2160/2019
f 1934/2114/2020 1933/2112/2020 1983/2159/2020 1984/2161/2020
f 1961/2115/2021 1960/2113/2021 2010/2160/2021 2011/2162/2021
f 1935/2116/2022 1934/2114/2022 1984/2161/2022 1985/2163/2022
f 1962/2117/2023 1961/2115/2023 2011/2162/2023 2012/2164/2023
f 1936/2118/2024 1935/2116/2024 1985/2163/2024 1986/2165/2024
f 1963/2119/2025 1962/2117/2025 2012/2164/2025 2013/2166/2025
f 1937/2120/2026 1936/2118/2026 1986/2165/2026 1987/2167/2026
f 1964/2121/2027 1963/2119/2027 2013/2166/2027 2014/2168/2027
f 1938/2122/2028 1937/2120/2028 1987/2167/2028 1988/2169/2028
f 1965/2123/2029 1964/2121/2029 2014/2168/2029 2015/2170/2029
f 1939/2124/2030 1938/2122/2030 1988/2169/2030 1989/2171/2030
f 1966/2125/2031 1965/2123/2031 2015/2170/2031 2016/2172/2031
f 1940/2126/2032 1939/2124/2032 1989/2171/2032 1990/2173/2032
f 1967/2127/2033 1966/2125/2033 2016/2172/2033 2017/2174/2033
f 1941/2128/2034 1940/2126/2034 1990/2173/2034 1991/2175/2034
f 1968/2077/2035 1967/2127/2035 2017/2174/2035 2018/2176/2035
f 1942/2079/2036 1941/2128/2036 1991/2175/2036 1992/2177/2036
f 1969/2078/2037 1968/2077/2037 2018/2176/2037 2019/2178/2037
f 1943/2080/2038 1942/2079/2038 1992/2177/2038 1993/2179/2038
f 1418/2180/2039 1969/2078/2039 2019/2178/2039
f 1944/2082/2040 1943/2080/2040 1993/2179/2040 1994/2129/2040
f 1996/2131/2041 1995/2130/2041 2045/2181/2041 2046/2182/2041
f 1970/2133/2042 1469/2183/2042 2020/2184/2042
f 1997/2134/2043 1996/2131/2043 2046/2182/2043 2047/2185/2043
f 1971/2135/2044 1970/2133/2044 2020/2184/2044 2021/2186/2044
f 1998/2136/2045 1997/2134/2045 2047/2185/2045 2048/2187/2045
f 1972/2137/2046 1971/2135/2046 2021/2186/2046 2022/2188/2046
f 1999/2138/2047 1998/2136/2047 2048/2187/2047 2049/2189/2047
f 1973/2139/2048 1972/2137/2048 2022/2188/2048 2023/2190/2048
f 2000/2140/2049 1999/2138/2049 2049/2189/2049 2050/2191/2049
f 1974/2141/2050 1973/2139/2050 2023/2190/2050 2024/2192/2050
f 2001/2142/2051 2000/2140/2051 2050/2191/2051 2051/2193/2051
f 1975/2143/2052 1974/2141/2052 2024/2192/2052 2025/2194/2052
f 2002/2144/2053 2001/2142/2053 2051/2193/2053 2052/2195/2053
f 1976/2145/2054 1975/2143/2054 2025/2194/2054 2026/2196/2054
f 2003/2146/2055 2002/2144/2055 2052/2195/2055 2053/2197/2055
f 1977/2147/2056 1976/2145/2056 2026/2196/2056 2027/2198/2056
f 2004/2148/2057 2003/2146/2057 2053/2197/2057 2054/2199/2057
f 1978/2149/2058 1977/2147/2058 2027/2198/2058 2028/2200/2058
f 2005/2150/2059 2004/2148/2059 2054/2199/2059 2055/2201/2059
f 1979/2151/2060 1978/2149/2060 2028/2200/2060 2029/2202/2060
f 2006/2152/2061 2005/2150/2061 2055/2201/2061 2056/2203/2061
f 1980/2153/2062 1979/2151/2062 2029/2202/2062 2030/2204/2062
f 2007/2154/2063 2006/2152/2063 2056/2203/2063 2057/2205/2063
f 1981/2155/2064 1980/2153/2064 2030/2204/2064 2031/2206/2064
f 2008/2156/2065 2007/2154/2065 2057/2205/2065 2058/2207/2065
f 1982/2157/2066 1981/2155/2066 2031/2206/2066 2032/2208/2066
f 2009/2158/2067 2008/2156/2067 2058/2207/2067 2059/2209/2067
f 1983/2159/2068 1982/2157/2068 2032/2208/2068 2033/2210/2068
f 2010/2160/2069 2009/2158/2069 2059/2209/2069 2060/2211/2069
f 1984/2161/2070 1983/2159/2070 2033/2210/2070 2034/2212/2070
f 2011/2162/2071 2010/2160/2071 2060/2211/2071 2061/2213/2071
f 1985/2163/2072 1984/2161/2072 2034/2212/2072 2035/2214/2072
f 2012/2164/2073 2011/2162/2073 2061/2213/2073 2062/2215/2073
f 1986/2165/2074 1985/2163/2074 2035/2214/2074 2036/2216/2074
f 2013/2166/2075 2012/2164/2075 2062/2215/2075 2063/2217/2075
f 1987/2167/2076 1986/2165/2076 2036/2216/2076 2037/2218/2076
f 2014/2168/2077 2013/2166/2077 2063/2217/2077 2064/2219/2077
f 1988/2169/2078 1987/2167/2078 2037/2218/2078 2038/2220/2078
f 2015/2170/2079 2014/2168/2079 2064/2219/2079 2065/2221/2079
f 1989/2171/2080 1988/2169/2080 2038/2220/2080 2039/2222/2080
f 2016/2172/2081 2015/2170/2081 2065/2221/2081 2066/2223/2081
f 1990/2173/2082 1989/2171/2082 2039/2222/2082 2040/2224/2082
f 2017/2174/2083 2016/2172/2083 2066/2223/2083 2067/2225/2083
f 1991/2175/2084 1990/2173/2084 2040/2224/2084 2041/2226/2084
f 2018/2176/2085 2017/2174/2085 2067/2225/2085 2068/2227/2085
f 1992/2177/2086 1991/2175/2086 2041/2226/2086 2042/2228/2086
f 2019/2178/2087 2018/2176/2087 2068/2227/2087 2069/2229/2087
f 1993/2179/2088 1992/2177/2088 2042/2228/2088 2043/2230/2088
f 1418/2231/2089 2019/2178/2089 2069/2229/2089
f 1994/2129/2090 1993/2179/2090 2043/2230/2090 2044/2232/2090
f 1995/2130/2091 1994/2129/2091 2044/2232/2091 2045/2181/2091
f 2048/2187/2092 2047/2185/2092 2097/2233/2092 2098/2234/2092
f 2022/2188/2093 2021/2186/2093 2071/2235/2093 2072/2236/2093
f 2049/2189/2094 2048/2187/2094 2098/2234/2094 2099/2237/2094
f 2023/2190/2095 2022/2188/2095 2072/2236/2095 2073/2238/2095
f 2050/2191/2096 2049/2189/2096 2099/2237/2096 2100/2239/2096
f 2024/2192/2097 2023/2190/2097 2073/2238/2097 2074/2240/2097
f 2051/2193/2098 2050/2191/2098 2100/2239/2098 2101/2241/2098
f 2025/2194/2099 2024/2192/2099 2074/2240/2099 2075/2242/2099
f 2052/2195/2100 2051/2193/2100 2101/2241/2100 2102/2243/2100
f 2026/2196/2101 2025/2194/2101 2075/2242/2101 2076/2244/2101
f 2053/2197/2102 2052/2195/2102 2102/2243/2102 2103/2245/2102
f 2027/2198/2103 2026/2196/2103 2076/2244/2103 2077/2246/2103
f 2054/2199/2104 2053/2197/2104 2103/2245/2104 2104/2247/2104
f 2028/2200/2105 2027/2198/2105 2077/2246/2105 2078/2248/2105
f 2055/2201/2106 2054/2199/2106 2104/2247/2106 2105/2249/2106
f 2029/2202/2107 2028/2200/2107 2078/2248/2107 2079/2250/2107
f 2056/2203/2108 2055/2201/2108 2105/2249/2108 2106/2251/2108
f 2030/2204/2109 2029/2202/2109 2079/2250/2109 2080/2252/2109
f 2057/2205/2110 2056/2203/2110 2106/2251/2110 2107/2253/2110
f 2031/2206/2111 2030/2204/2111 2080/2252/2111 2081/2254/2111
f 2058/2207/2112 2057/2205/2112 2107/2253/2112 2108/2255/2112
f 2032/2208/2113 2031/2206/2113 2081/2254/2113 2082/2256/2113
f 2059/2209/2114 2058/2207/2114 2108/2255/2114 2109/2257/2114
f 2033/2210/2115 2032/2208/2115 2082/2256/2115 2083/2258/2115
f 2060/2211/2116 2059/2209/2116 2109/2257/2116 2110/2259/2116
f 2034/2212/2117 2033/2210/2117 2083/2258/2117 2084/2260/2117
f 2061/2213/2118 2060/2211/2118 2110/2259/2118 2111/2261/2118
f 2035/2214/2119 2034/2212/2119 2084/2260/2119 2085/2262/2119
f 2062/2215/2120 2061/2213/2120 2111/2261/2120 2112/2263/2120
f 2036/2216/2121 2035/2214/2121 2085/2262/2121 2086/2264/2121
f 2063/2217/2122 2062/2215/2122 2112/2263/2122 2113/2265/2122
f 2037/2218/2123 2036/2216/2123 2086/2264/2123 2087/2266/2123
f 2064/2219/2124 2063/2217/2124 2113/2265/2124 2114/2267/2124
f 2038/2220/2125 2037/2218/2125 2087/2266/2125 2088/2268/2125
f 2065/2221/2126 2064/2219/2126 2114/2267/2126 2115/2269/2126
f 2039/2222/2127 2038/2220/2127 2088/2268/2127 2089/2270/2127
f 2066/2223/2128 2065/2221/2128 2115/2269/2128 2116/2271/2128
f 2040/2224/2129 2039/2222/2129 2089/2270/2129 2090/2272/2129
f 2067/2225/2130 2066/2223/2130 2116/2271/2130 2117/2273/2130
f 2041/2226/2131 2040/2224/2131 2090/2272/2131 2091/2274/2131
f 2068/2227/2132 2067/2225/2132 2117/2273/2132 2118/2275/2132
f 2042/2228/2133 2041/2226/2133 2091/2274/2133 2092/2276/2133
f 2069/2229/2134 2068/2227/2134 2118/2275/2134 2119/2277/2134
f 2043/2230/2135 2042/2228/2135 2092/2276/2135 2093/2278/2135
f 1418/2279/2136 2069/2229/2136 2119/2277/2136
f 2044/2232/2137 2043/2230/2137 2093/2278/2137 2094/2280/2137
f 2045/2181/2138 2044/2232/2138 2094/2280/2138 2095/2281/2138
f 2046/2182/2139 2045/2181/2139 2095/2281/2139 2096/2282/2139
f 2020/2184/2140 1469/2283/2140 2070/2284/2140
f 2047/2185/2141 2046/2182/2141 2096/2282/2141 2097/2233/2141
f 2021/2186/2142 2020/2184/2142 2070/2284/2142 2071/2235/2142
f 2100/2239/2143 2099/2237/2143 2149/2285/2143 2150/2286/2143
f 2074/2240/2144 2073/2238/2144 2123/2287/2144 2124/2288/2144
f 2101/2241/2145 2100/2239/2145 2150/2286/2145 2151/2289/2145
f 2075/2242/2146 2074/2240/2146 2124/2288/2146 2125/2290/2146
f 2102/2243/2147 2101/2241/2147 2151/2289/2147 2152/2291/2147
f 2076/2244/2148 2075/2242/2148 2125/2290/2148 2126/2292/2148
f 2103/2245/2149 2102/2243/2149 2152/2291/2149 2153/2293/2149
f 2077/2246/2150 2076/2244/2150 2126/2292/2150 2127/2294/2150
f 2104/2247/2151 2103/2245/2151 2153/2293/2151 2154/2295/2151
f 2078/2248/2152 2077/2246/2152 2127/2294/2152 2128/2296/2152
f 2105/2249/2153 2104/2247/2153 2154/2295/2153 2155/2297/2153
f 2079/2250/2154 2078/2248/2154 2128/2296/2154 2129/2298/2154
f 2106/2251/2155 2105/2249/2155 2155/2297/2155 2156/2299/2155
f 2080/2252/2156 2079/2250/2156 2129/2298/2156 2130/2300/2156
f 2107/2253/2157 2106/2251/2157 2156/2299/2157 2157/2301/2157
f 2081/2254/2158 2080/2252/2158 2130/2300/2158 2131/2302/2158
f 2108/2255/2159 2107/2253/2159 2157/2301/2159 2158/2303/2159
f 2082/2256/2160 2081/2254/2160 2131/2302/2160 2132/2304/2160
f 2109/2257/2161 2108/2255/2161 2158/2303/2161 2159/2305/2161
f 2083/2258/2162 2082/2256/2162 2132/2304/2162 2133/2306/2162
f 2110/2259/2163 2109/2257/2163 2159/2305/2163 2160/2307/2163
f 2084/2260/2164 2083/2258/2164 2133/2306/2164 2134/2308/2164
f 2111/2261/2165 2110/2259/2165 2160/2307/2165 2161/2309/2165
f 2085/2262/2166 2084/2260/2166 2134/2308/2166 2135/2310/2166
f 2112/2263/2167 2111/2261/2167 2161/2309/2167 2162/2311/2167
f 2086/2264/2168 2085/2262/2168 2135/2310/2168 2136/2312/2168
f 2113/2265/2169 2112/2263/2169 2162/2311/2169 2163/2313/2169
f 2087/2266/2170 2086/2264/2170 2136/2312/2170 2137/2314/2170
f 2114/2267/2171 2113/2265/2171 2163/2313/2171 2164/2315/2171
f 2088/2268/2172 2087/2266/2172 2137/2314/2172 2138/2316/2172
f 2115/2269/2173 2114/2267/2173 2164/2315/2173 2165/2317/2173
f 2089/2270/2174 2088/2268/2174 2138/2316/2174 2139/2318/2174
f 2116/2271/2175 2115/2269/2175 2165/2317/2175 2166/2319/2175
f 2090/2272/2176 2089/2270/2176 2139/2318/2176 2140/2320/2176
f 2117/2273/2177 2116/2271/2177 2166/2319/2177 2167/2321/2177
f 2091/2274/2178 2090/2272/2178 2140/2320/2178 2141/2322/2178
f 2118/2275/2179 2117/2273/2179 2167/2321/2179 2168/2323/2179
f 2092/2276/2180 2091/2274/2180 2141/2322/2180 2142/2324/2180
f 2119/2277/2181 2118/2275/2181 2168/2323/2181 2169/2325/2181
f 2093/2278/2182 2092/2276/2182 2142/2324/2182 2143/2326/2182
f 1418/2327/2183 2119/2277/2183 2169/2325/2183
f 2094/2280/2184 2093/2278/2184 2143/2326/2184 2144/2328/2184
f 2095/2281/2185 2094/2280/2185 2144/2328/2185 2145/2329/2185
f 2096/2282/2186 2095/2281/2186 2145/2329/2186 2146/2330/2186
f 2070/2284/2187 1469/2331/2187 2120/2332/2187
f 2097/2233/2188 2096/2282/2188 2146/2330/2188 2147/2333/2188
f 2071/2235/2189 2070/2284/2189 2120/2332/2189 2121/2334/2189
f 2098/2234/2190 2097/2233/2190 2147/2333/2190 2148/2335/2190
f 2072/2236/2191 2071/2235/2191 2121/2334/2191 2122/2336/2191
f 2099/2237/2192 2098/2234/2192 2148/2335/2192 2149/2285/2192
f 2073/2238/2193 2072/2236/2193 2122/2336/2193 2123/2287/2193
f 2152/2291/2194 2151/2289/2194 2201/2337/2194 2202/2338/2194
f 2126/2292/2195 2125/2290/2195 2175/2339/2195 2176/2340/2195
f 2153/2293/2196 2152/2291/2196 2202/2338/2196 2203/2341/2196
f 2127/2294/2197 2126/2292/2197 2176/2340/2197 2177/2342/2197
f 2154/2295/2198 2153/2293/2198 2203/2341/2198 2204/2343/2198
f 2128/2296/2199 2127/2294/2199 2177/2342/2199 2178/2344/2199
f 2155/2297/2200 2154/2295/2200 2204/2343/2200 2205/2345/2200
f 2129/2298/2201 2128/2296/2201 2178/2344/2201 2179/2346/2201
f 2156/2299/2202 2155/2297/2202 2205/2345/2202 2206/2347/2202
f 2130/2300/2203 2129/2298/2203 2179/2346/2203 2180/2348/2203
f 2157/2301/2204 2156/2299/2204 2206/2347/2204 2207/2349/2204
f 2131/2302/2205 2130/2300/2205 2180/2348/2205 2181/2350/2205
f 2158/2303/2206 2157/2301/2206 2207/2349/2206 2208/2351/2206
f 2132/2304/2207 2131/2302/2207 2181/2350/2207 2182/2352/2207
f 2159/2305/2208 2158/2303/2208 2208/2351/2208 2209/2353/2208
f 2133/2306/2209 2132/2304/2209 2182/2352/2209 2183/2354/2209
f 2160/2307/2210 2159/2305/2210 2209/2353/2210 2210/2355/2210
f 2134/2308/2211 2133/2306/2211 2183/2354/2211 2184/2356/2211
f 2161/2309/2212 2160/2307/2212 2210/2355/2212 2211/2357/2212
f 2135/2310/2213 2134/2308/2213 2184/2356/2213 2185/2358/2213
f 2162/2311/2214 2161/2309/2214 2211/2357/2214 2212/2359/2214
f 2136/2312/2215 2135/2310/2215 2185/2358/2215 2186/2360/2215
f 2163/2313/2216 2162/2311/2216 2212/2359/2216 2213/2361/2216
f 2137/2314/2217 2136/2312/2217 2186/2360/2217 2187/2362/2217
f 2164/2315/2218 2163/2313/2218 2213/2361/2218 2214/2363/2218
f 2138/2316/2219 2137/2314/2219 2187/2362/2219 2188/2364/2219
f 2165/2317/2220 2164/2315/2220 2214/2363/2220 2215/2365/2220
f 2139/2318/2221 2138/2316/2221 2188/2364/2221 2189/2366/2221
f 2166/2319/2222 2165/2317/2222 2215/2365/2222 2216/2367/2222
f 2140/2320/2223 2139/2318/2223 2189/2366/2223 2190/2368/2223
f 2167/2321/2224 2166/2319/2224 2216/2367/2224 2217/2369/2224
f 2141/2322/2225 2140/2320/2225 2190/2368/2225 2191/2370/2225
f 2168/2323/2226 2167/2321/2226 2217/2369/2226 2218/2371/2226
f 2142/2324/2227 2141/2322/2227 2191/2370/2227 2192/2372/2227
f 2169/2325/2228 2168/2323/2228 2218/2371/2228 2219/2373/2228
f 2143/2326/2229 2142/2324/2229 2192/2372/2229 2193/2374/2229
f 1418/2375/2230 2169/2325/2230 2219/2373/2230
f 2144/2328/2231 2143/2326/2231 2193/2374/2231 2194/2376/2231
f 2145/2329/2232 2144/2328/2232 2194/2376/2232 2195/2377/2232
f 2146/2330/2233 2145/2329/2233 2195/2377/2233 2196/2378/2233
f 2120/2332/2234 1469/2379/2234 2170/2380/2234
f 2147/2333/2235 2146/2330/2235 2196/2378/2235 2197/2381/2235
f 2121/2334/2236 2120/2332/2236 2170/2380/2236 2171/2382/2236
f 2148/2335/2237 2147/2333/2237 2197/2381/2237 2198/2383/2237
f 2122/2336/2238 2121/2334/2238 2171/2382/2238 2172/2384/2238
f 2149/2285/2239 2148/2335/2239 2198/2383/2239 2199/2385/2239
f 2123/2287/2240 2122/2336/2240 2172/2384/2240 2173/2386/2240
f 2150/2286/2241 2149/2285/2241 2199/2385/2241 2200/2387/2241
f 2124/2288/2242 2123/2287/2242 2173/2386/2242 2174/2388/2242
f 2151/2289/2243 2150/2286/2243 2200/2387/2243 2201/2337/2243
f 2125/2290/2244 2124/2288/2244 2174/2388/2244 2175/2339/2244
f 2177/2342/2245 2176/2340/2245 2226/2389/2245 2227/2390/2245
f 2204/2343/2246 2203/2341/2246 2253/2391/2246 2254/2392/2246
f 2178/2344/2247 2177/2342/2247 2227/2390/2247 2228/2393/2247
f 2205/2345/2248 2204/2343/2248 2254/2392/2248 2255/2394/2248
f 2179/2346/2249 2178/2344/2249 2228/2393/2249 2229/2395/2249
f 2206/2347/2250 2205/2345/2250 2255/2394/2250 2256/2396/2250
f 2180/2348/2251 2179/2346/2251 2229/2395/2251 2230/2397/2251
f 2207/2349/2252 2206/2347/2252 2256/2396/2252 2257/2398/2252
f 2181/2350/2253 2180/2348/2253 2230/2397/2253 2231/2399/2253
f 2208/2351/2254 2207/2349/2254 2257/2398/2254 2258/2400/2254
f 2182/2352/2255 2181/2350/2255 2231/2399/2255 2232/2401/2255
f 2209/2353/2256 2208/2351/2256 2258/2400/2256 2259/2402/2256
f 2183/2354/2257 2182/2352/2257 2232/2401/2257 2233/2403/2257
f 2210/2355/2258 2209/2353/2258 2259/2402/2258 2260/2404/2258
f 2184/2356/2259 2183/2354/2259 2233/2403/2259 2234/2405/2259
f 2211/2357/2260 2210/2355/2260 2260/2404/2260 2261/2406/2260
f 2185/2358/2261 2184/2356/2261 2234/2405/2261 2235/2407/2261
f 2212/2359/2262 2211/2357/2262 2261/2406/2262 2262/2408/2262
f 2186/2360/2263 2185/2358/2263 2235/2407/2263 2236/2409/2263
f 2213/2361/2264 2212/2359/2264 2262/2408/2264 2263/2410/2264
f 2187/2362/2265 2186/2360/2265 2236/2409/2265 2237/2411/2265
f 2214/2363/2266 2213/2361/2266 2263/2410/2266 2264/2412/2266
f 2188/2364/2267 2187/2362/2267 2237/2411/2267 2238/2413/2267
f 2215/2365/2268 2214/2363/2268 2264/2412/2268 2265/2414/2268
f 2189/2366/2269 2188/2364/2269 2238/2413/2269 2239/2415/2269
f 2216/2367/2270 2215/2365/2270 2265/2414/2270 2266/2416/2270
f 2190/2368/2271 2189/2366/2271 2239/2415/2271 2240/2417/2271
f 2217/2369/2272 2216/2367/2272 2266/2416/2272 2267/2418/2272
f 2191/2370/2273 2190/2368/2273 2240/2417/2273 2241/2419/2273
f 2218/2371/2274 2217/2369/2274 2267/2418/2274 2268/2420/2274
f 2192/2372/2275 2191/2370/2275 2241/2419/2275 2242/2421/2275
f 2219/2373/2276 2218/2371/2276 2268/2420/2276 2269/2422/2276
f 2193/2374/2277 2192/2372/2277 2242/2421/2277 2243/2423/2277
f 1418/2424/2278 2219/2373/2278 2269/2422/2278
f 2194/2376/2279 2193/2374/2279 2243/2423/2279 2244/2425/2279
f 2195/2377/2280 2194/2376/2280 2244/2425/2280 2245/2426/2280
f 2196/2378/2281 2195/2377/2281 2245/2426/2281 2246/2427/2281
f 2170/2380/2282 1469/2428/2282 2220/2429/2282
f 2197/2381/2283 2196/2378/2283 2246/2427/2283 2247/2430/2283
f 2171/2382/2284 2170/2380/2284 2220/2429/2284 2221/2431/2284
f 2198/2383/2285 2197/2381/2285 2247/2430/2285 2248/2432/2285
f 2172/2384/2286 2171/2382/2286 2221/2431/2286 2222/2433/2286
f 2199/2385/2287 2198/2383/2287 2248/2432/2287 2249/2434/2287
f 2173/2386/2288 2172/2384/2288 2222/2433/2288 2223/2435/2288
f 2200/2387/2289 2199/2385/2289 2249/2434/2289 2250/2436/2289
f 2174/2388/2290 2173/2386/2290 2223/2435/2290 2224/2437/2290
f 2201/2337/2291 2200/2387/2291 2250/2436/2291 2251/2438/2291
f 2175/2339/2292 2174/2388/2292 2224/2437/2292 2225/2439/2292
f 2202/2338/2293 2201/2337/2293 2251/2438/2293 2252/2440/2293
f 2176/2340/2294 2175/2339/2294 2225/2439/2294 2226/2389/2294
f 2203/2341/2295 2202/2338/2295 2252/2440/2295 2253/2391/2295
f 2255/2394/2296 2254/2392/2296 2304/2441/2296 2305/2442/2296
f 2229/2395/2297 2228/2393/2297 2278/2443/2297 2279/2444/2297
f 2256/2396/2298 2255/2394/2298 2305/2442/2298 2306/2445/2298
f 2230/2397/2299 2229/2395/2299 2279/2444/2299 2280/2446/2299
f 2257/2398/2300 2256/2396/2300 2306/2445/2300 2307/2447/2300
f 2231/2399/2301 2230/2397/2301 2280/2446/2301 2281/2448/2301
f 2258/2400/2302 2257/2398/2302 2307/2447/2302 2308/2449/2302
f 2232/2401/2303 2231/2399/2303 2281/2448/2303 2282/2450/2303
f 2259/2402/2304 2258/2400/2304 2308/2449/2304 2309/2451/2304
f 2233/2403/2305 2232/2401/2305 2282/2450/2305 2283/2452/2305
f 2260/2404/2306 2259/2402/2306 2309/2451/2306 2310/2453/2306
f 2234/2405/2307 2233/2403/2307 2283/2452/2307 2284/2454/2307
f 2261/2406/2308 2260/2404/2308 2310/2453/2308 2311/2455/2308
f 2235/2407/2309 2234/2405/2309 2284/2454/2309 2285/2456/2309
f 2262/2408/2310 2261/2406/2310 2311/2455/2310 2312/2457/2310
f 2236/2409/2311 2235/2407/2311 2285/2456/2311 2286/2458/2311
f 2263/2410/2312 2262/2408/2312 2312/2457/2312 2313/2459/2312
f 2237/2411/2313 2236/2409/2313 2286/2458/2313 2287/2460/2313
f 2264/2412/2314 2263/2410/2314 2313/2459/2314 2314/2461/2314
f 2238/2413/2315 2237/2411/2315 2287/2460/2315 2288/2462/2315
f 2265/2414/2316 2264/2412/2316 2314/2461/2316 2315/2463/2316
f 2239/2415/2317 2238/2413/2317 2288/2462/2317 2289/2464/2317
f 2266/2416/2318 2265/2414/2318 2315/2463/2318 2316/2465/2318
f 2240/2417/2319 2239/2415/2319 2289/2464/2319 2290/2466/2319
f 2267/2418/2320 2266/2416/2320 2316/2465/2320 2317/2467/2320
f 2241/2419/2321 2240/2417/2321 2290/2466/2321 2291/2468/2321
f 2268/2420/2322 2267/2418/2322 2317/2467/2322 2318/2469/2322
f 2242/2421/2323 2241/2419/2323 2291/2468/2323 2292/2470/2323
f 2269/2422/2324 2268/2420/2324 2318/2469/2324 2319/2471/2324
f 2243/2423/2325 2242/2421/2325 2292/2470/2325 2293/2472/2325
f 1418/2473/2326 2269/2422/2326 2319/2471/2326
f 2244/2425/2327 2243/2423/2327 2293/2472/2327 2294/2474/2327
f 2245/2426/2328 2244/2425/2328 2294/2474/2328 2295/2475/2328
f 2246/2427/2329 2245/2426/2329 2295/2475/2329 2296/2476/2329
f 2220/2429/2330 1469/2477/2330 2270/2478/2330
f 2247/2430/2331 2246/2427/2331 2296/2476/2331 2297/2479/2331
f 2221/2431/2332 2220/2429/2332 2270/2478/2332 2271/2480/2332
f 2248/2432/2333 2247/2430/2333 2297/2479/2333 2298/2481/2333
f 2222/2433/2334 2221/2431/2334 2271/2480/2334 2272/2482/2334
f 2249/2434/2335 2248/2432/2335 2298/2481/2335 2299/2483/2335
f 2223/2435/2336 2222/2433/2336 2272/2482/2336 2273/2484/2336
f 2250/2436/2337 2249/2434/2337 2299/2483/2337 2300/2485/2337
f 2224/2437/2338 2223/2435/2338 2273/2484/2338 2274/2486/2338
f 2251/2438/2339 2250/2436/2339 2300/2485/2339 2301/2487/2339
f 2225/2439/2340 2224/2437/2340 2274/2486/2340 2275/2488/2340
f 2252/2440/2341 2251/2438/2341 2301/2487/2341 2302/2489/2341
f 2226/2389/2342 2225/2439/2342 2275/2488/2342 2276/2490/2342
f 2253/2391/2343 2252/2440/2343 2302/2489/2343 2303/2491/2343
f 2227/2390/2344 2226/2389/2344 2276/2490/2344 2277/2492/2344
f 2254/2392/2345 2253/2391/2345 2303/2491/2345 2304/2441/2345
f 2228/2393/2346 2227/2390/2346 2277/2492/2346 2278/2443/2346
f 2307/2447/2347 2306/2445/2347 2356/2493/2347 2357/2494/2347
f 2281/2448/2348 2280/2446/2348 2330/2495/2348 2331/2496/2348
f 2308/2449/2349 2307/2447/2349 2357/2494/2349 2358/2497/2349
f 2282/2450/2350 2281/2448/2350 2331/2496/2350 2332/2498/2350
f 2309/2451/2351 2308/2449/2351 2358/2497/2351 2359/2499/2351
f 2283/2452/2352 2282/2450/2352 2332/2498/2352 2333/2500/2352
f 2310/2453/2353 2309/2451/2353 2359/2499/2353 2360/2501/2353
f 2284/2454/2354 2283/2452/2354 2333/2500/2354 2334/2502/2354
f 2311/2455/2355 2310/2453/2355 2360/2501/2355 2361/2503/2355
f 2285/2456/2356 2284/2454/2356 2334/2502/2356 2335/2504/2356
f 2312/2457/2357 2311/2455/2357 2361/2503/2357 2362/2505/2357
f 2286/2458/2358 2285/2456/2358 2335/2504/2358 2336/2506/2358
f 2313/2459/2359 2312/2457/2359 2362/2505/2359 2363/2507/2359
f 2287/2460/2360 2286/2458/2360 2336/2506/2360 2337/2508/2360
f 2314/2461/2361 2313/2459/2361 2363/2507/2361 2364/2509/2361
f 2288/2462/2362 2287/2460/2362 2337/2508/2362 2338/2510/2362
f 2315/2463/2363 2314/2461/2363 2364/2509/2363 2365/2511/2363
f 2289/2464/2364 2288/2462/2364 2338/2510/2364 2339/2512/2364
f 2316/2465/2365 2315/2463/2365 2365/2511/2365 2366/2513/2365
f 2290/2466/2366 2289/2464/2366 2339/2512/2366 2340/2514/2366
f 2317/2467/2367 2316/2465/2367 2366/2513/2367 2367/2515/2367
f 2291/2468/2368 2290/2466/2368 2340/2514/2368 2341/2516/2368
f 2318/2469/2369 2317/2467/2369 2367/2515/2369 2368/2517/2369
f 2292/2470/2370 2291/2468/2370 2341/2516/2370 2342/2518/2370
f 2319/2471/2371 2318/2469/2371 2368/2517/2371 2369/2519/2371
f 2293/2472/2372 2292/2470/2372 2342/2518/2372 2343/2520/2372
f 1418/2521/2373 2319/2471/2373 2369/2519/2373
f 2294/2474/2374 2293/2472/2374 2343/2520/2374 2344/2522/2374
f 2295/2475/2375 2294/2474/2375 2344/2522/2375 2345/2523/2375
f 2296/2476/2376 2295/2475/2376 2345/2523/2376 2346/2524/2376
f 2270/2478/2377 1469/2525/2377 2320/2526/2377
f 2297/2479/2378 2296/2476/2378 2346/2524/2378 2347/2527/2378
f 2271/2480/2379 2270/2478/2379 2320/2526/2379 2321/2528/2379
f 2298/2481/2380 2297/2479/2380 2347/2527/2380 2348/2529/2380
f 2272/2482/2381 2271/2480/2381 2321/2528/2381 2322/2530/2381
f 2299/2483/2382 2298/2481/2382 2348/2529/2382 2349/2531/2382
f 2273/2484/2383 2272/2482/2383 2322/2530/2383 2323/2532/2383
f 2300/2485/2384 2299/2483/2384 2349/2531/2384 2350/2533/2384
f 2274/2486/2385 2273/2484/2385 2323/2532/2385 2324/2534/2385
f 2301/2487/2386 2300/2485/2386 2350/2533/2386 2351/2535/2386
f 2275/2488/2387 2274/2486/2387 2324/2534/2387 2325/2536/2387
f 2302/2489/2388 2301/2487/2388 2351/2535/2388 2352/2537/2388
f 2276/2490/2389 2275/2488/2389 2325/2536/2389 2326/2538/2389
f 2303/2491/2390 2302/2489/2390 2352/2537/2390 2353/2539/2390
f 2277/2492/2391 2276/2490/2391 2326/2538/2391 2327/2540/2391
f 2304/2441/2392 2303/2491/2392 2353/2539/2392 2354/2541/2392
f 2278/2443/2393 2277/2492/2393 2327/2540/2393 2328/2542/2393
f 2305/2442/2394 2304/2441/2394 2354/2541/2394 2355/2543/2394
f 2279/2444/2395 2278/2443/2395 2328/2542/2395 2329/2544/2395
f 2306/2445/2396 2305/2442/2396 2355/2543/2396 2356/2493/2396
f 2280/2446/2397 2279/2444/2397 2329/2544/2397 2330/2495/2397
f 2359/2499/2398 2358/2497/2398 2408/2545/2398 2409/2546/2398
f 2333/2500/2399 2332/2498/2399 2382/2547/2399 2383/2548/2399
f 2360/2501/2400 2359/2499/2400 2409/2546/2400 2410/2549/2400
f 2334/2502/2401 2333/2500/2401 2383/2548/2401 2384/2550/2401
f 2361/2503/2402 2360/2501/2402 2410/2549/2402 2411/2551/2402
f 2335/2504/2403 2334/2502/2403 2384/2550/2403 2385/2552/2403
f 2362/2505/2404 2361/2503/2404 2411/2551/2404 2412/2553/2404
f 2336/2506/2405 2335/2504/2405 2385/2552/2405 2386/2554/2405
f 2363/2507/2406 2362/2505/2406 2412/2553/2406 2413/2555/2406
f 2337/2508/2407 2336/2506/2407 2386/2554/2407 2387/2556/2407
f 2364/2509/2408 2363/2507/2408 2413/2555/2408 2414/2557/2408
f 2338/2510/2409 2337/2508/2409 2387/2556/2409 2388/2558/2409
f 2365/2511/2410 2364/2509/2410 2414/2557/2410 2415/2559/2410
f 2339/2512/2411 2338/2510/2411 2388/2558/2411 2389/2560/2411
f 2366/2513/2412 2365/2511/2412 2415/2559/2412 2416/2561/2412
f 2340/2514/2413 2339/2512/2413 2389/2560/2413 2390/2562/2413
f 2367/2515/2414 2366/2513/2414 2416/2561/2414 2417/2563/2414
f 2341/2516/2415 2340/2514/2415 2390/2562/2415 2391/2564/2415
f 2368/2517/2416 2367/2515/2416 2417/2563/2416 2418/2565/2416
f 2342/2518/2417 2341/2516/2417 2391/2564/2417 2392/2566/2417
f 2369/2519/2418 2368/2517/2418 2418/2565/2418 2419/2567/2418
f 2343/2520/2419 2342/2518/2419 2392/2566/2419 2393/2568/2419
f 1418/2569/2420 2369/2519/2420 2419/2567/2420
f 2344/2522/2421 2343/2520/2421 2393/2568/2421 2394/2570/2421
f 2345/2523/2422 2344/2522/2422 2394/2570/2422 2395/2571/2422
f 2346/2524/2423 2345/2523/2423 2395/2571/2423 2396/2572/2423
f 2320/2526/2424 1469/2573/2424 2370/2574/2424
f 2347/2527/2425 2346/2524/2425 2396/2572/2425 2397/2575/2425
f 2321/2528/2426 2320/2526/2426 2370/2574/2426 2371/2576/2426
f 2348/2529/2427 2347/2527/2427 2397/2575/2427 2398/2577/2427
f 2322/2530/2428 2321/2528/2428 2371/2576/2428 2372/2578/2428
f 2349/2531/2429 2348/2529/2429 2398/2577/2429 2399/2579/2429
f 2323/2532/2430 2322/2530/2430 2372/2578/2430 2373/2580/2430
f 2350/2533/2431 2349/2531/2431 2399/2579/2431 2400/2581/2431
f 2324/2534/2432 2323/2532/2432 2373/2580/2432 2374/2582/2432
f 2351/2535/2433 2350/2533/2433 2400/2581/2433 2401/2583/2433
f 2325/2536/2434 2324/2534/2434 2374/2582/2434 2375/2584/2434
f 2352/2537/2435 2351/2535/2435 2401/2583/2435 2402/2585/2435
f 2326/2538/2436 2325/2536/2436 2375/2584/2436 2376/2586/2436
f 2353/2539/2437 2352/2537/2437 2402/2585/2437 2403/2587/2437
f 2327/2540/2438 2326/2538/2438 2376/2586/2438 2377/2588/2438
f 2354/2541/2439 2353/2539/2439 2403/2587/2439 2404/2589/2439
f 2328/2542/2440 2327/2540/2440 2377/2588/2440 2378/2590/2440
f 2355/2543/2441 2354/2541/2441 2404/2589/2441 2405/2591/2441
f 2329/2544/2442 2328/2542/2442 2378/2590/2442 2379/2592/2442
f 2356/2493/2443 2355/2543/2443 2405/2591/2443 2406/2593/2443
f 2330/2495/2444 2329/2544/2444 2379/2592/2444 2380/2594/2444
f 2357/2494/2445 2356/2493/2445 2406/2593/2445 2407/2595/2445
f 2331/2496/2446 2330/2495/2446 2380/2594/2446 2381/2596/2446
f 2358/2497/2447 2357/2494/2447 2407/2595/2447 2408/2545/2447
f 2332/2498/2448 2331/2496/2448 2381/2596/2448 2382/2547/2448
f 1418/2597/2449 2419/2567/2449 2469/2598/2449
f 2394/2570/2450 2393/2568/2450 2443/2599/2450 2444/2600/2450
f 2385/2552/2451 2384/2550/2451 2434/2601/2451 2435/2602/2451
f 2395/2571/2452 2394/2570/2452 2444/2600/2452 2445/2603/2452
f 2386/2554/2453 2385/2552/2453 2435/2602/2453 2436/2604/2453
f 2396/2572/2454 2395/2571/2454 2445/2603/2454 2446/2605/2454
f 2387/2556/2455 2386/2554/2455 2436/2604/2455 2437/2606/2455
f 2397/2575/2456 2396/2572/2456 2446/2605/2456 2447/2607/2456
f 2388/2558/2457 2387/2556/2457 2437/2606/2457 2438/2608/2457
f 2398/2577/2458 2397/2575/2458 2447/2607/2458 2448/2609/2458
f 2389/2560/2459 2388/2558/2459 2438/2608/2459 2439/2610/2459
f 2399/2579/2460 2398/2577/2460 2448/2609/2460 2449/2611/2460
f 2390/2562/2461 2389/2560/2461 2439/2610/2461 2440/2612/2461
f 2400/2581/2462 2399/2579/2462 2449/2611/2462 2450/2613/2462
f 2391/2564/2463 2390/2562/2463 2440/2612/2463 2441/2614/2463
f 2401/2583/2464 2400/2581/2464 2450/2613/2464 2451/2615/2464
f 2402/2585/2465 2401/2583/2465 2451/2615/2465 2452/2616/2465
f 2403/2587/2466 2402/2585/2466 2452/2616/2466 2453/2617/2466
f 2404/2589/2467 2403/2587/2467 2453/2617/2467 2454/2618/2467
f 2405/2591/2468 2404/2589/2468 2454/2618/2468 2455/2619/2468
f 2370/2574/2469 1469/2620/2469 2420/2621/2469
f 2406/2593/2470 2405/2591/2470 2455/2619/2470 2456/2622/2470
f 2371/2576/2471 2370/2574/2471 2420/2621/2471 2421/2623/2471
f 2407/2595/2472 2406/2593/2472 2456/2622/2472 2457/2624/2472
f 2372/2578/2473 2371/2576/2473 2421/2623/2473 2422/2625/2473
f 2408/2545/2474 2407/2595/2474 2457/2624/2474 2458/2626/2474
f 2373/2580/2475 2372/2578/2475 2422/2625/2475 2423/2627/2475
f 2409/2546/2476 2408/2545/2476 2458/2626/2476 2459/2628/2476
f 2374/2582/2477 2373/2580/2477 2423/2627/2477 2424/2629/2477
f 2410/2549/2478 2409/2546/2478 2459/2628/2478 2460/2630/2478
f 2375/2584/2479 2374/2582/2479 2424/2629/2479 2425/2631/2479
f 2411/2551/2480 2410/2549/2480 2460/2630/2480 2461/2632/2480
f 2376/2586/2481 2375/2584/2481 2425/2631/2481 2426/2633/2481
f 2412/2553/2482 2411/2551/2482 2461/2632/2482 2462/2634/2482
f 2377/2588/2483 2376/2586/2483 2426/2633/2483 2427/2635/2483
f 2413/2555/2484 2412/2553/2484 2462/2634/2484 2463/2636/2484
f 2378/2590/2485 2377/2588/2485 2427/2635/2485 2428/2637/2485
f 2414/2557/2486 2413/2555/2486 2463/2636/2486 2464/2638/2486
f 2379/2592/2487 2378/2590/2487 2428/2637/2487 2429/2639/2487
f 2415/2559/2488 2414/2557/2488 2464/2638/2488 2465/2640/2488
f 2380/2594/2489 2379/2592/2489 2429/2639/2489 2430/2641/2489
f 2416/2561/2490 2415/2559/2490 2465/2640/2490 2466/2642/2490
f 2381/2596/2491 2380/2594/2491 2430/2641/2491 2431/2643/2491
f 2417/2563/2492 2416/2561/2492 2466/2642/2492 2467/2644/2492
f 2382/2547/2493 2381/2596/2493 2431/2643/2493 2432/2645/2493
f 2418/2565/2494 2417/2563/2494 2467/2644/2494 2468/2646/2494
f 2392/2566/2495 2391/2564/2495 2441/2614/2495 2442/2647/2495
f 2383/2548/2496 2382/2547/2496 2432/2645/2496 2433/2648/2496
f 2419/2567/2497 2418/2565/2497 2468/2646/2497 2469/2598/2497
f 2393/2568/2498 2392/2566/2498 2442/2647/2498 2443/2599/2498
f 2384/2550/2499 2383/2548/2499 2433/2648/2499 2434/2601/2499
f 2446/2605/2500 2445/2603/2500 9/100/2500 2487/2/2500
f 2420/2621/2501 1469/2649/2501 1/6/2501
f 2447/2607/2502 2446/2605/2502 2487/2/2502 10/1/2502
f 2421/2623/2503 2420/2621/2503 1/6/2503 2/5/2503
f 2448/2609/2504 2447/2607/2504 10/1/2504 2488/9/2504
f 2422/2625/2505 2421/2623/2505 2/5/2505 2470/11/2505
f 2449/2611/2506 2448/2609/2506 2488/9/2506 11/13/2506
f 2423/2627/2507 2422/2625/2507 2470/11/2507 2471/15/2507
f 2450/2613/2508 2449/2611/2508 11/13/2508 2489/17/2508
f 2424/2629/2509 2423/2627/2509 2471/15/2509 2472/19/2509
f 2451/2615/2510 2450/2613/2510 2489/17/2510 2490/21/2510
f 2425/2631/2511 2424/2629/2511 2472/19/2511 2473/23/2511
f 2452/2616/2512 2451/2615/2512 2490/21/2512 2491/25/2512
f 2426/2633/2513 2425/2631/2513 2473/23/2513 2474/27/2513
f 2453/2617/2514 2452/2616/2514 2491/25/2514 2492/29/2514
f 2427/2635/2515 2426/2633/2515 2474/27/2515 2475/31/2515
f 2454/2618/2516 2453/2617/2516 2492/29/2516 2493/33/2516
f 2428/2637/2517 2427/2635/2517 2475/31/2517 2476/35/2517
f 2455/2619/2518 2454/2618/2518 2493/33/2518 2494/37/2518
f 2429/2639/2519 2428/2637/2519 2476/35/2519 3/39/2519
f 2456/2622/2520 2455/2619/2520 2494/37/2520 12/41/2520
f 2430/2641/2521 2429/2639/2521 3/39/2521 4/43/2521
f 2457/2624/2522 2456/2622/2522 12/41/2522 2495/45/2522
f 2431/2643/2523 2430/2641/2523 4/43/2523 2477/47/2523
f 2458/2626/2524 2457/2624/2524 2495/45/2524 2496/49/2524
f 2432/2645/2525 2431/2643/2525 2477/47/2525 2478/51/2525
f 2459/2628/2526 2458/2626/2526 2496/49/2526 13/53/2526
f 2433/2648/2527 2432/2645/2527 2478/51/2527 5/55/2527
f 2460/2630/2528 2459/2628/2528 13/53/2528 14/57/2528
f 2434/2601/2529 2433/2648/2529 5/55/2529 2479/59/2529
f 2461/2632/2530 2460/2630/2530 14/57/2530 2497/61/2530
f 2435/2602/2531 2434/2601/2531 2479/59/2531 2480/63/2531
f 2462/2634/2532 2461/2632/2532 2497/61/2532 2498/65/2532
f 2436/2604/2533 2435/2602/2533 2480/63/2533 2481/67/2533
f 2463/2636/2534 2462/2634/2534 2498/65/2534 2499/69/2534
f 2437/2606/2535 2436/2604/2535 2481/67/2535 6/71/2535
f 2464/2638/2536 2463/2636/2536 2499/69/2536 2500/73/2536
f 2438/2608/2537 2437/2606/2537 6/71/2537 2482/75/2537
f 2465/2640/2538 2464/2638/2538 2500/73/2538 2501/77/2538
f 2439/2610/2539 2438/2608/2539 2482/75/2539 2483/79/2539
f 2466/2642/2540 2465/2640/2540 2501/77/2540 2502/81/2540
f 2440/2612/2541 2439/2610/2541 2483/79/2541 7/83/2541
f 2467/2644/2542 2466/2642/2542 2502/81/2542 15/85/2542
f 2441/2614/2543 2440/2612/2543 7/83/2543 2484/87/2543
f 2468/2646/2544 2467/2644/2544 15/85/2544 16/89/2544
f 2442/2647/2545 2441/2614/2545 2484/87/2545 2485/91/2545
f 2469/2598/2546 2468/2646/2546 16/89/2546 17/93/2546
f 2443/2599/2547 2442/2647/2547 2485/91/2547 2486/95/2547
f 1418/2650/2548 2469/2598/2548 17/93/2548
f 2444/2600/2549 2443/2599/2549 2486/95/2549 8/98/2549
f 2445/2603/2550 2444/2600/2550 8/98/2550 9/100/2550
